theta_deg,mass_kg,fresh_mass_kg,internal_energy_J,work_J,wall_heat_J,pressure_Pa,temperature_K,volume_m3,dV_ddeg_m3,mfuel_per_cycle_kg,p_in_effective_Pa
-30.0,0.0004456866169944365,0.0004252278208700127,256.66201368853166,0.0,0.0,1935755.0925029055,802.0612960049589,5.299911764438814e-05,-8.142171430567041e-07,2.9326056611725016e-05,101325.0
-29.0,0.0004456848744906826,0.00042522615835414204,258.1864953496359,-1.5673759109569911,0.041485471561750274,1977141.1115141585,806.82841112982,5.219793331644823e-05,-7.881334346562386e-07,2.9326056611725016e-05,101325.0
-28.0,0.0004456831002880643,0.0004252244655945114,259.6906908297983,-3.1157374334808043,0.08420866340714768,2018633.0732491256,811.5322270319925,5.142288634211984e-05,-7.61943025604786e-07,2.9326056611725016e-05,101325.0
-27.0,0.0004456812944242171,0.0004252227426270288,261.1722692161204,-4.642753214387095,0.12816898577884644,2060148.9824926774,816.1654597685504,5.0674081650356774e-05,-7.356494616644881e-07,2.9326056611725016e-05,101325.0
-26.0,0.0004456794569992135,0.0004252209895471729,262.6288301009825,-6.146019741358466,0.17336325643782222,2101601.0107387025,820.7206079604446,4.9951620617327755e-05,-7.092563025630076e-07,2.9326056611725016e-05,101325.0
-25.0,0.000445677588179309,0.00042521920651356743,264.0579092694715,-7.623066870521116,0.2197855463588445,2142895.5837875768,825.1899705461736,4.925560105269184e-05,-6.82767121511598e-07,2.9326056611725016e-05,101325.0
-24.0,0.0004456756882005783,0.0004252173937514504,265.45698531491627,-9.071364287270164,0.26742703049623884,2183933.535355949,829.5656674362509,4.8586117186356544e-05,-6.561855047213467e-07,2.9326056611725016e-05,101325.0
-23.0,0.0004456737573723979,0.0004252155515559967,266.82348720729004,-10.488328927050816,0.31627584550277604,2224610.33224815,833.8396631461061,4.79432596557206e-05,-6.295150509176619e-07,2.9326056611725016e-05,101325.0
-22.0,0.0004456717960807256,0.000425213680295447,268.15480282850604,-11.871333372190756,0.3663169563995199,2264816.376041198,838.0037934515381,4.732711549340308e-05,-6.027593708530604e-07,2.9326056611725016e-05,101325.0
-21.0,0.0004456698047911278,0.0004252117804139964,269.4482884762422,-13.217715228587815,0.417532034288573,2304437.385432404,842.0497950721387,4.673776811546061e-05,-5.759220868183307e-07,2.9326056611725016e-05,101325.0
-20.0,0.00044566778405150185,0.0004252098524343916,270.7012793239455,-14.524787472143185,0.4698993472688388,2343354.862381034,845.9693383444074,4.61752973100942e-05,-5.490068321521328e-07,2.9326056611725016e-05,101325.0
-19.0,0.00044566573449444057,0.0004252078969601869,271.9111008092033,-15.789849739409716,0.5233936667520986,2381446.643940799,849.7540627979756,4.563977922684709e-05,-5.220172507491017e-07,2.9326056611725016e-05,101325.0
-18.0,0.00044566365683918434,0.0004252059146776066,273.07508090592034,-17.01020052017689,0.577986191377964,2418587.5402332647,853.3956154960129,4.513128636629547e-05,-4.949569965665232e-07,2.9326056611725016e-05,101325.0
-17.0,0.0004456615518898049,0.0004252039063538124,274.19399169020795,-18.183153823963703,0.6336450674573911,2454680.7502532685,856.8964064298855,4.4649887570232946e-05,-4.678297331296458e-07,2.9326056611725016e-05,101325.0
-16.0,0.0004456594204994323,0.0004252018728027723,275.28237026488324,-19.306090635057245,0.6903417575613485,2489753.4650747646,860.3018633954108,4.419564801235048e-05,-4.406391330356986e-07,2.9326056611725016e-05,101325.0
-15.0,0.0004456572635323967,0.00042519981484914017,276.3582760014418,-20.376501773422913,0.7480576566577695,2523870.005189165,863.6684226815261,4.376862918941299e-05,-4.1338887745667996e-07,2.9326056611725016e-05,101325.0
-14.0,0.00044565508185824554,0.00042519773332254775,277.4398584197308,-21.3919889093082,0.8067850524099218,2557101.7577351397,867.0528033441632,4.336888891293354e-05,-3.860826556409864e-07,2.9326056611725016e-05,101325.0
-13.0,0.00044565287634884933,0.0004251956290548433,278.54534166795196,-22.350260604664243,0.86652748585633,2589526.958152061,870.5119587475373,4.2996481301346745e-05,-3.587241644139465e-07,2.9326056611725016e-05,101325.0
-12.0,0.00044565064787540585,0.00042519350287723305,279.69300344946737,-23.249127231870034,0.9273000781033709,2621230.338298413,874.1030107473457,4.265145677268189e-05,-3.3131710767733087e-07,2.9326056611725016e-05,101325.0
-11.0,0.00044564839730541224,0.00042519135561739263,280.9011484215313,-24.086494773470026,0.9891298192430056,2652302.6371484688,877.8831665935861,4.2333862037737175e-05,-3.0386519590790245e-07,2.9326056611725016e-05,101325.0
-10.0,0.00044564612549967793,0.0004251891880966168,282.18807612842886,-24.86035753315841,1.0520558157647038,2682839.9728214634,881.90961874744,4.204374009375577e-05,-2.7637214565507763e-07,2.9326056611725016e-05,101325.0
-9.0,0.0004456438333094536,0.00042518700112708046,283.5720435728837,-25.568789816159462,1.1161294928314378,2712943.0776264784,886.2394279360109,4.1781130218604805e-05,-2.4884167903776507e-07,2.9326056611725016e-05,101325.0
-8.0,0.00044564152157375124,0.00042518479550928166,285.0712225742988,-26.20993666579136,1.1814147479252641,2742716.4009521403,890.9293899084237,4.154606796545758e-05,-2.2127752324044996e-07,2.9326056611725016e-05,101325.0
-7.0,0.0004456391911169297,0.00042518257202973784,286.70365210960847,-26.782003771597218,1.247988052528782,2772267.088105328,896.0358865043721,4.133858515798048e-05,-1.9368341000859355e-07,2.9326056611725016e-05,101325.0
-6.0,0.00044563684274661366,0.0004251803314590005,288.48718588133227,-27.283246692149618,1.3159384986853133,2801703.846506846,901.6147217988018,4.11587098860243e-05,-1.6606307514341385e-07,2.9326056611725016e-05,101325.0
-5.0,0.00044563447725201057,0.00042517807455004925,290.43943540687656,-27.711959561610882,1.3853677874646333,2831135.713873278,907.72094424101,4.100646650182151e-05,-1.3842025799611847e-07,2.9326056611725016e-05,101325.0
-4.0,0.0004456320954026789,0.0004251758020371168,292.5777089722124,-28.06646347248101,1.4563901565459216,2860670.746037624,914.4086558599089,4.0881875616689294e-05,-1.1075870096165612e-07,2.9326056611725016e-05,101325.0
-3.0,0.0004456296979477916,0.00042517351463498604,294.9189468407713,-28.3450947468384,1.5291322443110806,2890414.644770435,921.7308097563758,4.078495409823912e-05,-8.308214897205615e-08,2.9326056611725016e-05,101325.0
-2.0,0.0004456272856159248,0.0004251712130387886,297.47965315376837,-28.54619332399178,1.6037328880185273,2920469.348248183,929.7389972454735,4.0715715068093116e-05,-5.539434898942492e-08,2.9326056611725016e-05,101325.0
-1.0,0.00044562485911538917,0.0004251688979243208,300.2758250002811,-28.668091503136626,1.6803428538021434,2950931.6085777488,938.4832261430361,4.067416790010761e-05,-2.7699049498666915e-08,2.9326056611725016e-05,101325.0
0.0,0.0004456224191351031,0.00042516656994887693,303.32287917347736,-28.709103284804392,1.7591244964178858,2981891.581943649,948.0116918101699,4.066031821910406e-05,0.0,2.9326056611725016e-05,101325.0
1.0,0.0004456199663459945,0.0004251642297525867,306.6355771627256,-28.667514554235286,1.840251346850508,3013431.457437912,958.3705426734953,4.067416790010761e-05,2.7699049498666915e-08,2.9326056611725016e-05,101325.0
2.0,0.0004456175014028991,0.0004251618779602262,310.227948959405,-28.541574343109964,1.9239076261065358,3045624.1504272674,969.6036420268346,4.0715715068093116e-05,5.539434898942492e-08,2.9326056611725016e-05,101325.0
3.0,0.00044561502494690967,0.00042515951518345946,314.1132162767072,-28.329487393360722,2.0102876837705828,3078532.0854015127,981.7523279903774,4.078495409823912e-05,8.308214897205615e-08,2.9326056611725016e-05,101325.0
4.0,0.00044561253760811673,0.0004251571420234534,318.3037158003923,-28.02940822827218,2.0995953602046216,3112206.091653199,994.855173555563,4.0881875616689294e-05,1.1075870096165612e-07,2.9326056611725016e-05,101325.0
5.0,0.000445610040008669,0.0004251547590737976,322.81082309830845,-27.639436912198843,2.1920432716378073,3146684.4329115907,1008.9477486779227,4.100646650182151e-05,1.3842025799611847e-07,2.9326056611725016e-05,101325.0
6.0,0.0004456075327660729,0.00042515236692365247,327.64487782163604,-27.157616651579517,2.287852017839975,3181991.9892689553,1024.0623863963342,4.11587098860243e-05,1.6606307514341385e-07,2.9326056611725016e-05,101325.0
7.0,0.00044560501649664375,0.00042514996616104195,332.8151108305413,-26.58193335728246,2.3872493126040832,3218139.60649131,1040.227954956383,4.133858515798048e-05,1.9368341000859355e-07,2.9326056611725016e-05,101325.0
8.0,0.00044560249181901755,0.00042514755737620423,338.329573871589,-25.910317252562507,2.4904690378865846,3255123.6242125556,1057.4696378989734,4.154606796545758e-05,2.2127752324044996e-07,2.9326056611725016e-05,101325.0
9.0,0.000445599959357632,0.0004251451411649128,344.19507242431393,-25.140646573033877,2.5977502231700647,3292925.5906945094,1075.8087240443397,4.1781130218604805e-05,2.4884167903776507e-07,2.9326056611725016e-05,101325.0
10.0,0.00044559741974608814,0.00042514271813168394,350.41710232027225,-24.270753366088798,2.7093359524142775,3331512.1679246044,1095.26240925773,4.204374009375577e-05,2.7637214565507763e-07,2.9326056611725016e-05,101325.0
11.0,0.00044559487363030883,0.00042514028889278997,356.99979072016936,-23.298431358158375,2.825472201839357,3370835.2269448317,1115.8436118277607,4.2333862037737175e-05,3.0386519590790245e-07,2.9326056611725016e-05,101325.0
12.0,0.000445592321671419,0.0004251378540790076,363.9458420137536,-22.221445820120433,2.9464066127230755,3410832.1295794244,1137.5608032232042,4.265145677268189e-05,3.3131710767733087e-07,2.9326056611725016e-05,101325.0
13.0,0.0004455897645482822,0.0004251354143380378,371.2564891834686,-21.037545324941593,3.072387204372899,3451426.189261209,1160.4178559200363,4.2996481301346745e-05,3.587241644139465e-07,2.9326056611725016e-05,101325.0
14.0,0.000445587202959639,0.00042513297033654624,378.9314511466931,-19.744475258129587,3.2036610334304854,3492527.3005381045,1184.4139099089161,4.336888891293354e-05,3.860826556409864e-07,2.9326056611725016e-05,101325.0
15.0,0.000445584637625807,0.000425130522761785,386.9688965629795,-18.339992911473356,3.3404728066564164,3534032.7241416043,1209.5432594045456,4.376862918941299e-05,4.1338887745667996e-07,2.9326056611725016e-05,101325.0
16.0,0.00044558206928991276,0.00042512807232276815,395.3654145621489,-16.821883964428398,3.483063455300958,3575828.0122684715,1235.7952611829928,4.419564801235048e-05,4.406391330356986e-07,2.9326056611725016e-05,101325.0
17.0,0.00044557949871864156,0.00042512561975098707,404.1159928164104,-15.187980135777499,3.631668680067522,3617788.0569924847,1263.154265870971,4.4649887570232946e-05,4.678297331296458e-07,2.9326056611725016e-05,101325.0
18.0,0.00044557692670250097,0.00042512316580066184,413.21400334475805,-13.436177771125019,3.786517476496028,3659778.243492855,1291.599573402031,4.513128636629547e-05,4.949569965665232e-07,2.9326056611725016e-05,101325.0
19.0,0.0004455743540556076,0.00042512071124853795,422.6511964005726,-11.564457119481109,3.947830651312671,3701655.6890480574,1321.1054137380547,4.563977922684709e-05,5.220172507491017e-07,2.9326056611725016e-05,101325.0
20.0,0.0004455717816150156,0.0004251182568932454,432.4177027533855,-9.57090204463921,4.11581934089316,3743270.548471132,1351.6409538295488,4.61752973100942e-05,5.490068321521328e-07,2.9326056611725016e-05,101325.0
21.0,0.00044556921023961444,0.0004251158035542471,442.5020446328511,-7.453719914102997,4.290683543454136,3784467.366813989,1383.1703316541855,4.673776811546061e-05,5.759220868183307e-07,2.9326056611725016e-05,101325.0
22.0,0.000445566640808631,0.00042511335207041,452.89115555683424,-5.211261409731677,4.47261067691203,3825086.4606938227,1415.652718028854,4.732711549340308e-05,6.027593708530604e-07,2.9326056611725016e-05,101325.0
23.0,0.00044556407421977656,0.0004251109032982369,463.5704092158689,-2.8420400097164005,4.661774174523321,3864965.310437443,1449.0424067353047,4.79432596557206e-05,6.295150509176619e-07,2.9326056611725016e-05,101325.0
24.0,0.0004455615113870832,0.00042510845810980204,474.52365753283937,-0.3447509005844611,4.858332130442031,3903939.9463393865,1483.288933332552,4.8586117186356544e-05,6.561855047213467e-07,2.9326056611725016e-05,101325.0
25.0,0.0004455589532384758,0.00042510601739043487,485.73327795941907,2.281710909781011,5.062426007199187,3941846.3136269376,1518.337222850024,4.925560105269184e-05,6.82767121511598e-07,2.9326056611725016e-05,101325.0
26.0,0.0004455564007131282,0.00042510358203619737,497.1802300094938,5.03823349207639,5.274179416827856,3978521.60216185,1554.1277663637786,4.9951620617327755e-05,7.092563025630076e-07,2.9326056611725016e-05,101325.0
27.0,0.00044555385475865064,0.00042510115295120074,508.8441209645442,7.925472105108865,5.493696986931134,4013805.52843082,1590.5968262540757,5.0674081650356774e-05,7.356494616644881e-07,2.9326056611725016e-05,101325.0
28.0,0.0004455513163281549,0.0004250987310448051,520.7032806169337,10.94383469240261,5.7210633224262875,4047541.558936979,1627.6766697267697,5.142288634211984e-05,7.61943025604786e-07,2.9326056611725016e-05,101325.0
29.0,0.00044554878637724076,0.00042509631722874444,532.7348448445595,14.093468922800799,5.9563420730044845,4079578.0656611347,1665.2958299542775,5.219793331644823e-05,7.881334346562386e-07,2.9326056611725016e-05,101325.0
30.0,0.0004455462658609453,0.00042509391241421577,544.9148477348241,17.374250910439628,6.1995751155320615,4109769.405780452,1703.3793939557893,5.299911764438814e-05,8.142171430567041e-07,2.9326056611725016e-05,101325.0
31.0,0.00044554375573069223,0.0004250915175089687,557.2183218979945,20.785775727314466,6.450781859696511,4137976.9192863293,1741.84931609276,5.3826330858406606e-05,8.401906194896006e-07,2.9326056611725016e-05,101325.0
32.0,0.00044554125693127555,0.00042508913341442726,569.6194065304514,24.327349799229577,6.709958684179802,4164069.839512739,1780.6247558068762,5.467946096707608e-05,8.6605034756199e-07,2.9326056611725016e-05,101325.0
33.0,0.0004455387703979072,0.0004250867610228736,582.0914627080012,27.99798525352203,6.977078509535076,4187926.1128573474,1819.6224379764253,5.55583924702363e-05,8.917928262806417e-07,2.9326056611725016e-05,101325.0
34.0,0.0004455362970533551,0.0004250844012147169,594.6071953092944,31.796396264839647,7.252090512762633,4209433.125142518,1858.7570340163304,5.6463006374631323e-05,9.174145705260105e-07,2.9326056611725016e-05,101325.0
35.0,0.0004455338378051936,0.0004250820548558701,607.1387808905776,35.720997423658226,7.534919987340083,4228488.3331189165,1897.941561600572,5.739318021001905e-05,9.429121115240661e-07,2.9326056611725016e-05,101325.0
36.0,0.0004455313935431843,0.0004250797227952512,619.6580007566715,39.76990413133726,7.825468351172881,4244999.800561475,1937.0878006468747,5.834878804575202e-05,9.682819973159102e-07,2.9326056611725016e-05,101325.0
37.0,0.0004455289651368027,0.00042507740586242336,632.136378400447,43.94093500549767,8.1236133036085,4258886.639250618,1976.1067229763478,5.932970050782613e-05,9.935207932251153e-07,2.9326056611725016e-05,101325.0
38.0,0.00044552655343292207,0.00042507510486538495,644.5453204154253,48.231616260494725,8.42920913131413,4270079.35587659,2014.9089328490884,6.033578479639604e-05,1.0186250823227266e-06,2.9326056611725016e-05,101325.0
39.0,0.0004455241592536625,0.0004250728205885175,656.8562599247316,52.63918800986673,8.742087161467945,4278520.106560035,2053.4051153846185,6.136690470375396e-05,1.0435914658898574e-06,2.9326056611725016e-05,101325.0
40.0,0.000445521783394412,0.0004250705537906976,669.0408015157204,57.160612420956106,9.062056359372093,4284162.861255813,2091.5064897072866,6.242292063277015e-05,1.0684165638778222e-06,2.9326056611725016e-05,101325.0
41.0,0.0004455194266220224,0.0004250683052035754,681.0708666243612,61.79258363650084,9.388904066275808,4286973.480808949,2129.1252635151804,6.350368961579201e-05,1.0930970153657423e-06,2.9326056611725016e-05,101325.0
42.0,0.0004455170896731814,0.00042506607553002173,692.9188382780401,66.5315393639415,9.722396871914027,4286929.709869751,2166.175085660117,6.460906533399965e-05,1.1176294790155594e-06,2.9326056611725016e-05,101325.0
43.0,0.0004455147732529613,0.0004250638654427433,704.5577040808022,71.37367402053219,10.062281615034891,4284021.089258455,2202.571493249088,6.573889813721518e-05,1.142010633524399e-06,2.9326056611725016e-05,101325.0
44.0,0.00044551247803354164,0.0004250616755830638,715.9611963121057,76.31495331112266,10.408286504022515,4278248.791704971,2238.232349736867,6.689303506416286e-05,1.1662371780742222e-06,2.9326056611725016e-05,101325.0
45.0,0.00044551020465310293,0.0004250595065598688,727.1039280096044,81.35113010572455,10.760122348633148,4269625.385183176,2273.078270477577,6.807131986317767e-05,1.1903058327787045e-06,2.9326056611725016e-05,101325.0
46.0,0.00044550795371488803,0.0004250573589487099,737.9615239188666,86.47776147570994,11.117483892866279,4258174.528316892,2307.0330322416053,6.927359301335924e-05,1.214213339127279e-06,2.9326056611725016e-05,101325.0
47.0,0.00044550572578642533,0.0004250552332910637,748.5107452186205,91.69022674073126,11.480051238099474,4243930.602560189,2340.023963284394,7.049969174616842e-05,1.2379564604262847e-06,2.9326056611725016e-05,101325.0
48.0,0.00044550352139890905,0.00042505313009374036,758.7296069692377,96.98374637320477,11.847491344838,4226938.286051113,2371.982310675828,7.174945006746365e-05,1.261531982237167e-06,2.9326056611725016e-05,101325.0
49.0,0.00044550134104673025,0.00042505104982843654,768.5974872846472,102.35340160346648,12.219459600777244,4207252.074207291,2402.8435817629015,7.302269877997372e-05,1.2849367128116587e-06,2.9326056611725016e-05,101325.0
50.0,0.0004454991851871527,0.0004250489929314257,778.0952272934077,107.79415456648002,12.595601442356175,4184935.752274988,2432.5478568431513,7.431926550620452e-05,1.308167483523892e-06,2.9326056611725016e-05,101325.0
51.0,0.00044549705424012665,0.00042504695980338076,787.2052210327292,113.30086883023341,12.97555401660015,4160061.825160602,2461.040070370323,7.563897471177619e-05,1.3312211492993783e-06,2.9326056611725016e-05,101325.0
52.0,0.00044549494858823444,0.000425044950809322,795.9114945090665,118.86833014667945,13.358947869816227,4132710.9099646453,2488.270258294569,7.698164772918747e-05,1.3540945890408048e-06,2.9326056611725016e-05,101325.0
53.0,0.000445492868576761,0.0004250429662786843,804.1997732595344,124.49126726821426,13.745408649616845,4102971.096702063,2514.1937694540093,7.834710278200478e-05,1.3767847060505781e-06,2.9326056611725016e-05,101325.0
54.0,0.00044549081451388244,0.0004250410065054973,812.0575378586352,130.16437267620404,14.134558806808979,4070937.282728384,2538.7714392792036,7.973515500947148e-05,1.3992884284500666e-06,2.9326056611725016e-05,101325.0
55.0,0.00044548878667096677,0.00042503907174867216,819.4740669332747,135.88232307290116,14.526019283894641,4036710.4863966834,2561.969724442478,8.114561649153524e-05,1.4216027095954869e-06,2.9326056611725016e-05,101325.0
56.0,0.0004454867852829796,0.0004250371622323886,826.4404673742273,141.63979949416768,14.919411177281466,4000397.1454448844,2583.760797475524,8.257829627428944e-05,1.443724528490368e-06,2.9326056611725016e-05,101325.0
57.0,0.00044548481054898856,0.00042503527814657634,832.9496915624212,147.4315069076664,15.314357360793501,3962108.405554665,2604.1226007858218,8.403300039582507e-05,1.4656508901945473e-06,2.9326056611725016e-05,101325.0
58.0,0.0004454828626327607,0.00042503341964748474,838.9965415618359,153.25219316949423,15.710484058694897,3921959.4044313203,2623.0388599196476,8.550953191249034e-05,1.487378826229637e-06,2.9326056611725016e-05,101325.0
59.0,0.0004454809416634456,0.000425031586858335,844.5776603655618,159.0966672215162,16.107422357183303,3880068.556627555,2640.4990563408683,8.700769092555348e-05,1.5089053949809077e-06,2.9326056611725016e-05,101325.0
60.0,0.00044547904773633933,0.00042502977987004864,849.6915104157274,164.95981642180175,16.50480964416424,3836556.8441728125,2656.498360414243,8.852727460826598e-05,1.5302276820955383e-06,2.9326056611725016e-05,101325.0
61.0,0.0004454771809137222,0.00042502799874204715,854.3383397495984,170.8366229114423,16.90229096806964,3791547.117873696,2671.0375256935395,9.006807723332192e-05,1.5513428008771703e-06,2.9326056611725016e-05,101325.0
62.0,0.0004454753412257655,0.00042502624350311677,858.5201362512678,176.72217893251852,17.299520307518932,3745163.413920717,2684.122746012332,9.162989020071035e-05,1.5722478926767216e-06,2.9326056611725016e-05,101325.0
63.0,0.0004454735286715004,0.0004250245141523331,862.2405706091216,182.6117010239465,17.696161744724012,3697530.2901734044,2695.76547725306,9.321250206595621e-05,1.592940127279401e-06,2.9326056611725016e-05,101325.0
64.0,0.0004454717432198441,0.00042502281066004023,865.5049286918877,188.5005430342317,18.091890536694127,3648772.186201261,2705.9822260222213,9.481569856874665e-05,1.6134167032878745e-06,2.9326056611725016e-05,101325.0
65.0,0.0004454699848106774,0.0004250211329688787,868.3200341589273,194.38420790265315,18.486394079486274,3599012.810834613,2714.794307781259,9.643926266193845e-05,1.6336748485015305e-06,2.9326056611725016e-05,101325.0
66.0,0.00044546825335596796,0.0004250194809948571,870.6941622120078,200.25835817294862,18.879372761954198,3548374.560629857,2722.227577269239,9.808297454094253e-05,1.6537118202917895e-06,2.9326056611725016e-05,101325.0
67.0,0.0004454665487409342,0.0004250178546284629,872.6369454748094,206.11882521603428,19.270540706657645,3496977.9722811817,2728.3121343005714,9.974661167348235e-05,1.6735249059734132e-06,2.9326056611725016e-05,101325.0
68.0,0.0004454648708252439,0.00042501625373580565,874.1592730517915,211.96161715053157,19.659626396786603,3444941.2116195452,2733.082008225596,0.00010142994882972079,1.6931114231717596e-06,2.9326056611725016e-05,101325.0
69.0,0.00044546321944424256,0.0004250146781597891,875.273183868919,217.7829254617605,20.046373189117045,3392379.6014332534,2736.574824501072,0.000103132758112753,1.7124687201859307e-06,2.9326056611725016e-05,101325.0
70.0,0.0004454615944102062,0.0004250131277213066,875.9917554345539,223.57913033126673,20.430539714130333,3339405.189927861,2738.831456929688,0.0001048548089894598,1.7315941763477734e-06,2.9326056611725016e-05,101325.0
71.0,0.000445459995513613,0.0004250116022204542,876.3289891791982,229.34680469976445,20.811900165484253,3286126.361220411,2739.895669191576,0.00010659586832171826,1.7504852023766755e-06,2.9326056611725016e-05,101325.0
72.0,0.0004454584225244293,0.00042501010143775774,876.2996935376971,235.08271709649458,21.190244482007362,3232647.488839475,2739.8137493063227,0.0001083557003979648,1.76913924073011e-06,2.9326056611725016e-05,101325.0
73.0,0.0004454568751934041,0.0004250086251354078,875.9193659271594,240.78383327732493,21.56537842628941,3179068.6327825747,2738.6341406317383,0.00011013406696510695,1.7875537659498892e-06,2.9326056611725016e-05,101325.0
74.0,0.00044545535325336746,0.00042500717305849866,875.2040747487151,246.44731672237637,21.93712356475007,3125485.2802712787,2736.40707292711,0.00011193072726077867,1.8057262850040699e-06,2.9326056611725016e-05,101325.0
75.0,0.00044545385642052836,0.0004250057449362664,874.1703425020021,252.07052805148135,22.305317154779036,3071988.129946132,2733.1841968861672,0.00011374543804593606,1.8236543376244685e-06,2.9326056611725016e-05,101325.0
76.0,0.00044545238439576613,0.0004250043404833211,872.8350310489234,257.65102342231876,22.66981194514774,3018662.91886301,2729.0182253813027,0.00011557795363778783,1.8413354966397444e-06,2.9326056611725016e-05,101325.0
77.0,0.0004454509368659119,0.0004250029594008697,871.2152299988834,263.18655198158643,23.03047589639313,2965590.2912936322,2723.962584459587,0.00011742802594305691,1.8587673683039983e-06,2.9326056611725016e-05,101325.0
78.0,0.000445449513505015,0.0004250016013779239,869.3281491127411,268.67505244404873,23.38719182826602,2912845.707999439,2718.071076896693,0.00011929540449156814,1.8759475926208478e-06,2.9326056611725016e-05,101325.0
79.0,0.0004454481139755901,0.0004250002660924904,867.1910155386018,274.1146488777308,23.739857001620706,2860499.394343209,2711.3975608519154,0.00012117983647015826,1.8928738436629333e-06,2.9326056611725016e-05,101325.0
80.0,0.0004454467379298415,0.00042499895321273856,864.8209766009113,279.5036457759285,24.088382642301703,2808616.3253294304,2703.9956458808924,0.00012308106675690245,1.9095438298868115e-06,2.9326056611725016e-05,101325.0
81.0,0.0004454453850108592,0.0004249976623981421,862.2350087668112,284.84052249809275,24.432693414660527,2757256.2454247246,2695.9184082577804,0.00012499883795565384,1.9259552944431927e-06,2.9326056611725016e-05,101325.0
82.0,0.00044544405485378533,0.0004249963933005916,859.4498333121084,290.1239271620647,24.772726852316758,2706473.720805329,2687.218127240947,0.0001269328904308909,1.9421060154824826e-06,2.9326056611725016e-05,101325.0
83.0,0.00044544274708694547,0.0004249951455654739,856.4818391052464,295.352670069632,25.108432753668843,2656318.221510852,2677.9460435911615,0.0001288829623428679,1.9579938064555867e-06,2.9326056611725016e-05,101325.0
84.0,0.0004454414613329428,0.0004249939188327162,853.3470128230854,300.52571674601194,25.43977254946932,2606834.2308526994,2668.152141324242,0.00013084878968306374,1.9736165164099295e-06,2.9326056611725016e-05,101325.0
85.0,0.000445440197209712,0.0004249927127377916,850.0608768087559,305.6421806717072,25.766718649514566,2558061.379331726,2657.8849533563584,0.0001328301063099246,1.988972030280665e-06,2.9326056611725016e-05,101325.0
86.0,0.00044543895433153067,0.00042499152691268373,846.6384346809513,310.70131578230774,26.089253775169933,2510034.6002622102,2647.1913913846406,0.0001348266439848952,2.0040582691770194e-06,2.9326056611725016e-05,101325.0
87.0,0.00044543773230998525,0.00042499036098680895,843.0941247072054,315.702508808308,26.40737028406666,2462784.304276917,2636.1166000430007,0.00013683813240873398,2.0188731906637395e-06,2.9326056611725016e-05,101325.0
88.0,0.0004454365307548907,0.00042498921458789316,839.4417808623122,320.6452715229599,26.721069492876723,2416336.569899358,2624.7038350872544,0.00013886429925810724,2.033414789037605e-06,2.9326056611725016e-05,101325.0
89.0,0.00044543534927516125,0.000424988087342803,835.694601408222,325.52923296168194,27.03036100360587,2370713.3474121327,2612.994365098365,0.00014090487022245756,2.047681095598972e-06,2.9326056611725016e-05,101325.0
90.0,0.000445434187479632,0.00042498697887832966,831.865124754488,330.3541316716782,27.335262038352386,2325932.6733221957,2601.0273959510055,0.0001429595690411408,2.0616701789183003e-06,2.9326056611725016e-05,101325.0
91.0,0.00044543304497782985,0.0004249858888219242,827.9652122894164,335.1198080452867,27.635796786969397,2282008.8928220696,2588.840017079075,0.0001450281175408276,2.075380145097639e-06,2.9326056611725016e-05,101325.0
92.0,0.00044543192138069346,0.0004249848168023849,824.0060378120935,339.8261967852538,27.93199577154984,2238952.88776759,2576.467168382204,0.00014711023567316346,2.0888091380270302e-06,2.9326056611725016e-05,101325.0
93.0,0.00044543081630124223,0.000424983762450495,819.9980831448107,344.4733195447129,28.223895231134136,2196772.307834405,2563.941626458847,0.00014920564155268272,2.1019553396357955e-06,2.9326056611725016e-05,101325.0
94.0,0.0004454297295384709,0.0004249827255744762,815.2682374587993,349.0597294683827,28.5113852570859,2153667.802476274,2549.158728107819,0.00015131405149497167,2.114816970138676e-06,2.9326056611725016e-05,101325.0
95.0,0.00044542866103857093,0.0004249817061229901,810.4595613841147,353.5828209710881,28.79424050021092,2111367.6125963335,2534.1291683870227,0.0001534351800550745,2.1273922882767842e-06,2.9326056611725016e-05,101325.0
96.0,0.00044542761035247297,0.0004249807036675813,805.7179681088828,358.0434182815412,29.072568398808723,2070227.946387099,2519.309189499848,0.00015556874006613812,2.1396795915533435e-06,2.9326056611725016e-05,101325.0
97.0,0.00044542657704350246,0.00042497971779162033,801.0425289569625,362.44234356182557,29.346473614066714,2030212.798026745,2504.6958933828955,0.00015771444267829017,2.15167721646418e-06,2.9326056611725016e-05,101325.0
98.0,0.00044542556068704513,0.0004249787480899845,796.4323209764293,366.7804160162169,29.616058104266912,1991287.3181622904,2490.2863996706205,0.00015987199739774424,2.163383538722933e-06,2.9326056611725016e-05,101325.0
99.0,0.00044542456087021023,0.00042497779416873636,791.886427682657,371.0584510767072,29.88142119388682,1953417.7823283116,2476.0778480259305,0.00016204111212612853,2.174796973480958e-06,2.9326056611725016e-05,101325.0
100.0,0.0004454235771915003,0.00042497685564480873,787.4039397287297,375.27725966236426,30.142659641611274,1916571.5594509768,2462.0674002433407,0.00016422149320003093,2.1859159755418895e-06,2.9326056611725016e-05,101325.0
101.0,0.00044542260926048793,0.0004249759321456965,782.983955508369,379.43764750740223,30.39986770719474,1880717.0805405804,2448.252242140903,0.00016641284543075647,2.1967390395708357e-06,2.9326056611725016e-05,101325.0
102.0,0.0004454216566975001,0.00042497502330915497,778.6255816962354,383.5404145531501,30.653137217123437,1845823.8076620894,2434.629585256101,0.00016861487214429134,2.2072647002981788e-06,2.9326056611725016e-05,101325.0
103.0,0.0004454207191333089,0.00042497412878290556,774.3279337301561,387.58635439940866,30.902557629035883,1811862.2032609086,2421.196668359952,0.00017082727522146747,2.217491532717945e-06,2.9326056611725016e-05,101325.0
104.0,0.0004454197962088307,0.00042497324822434775,770.0901362395381,391.57625381096784,31.148216094868626,1778803.6999099592,2407.9507588026286,0.00017304975513832325,2.2274181522807303e-06,2.9326056611725016e-05,101325.0
105.0,0.00044541888757483123,0.0004249723813002786,765.9113234239481,395.5108922753247,31.390197522701268,1746620.6705342683,2394.889153703066,0.00017528201100665446,2.2370432150811484e-06,2.9326056611725016e-05,101325.0
106.0,0.0004454179928916393,0.0004249715276866192,761.7906393855868,399.3910416078955,31.628584637281513,1715286.3991603253,2382.0091809941964,0.0001775237406147494,2.246365418039768e-06,2.9326056611725016e-05,101325.0
107.0,0.0004454171118288669,0.00042497068706814765,757.7272384191338,403.2174656012539,31.86345803921698,1684775.052229515,2369.3082003347045,0.00017977464046830356,2.255383499079535e-06,2.9326056611725016e-05,101325.0
108.0,0.00044541624406513715,0.00042496985913823964,753.7202852622144,406.9909197151517,32.09489626282566,1655061.6505077924,2356.783603897459,0.00018203440583150824,2.264096237296633e-06,2.9326056611725016e-05,101325.0
109.0,0.00044541538928781916,0.00042496904359861515,749.7689553095214,410.7121508042908,32.32297583264174,1626122.041617484,2344.4328170441154,0.00018430273076830645,2.272502453125777e-06,2.9326056611725016e-05,101325.0
110.0,0.00044541454719277003,0.0004249682401590927,745.8724347934206,414.38189688101346,32.54777131857772,1597932.873211406,2332.2532988947414,0.00018657930818381197,2.2806010084999066e-06,2.9326056611725016e-05,101325.0
111.0,0.000445413717484084,0.00042496744853734984,742.029920933679,418.00088691026616,32.76935538974729,1570471.5668045296,2320.2425428007186,0.0001888638298658852,2.2883908070042616e-06,2.9326056611725016e-05,101325.0
112.0,0.0004454128998738486,0.0004249666684586904,738.2406220587767,421.5698406343673,32.987798866956865,1543716.2922740213,2308.398076728619,0.00019115598652685989,2.2958707940248202e-06,2.9326056611725016e-05,101325.0
113.0,0.0004454120940819077,0.0004249658996558185,734.5037577010911,425.08946842527524,33.20317077387661,1517645.9430345413,2296.717463562222,0.00019345546784541582,2.303039956891075e-06,2.9326056611725016e-05,101325.0
114.0,0.0004454112998356308,0.00042496514186861855,730.8185586680905,428.56047116220674,33.41553838690402,1492240.1118923195,2285.198301329358,0.0001957619625085916,2.3098973250131363e-06,2.9326056611725016e-05,101325.0
115.0,0.0004454105168696898,0.000424964394843942,727.1842670915217,431.9835401326033,33.624967283735636,1467479.067578486,2273.838223359782,0.000198075158253931,2.3164419700131285e-06,2.9326056611725016e-05,101325.0
116.0,0.00044540974492584146,0.0004249636583354,723.6001364564398,435.3593569545772,33.831521390664165,1443343.7319595392,2262.634898379876,0.00020039474191175865,2.3226730058508823e-06,2.9326056611725016e-05,101325.0
117.0,0.00044540898375271655,0.00042496293210316226,720.0654316118,438.6885935190981,34.035263028619916,1419815.6579205522,2251.5860305495453,0.00020272039944757813,2.328589588943889e-06,2.9326056611725016e-05,101325.0
118.0,0.0004454082331056154,0.00042496221591376167,716.579428764209,441.97191195030007,34.23625295797698,1396877.0079147706,2240.689359446321,0.00020505181600458707,2.334190918281508e-06,2.9326056611725016e-05,101325.0
119.0,0.000445407492746309,0.000424961509539905,713.1414154563199,445.20996458240154,34.43455042214555,1374510.5331715508,2229.942660001313,0.00020738867594630384,2.339476235533409e-06,2.9326056611725016e-05,101325.0
120.0,0.0004454067624428467,0.00042496081276028897,709.7506905312513,448.4033939518346,34.63021318997293,1352699.553553161,2219.3437423913247,0.00020973066289929976,2.3444448251522426e-06,2.9326056611725016e-05,101325.0
121.0,0.00044540604196936887,0.0004249601253594219,706.406564084309,451.5528328032789,34.82329759697639,1331427.9380497572,2208.890451891143,0.0002120774597960307,2.3490960144705084e-06,2.9326056611725016e-05,101325.0
122.0,0.00044540533110592616,0.00042495944712745093,703.1083574031998,454.65890410838693,35.01385858543183,1310680.0859008215,2198.5806686897245,0.0002144287489177633,2.353429173791627e-06,2.9326056611725016e-05,101325.0
123.0,0.00044540462963830346,0.00042495877785999426,699.8554028978381,457.72222109607276,35.20194974334255,1290440.9083305113,2188.4123076737187,0.00021678421193758882,2.3574437164751887e-06,2.9326056611725016e-05,101325.0
124.0,0.0004454039373578496,0.0004249581173579787,696.6470440207676,460.74338729331697,35.387623342312956,1270695.8108836897,2178.3833181815344,0.00021914352996351948,2.3611390990163784e-06,2.9326056611725016e-05,101325.0
125.0,0.00044540325406131217,0.00042495746542748193,693.4826351791434,463.7229965755152,35.57093037435197,1251430.676348865,2168.491683730907,0.00022150638358166136,2.364514821119553e-06,2.9326056611725016e-05,101325.0
126.0,0.0004454025795506775,0.0004249568218795799,690.3615416391519,466.66163322546714,35.75192058763149,1232631.848253842,2158.735421722719,0.0002238724528994581,2.3675704257659767e-06,2.9326056611725016e-05,101325.0
127.0,0.0004454019136330154,0.00042495618653019866,687.2831394236787,469.5598720001692,35.930642521224925,1214286.114919582,2149.112583123597,0.00022624141758899896,2.370305499275694e-06,2.9326056611725016e-05,101325.0
128.0,0.0004454012561203287,0.0004249555591999709,684.2468152039751,472.4182782046331,36.10714353885096,1196380.694057558,2139.6212521296566,0.00022861295693038614,2.3727196713635318e-06,2.9326056611725016e-05,101325.0
129.0,0.00044540060682940783,0.000424954939714097,681.2519661860171,475.23740777201203,36.28146986164762,1178903.217895757,2130.2595458135515,0.0002309867498551554,2.3748126151892354e-06,2.9326056611725016e-05,101325.0
130.0,0.0004453999655816891,0.0004249543279022102,678.2979999921973,478.01780734936614,36.453666600001476,1161841.7188184287,2121.0256137568394,0.00023336247498974326,2.3765840474017135e-06,2.9326056611725016e-05,101325.0
131.0,0.0004453993322031184,0.00042495372359824604,675.3843345389411,480.7600143884513,36.62377778445671,1145184.6155046953,2111.9176376695173,0.00023573981069899584,2.378033728177401e-06,2.9326056611725016e-05,101325.0
132.0,0.0004453987065240181,0.0004249531266403159,672.5103979107928,483.46455724095915,36.7918463957284,1128920.699551189,2102.9338309984373,0.0002381184351297136,2.3791614612527266e-06,2.9326056611725016e-05,101325.0
133.0,0.00044539808837895905,0.00042495253687058437,669.6756282314761,486.13195525768054,36.9579143938441,1113039.122564023,2094.0724385261765,0.00024049802625422434,2.379967093950683e-06,2.9326056611725016e-05,101325.0
134.0,0.0004453974776066358,0.0004249519541351506,666.8794735323905,488.76271889110376,37.1220227464376,1097529.3837055303,2085.3317359618172,0.0002428782619139812,2.380450517201501e-06,2.9326056611725016e-05,101325.0
135.0,0.0004453968740497462,0.0004249513782839333,664.1213916189713,491.3573498009972,37.284211456218095,1082381.317681423,2076.710029524969,0.00024525881986317755,2.3806116655574095e-06,2.9326056611725016e-05,101325.0
136.0,0.00044539627755487435,0.0004249508091705589,661.4008499353052,493.9163409625602,37.44451958763787,1067585.0831542276,2068.2056555242675,0.0002476393778123739,2.380450517201501e-06,2.9326056611725016e-05,101325.0
137.0,0.00044539568797237776,0.0004249502466522541,658.7173254273627,496.4401767767575,37.60298529278108,1053131.151569116,2059.8169799314737,0.00025001961347213077,2.379967093950683e-06,2.9326056611725016e-05,101325.0
138.0,0.0004453951051562773,0.0004249496905897409,656.0703044051751,498.9293331824852,37.75964583649572,1039010.2963785084,2051.542397952217,0.00025239920459664154,2.3791614612527266e-06,2.9326056611725016e-05,101325.0
139.0,0.00044539452896415134,0.00042494914084713527,653.4592824042637,501.38427777024094,37.91453762079057,1025213.5826521278,2043.3803335943248,0.00025477782902735927,2.378033728177401e-06,2.9326056611725016e-05,101325.0
140.0,0.0004453939592570325,0.000424948597291849,650.8837640465944,503.80546989699985,38.06769620851824,1011732.357059463,2035.3292392346164,0.0002571551647366119,2.3765840474017135e-06,2.9326056611725016e-05,101325.0
141.0,0.0004453933958993081,0.0004249480597944946,648.3432629013138,506.1933608020206,38.21915634636529,998558.2382119341,2027.3875951849502,0.0002595308898711998,2.3748126151892354e-06,2.9326056611725016e-05,101325.0
142.0,0.00044539283875862345,0.00042494752822879296,645.8373013454984,508.54839372332896,38.36895198716944,985683.1073523613,2019.5539092582574,0.000261904682795969,2.3727196713635318e-06,2.9326056611725016e-05,101325.0
143.0,0.0004453922877057883,0.0004249470024714843,643.3654104251273,510.8710040146472,38.517116311584026,973099.0993796575,2011.8267163352166,0.00026427622213735623,2.370305499275694e-06,2.9326056611725016e-05,101325.0
144.0,0.00044539174261468617,0.0004249464824022412,640.9271297164707,513.1616192625568,38.66368174910878,960798.5941970183,2004.2045779321838,0.00026664518682689703,2.3675704257659767e-06,2.9326056611725016e-05,101325.0
145.0,0.0004453912033621862,0.00042494596790358517,638.5220071880698,515.4206594037006,38.80867999850595,948774.208372184,1996.6860817709141,0.00026901125614469377,2.364514821119553e-06,2.9326056611725016e-05,101325.0
146.0,0.0004453906698280583,0.00042494545886080507,636.1495990634648,517.6485368418475,38.95214204762011,937018.7870987096,1989.269841350579,0.00027137410976283566,2.3611390990163784e-06,2.9326056611725016e-05,101325.0
147.0,0.0004453901418948904,0.00042494495516187853,633.809469684816,519.8456565646572,39.09409819261951,925525.3964474904,1981.9544955225276,0.00027373342778876634,2.3574437164751887e-06,2.9326056611725016e-05,101325.0
148.0,0.00044538961944800854,0.0004249444566973956,631.5011913775452,522.0124162599984,39.23457805667659,914287.3158981286,1974.7387080681951,0.00027608889080859184,2.353429173791627e-06,2.9326056611725016e-05,101325.0
149.0,0.0004453891023753992,0.0004249439633604846,629.2243443161151,524.1492064316868,39.37361060810434,903298.0311400527,1967.6211672805282,0.0002784401799303244,2.3490960144705084e-06,2.9326056611725016e-05,101325.0
150.0,0.00044538859056763436,0.0004249434750467407,626.9785163910506,526.2564105145217,39.5112241779653,892551.2271336195,1960.600585549249,0.0002807869768270554,2.3444448251522426e-06,2.9326056611725016e-05,101325.0
151.0,0.0004453203130389573,0.0004248783317293812,624.6302433014284,528.3342577269165,39.647436305564106,881852.9276408037,1953.5568682985675,0.0002831289637800513,2.339476235533409e-06,2.9326056611725016e-05,101325.0
152.0,0.00044511837630162825,0.00042468566469498135,622.0516520049264,530.3823997531149,39.78222423870207,871023.3124216199,1946.3748285296538,0.00028546582372176803,2.334190918281508e-06,2.9326056611725016e-05,101325.0
153.0,0.00044478564382306567,0.0004243682059663662,619.2507729635317,532.4003841963472,39.91555718202888,860077.1004409948,1939.0604656126493,0.00028779724027877703,2.328589588943889e-06,2.9326056611725016e-05,101325.0
154.0,0.0004443250362400306,0.00042392874211140223,616.2356868657303,534.3878053367481,40.047406671827375,849028.543445181,1931.619655316815,0.0002901228978145965,2.3226730058508823e-06,2.9326056611725016e-05,101325.0
155.0,0.00044373952415488824,0.0004233701073699394,613.0145049542159,536.344302926008,40.177746523913875,837891.4192576983,1924.0581491914427,0.0002924424814724241,2.316441970013128e-06,2.9326056611725016e-05,101325.0
156.0,0.0004430321211897958,0.0004226951770268392,609.5953503562617,538.2695609348185,40.30655277920697,826679.0269275182,1916.3815741640733,0.0002947556772177636,2.3098973250131363e-06,2.9326056611725016e-05,101325.0
157.0,0.00044220587730362475,0.00042190686103567705,605.986340420351,540.1633062598647,40.433803647266075,815404.1836121347,1908.595432343369,0.00029706217188093934,2.303039956891075e-06,2.9326056611725016e-05,101325.0
158.0,0.00044126387237510207,0.000421008097896443,602.1955700577907,542.0253073968073,40.55947944808742,804079.2230796609,1900.7051010143468,0.0002993616531994952,2.2958707940248202e-06,2.9326056611725016e-05,101325.0
159.0,0.00044020921005442356,0.0004200018487893907,598.231096083572,543.8553730853778,40.68356255243095,792715.9957161238,1892.715832814051,0.0003016538098604699,2.2883908070042616e-06,2.9326056611725016e-05,101325.0
160.0,0.0004390450118844464,0.00041889109196609025,594.1009225466904,545.6533509323903,40.806037320937804,781325.8699266046,1884.6327560761322,0.00030393833154254316,2.2806010084999066e-06,2.9326056611725016e-05,101325.0
161.0,0.00043777441169151176,0.00041767881739773505,589.8129870364879,547.4191260181483,40.92689004228384,769919.7348217362,1876.4608753331872,0.00030621490895804866,2.2725024531257774e-06,2.9326056611725016e-05,101325.0
162.0,0.0004364005502449774,0.00041636802167982273,585.3751479483033,549.1526194914017,41.04610887060054,758508.0040842852,1868.2050719661077,0.00030848323389484687,2.2640962372966333e-06,2.9326056611725016e-05,101325.0
163.0,0.00043492657018364843,0.0004149617031914832,580.7951726888152,550.8537871576874,41.163683762380884,747100.6209140227,1859.8701049900833,0.00031074299925805155,2.255383499079535e-06,2.9326056611725016e-05,101325.0
164.0,0.00043335561120648756,0.0004134628575069545,576.0807267989088,552.5226180655706,41.27960641307375,735707.0639528012,1851.4606119673037,0.00031299389911160577,2.2463654180397685e-06,2.9326056611725016e-05,101325.0
165.0,0.00043169080552425107,0.00041187447305600686,571.2393639696724,554.1591330949864,41.393870193557156,724336.3540956484,1842.9811100367917,0.0003152356287197006,2.237043215081149e-06,2.9326056611725016e-05,101325.0
166.0,0.00042993527356803926,0.00041019952702948763,566.2785169252309,555.76338355158,41.50647008666716,712997.0620977215,1834.4359970522028,0.0003174678845880319,2.2274181522807303e-06,2.9326056611725016e-05,101325.0
167.0,0.0004280921199501607,0.00040844098152559836,561.2054891445113,557.335449770639,41.61740262394649,701697.316891101,1825.8295528188135,0.00031969036450488767,2.2174915327179444e-06,2.9326056611725016e-05,101325.0
168.0,0.0004261644296721884,0.0004066017799320161,556.0274473927074,558.8754397339236,41.72666582276429,690444.814529588,1817.1659404213012,0.00032190276758206377,2.2072647002981788e-06,2.9326056611725016e-05,101325.0
169.0,0.000424155264574628,0.00040468484353853594,550.7514150321431,560.3834877024162,41.834259123946275,679246.8276839064,1808.4492076343026,0.00032410479429559867,2.1967390395708357e-06,2.9326056611725016e-05,101325.0
170.0,0.0004220676600222203,0.00040269306837453154,545.3842660814068,561.8597528677403,41.940183330042835,668110.2156139356,1799.683288408116,0.00032629614652632423,2.185915975541889e-06,2.9326056611725016e-05,101325.0
171.0,0.00041990462181855896,0.0004006293222652043,539.9327199910246,563.3044180247356,42.04444054435126,657041.4345487998,1790.8720044222605,0.0003284765276002266,2.174796973480958e-06,2.9326056611725016e-05,101325.0
172.0,0.0004176691233434174,0.00039849644210031813,534.4033371035446,564.7176882674256,42.14703411079745,646046.5484098108,1782.019066699989,0.0003306456423286109,2.163383538722933e-06,2.9326056611725016e-05,101325.0
173.0,0.0004153641029059392,0.00039629723130888897,528.8025147656965,566.0997897103731,42.247968554772065,635131.2398153434,1773.128077277174,0.00033280319704806494,2.15167721646418e-06,2.9326056611725016e-05,101325.0
174.0,0.00041299246130665563,0.0003940344575331159,523.136484060251,567.450968237188,42.3472495250062,624300.8213107421,1764.2025309193525,0.000334948899660217,2.139679591553343e-06,2.9326056611725016e-05,101325.0
175.0,0.0004105570596011457,0.00039171085049469765,517.4113071253242,568.7714882777371,42.44488373656207,613560.2467702639,1755.2458168810217,0.0003370824596712807,2.1273922882767842e-06,2.9326056611725016e-05,101325.0
176.0,0.000408060717058044,0.0003893291000465761,511.63287502913215,570.0616316153965,42.54087891500547,602914.1229218675,1746.261220701615,0.0003392035882313834,2.114816970138676e-06,2.9326056611725016e-05,101325.0
177.0,0.00040550620930403073,0.0003868918544030791,505.80690616858027,571.321696225492,42.635243741818094,592366.720949341,1737.2519260328995,0.0003413119981736724,2.1019553396357955e-06,2.9326056611725016e-05,101325.0
178.0,0.0004028962666484009,0.000384401718541398,499.93894516057344,572.5519951458914,42.72798780109981,581921.9881298142,1728.2210164928254,0.00034340740405319173,2.0888091380270302e-06,2.9326056611725016e-05,101325.0
179.0,0.0004002335725798008,0.0003818612527673304,494.03436219552015,573.752855380537,42.81912152760358,571583.5594681128,1719.1714775411606,0.0003454895221855275,2.075380145097639e-06,2.9326056611725016e-05,101325.0
180.0,0.0003975207624277418,0.0003792729714382357,488.09835282318613,574.924616836547,42.908656156138484,561354.7692926949,1710.1061983725206,0.0003475580706852143,2.0616701789183007e-06,2.9326056611725016e-05,101325.0
181.0,0.0003947604221815495,0.00037663934183619895,482.13593814180325,576.0676312953627,42.99660367236969,551238.6627810374,1701.0279738226689,0.00034961276950389757,2.047681095598972e-06,2.9326056611725016e-05,101325.0
182.0,0.0003919550874594723,0.00037396278318446187,476.1519653621538,577.1822614182776,43.08297676503806,541238.007385329,1691.939506284236,0.00035165334046824784,2.0334147890376054e-06,2.9326056611725016e-05,101325.0
183.0,0.0003891072426207674,0.00037124566580026743,470.1511087192189,578.2688797865549,43.16778877961637,531355.3041321585,1682.8434076282426,0.0003536795073176211,2.0188731906637395e-06,2.9326056611725016e-05,101325.0
184.0,0.0003862193200136886,0.0003684903103773679,464.1378707048868,579.3278679762199,43.251053673413516,521592.79877258337,1673.7422011280566,0.00035569099574145997,2.004058269177019e-06,2.9326056611725016e-05,101325.0
185.0,0.0003832936993524253,0.00036569898739156507,458.1165835961636,580.3596156675011,43.3327859721334,511952.4927615025,1664.6383233826446,0.0003576875334164305,1.988972030280665e-06,2.9326056611725016e-05,101325.0
186.0,0.00038033270721618193,0.00036287391662278375,452.0914112542968,581.3645197887939,43.41300072789049,502436.15404765675,1655.5341262362008,0.00035966885004329134,1.9736165164099295e-06,2.9326056611725016e-05,101325.0
187.0,0.0003773386166637376,0.00036001726678732484,446.06635117121164,582.3429836949266,43.491713478679756,493045.3276578361,1646.4318786914396,0.0003616346773834873,1.9579938064555863e-06,2.9326056611725016e-05,101325.0
188.0,0.0003743136469569885,0.00035713115527409806,440.0452367406608,583.2954163794246,43.56894020929493,483781.3460609871,1637.3337688140398,0.0003635847492954642,1.9421060154824826e-06,2.9326056611725016e-05,101325.0
189.0,0.00037125996338714597,0.0003542176479787984,434.0317397324953,584.2222317203921,43.64469731368554,474645.33929989213,1628.2419056259293,0.0003655188017707012,1.9259552944431927e-06,2.9326056611725016e-05,101325.0
190.0,0.00036817967719744233,0.00035127875923016,428.02937294947,585.1238477595598,43.71900155873982,465638.2448799445,1619.1583209852663,0.0003674365729694527,1.9095438298868115e-06,2.9326056611725016e-05,101325.0
191.0,0.00036507484559638074,0.00034831645180259755,422.0414930470022,586.0006860139888,43.79187004947784,456760.81740625465,1610.0849714511596,0.00036933780325619687,1.8928738436629333e-06,2.9326056611725016e-05,101325.0
192.0,0.0003619474718557549,0.000345332637009727,416.0713034972935,586.8531708198626,43.86332019563653,448013.63796192146,1601.0237401313263,0.00037122223523478694,1.8759475926208478e-06,2.9326056611725016e-05,101325.0
193.0,0.0003587995054878577,0.0003423291748734392,410.12185768020805,587.6817287077521,43.93336967962591,439397.1232217795,1591.9764385110443,0.0003730896137832982,1.8587673683039983e-06,2.9326056611725016e-05,101325.0
194.0,0.0003556328424964933,0.00033930787436338953,404.1960620842644,588.4867878086967,44.002036425833836,430911.534297294,1582.9448082619067,0.0003749396860885673,1.8413354966397444e-06,2.9326056611725016e-05,101325.0
195.0,0.00035244932569660354,0.00033627049370195253,398.2966796020455,589.2687772904064,44.06933857125467,422556.9853095277,1573.930523029025,0.00037677220168041905,1.8236543376244685e-06,2.9326056611725016e-05,101325.0
196.0,0.00034925074509751944,0.0003332187407298802,392.4263329052554,590.0281268228591,44.13529443741569,414333.45168825384,1564.935190195455,0.00037858691246557644,1.8057262850040699e-06,2.9326056611725016e-05,101325.0
197.0,0.000346038838345043,0.00033015427332809083,386.5875078855513,590.7652660725413,44.199922503573674,406240.77819634107,1555.960352622758,0.00038038357276124824,1.7875537659498892e-06,2.9326056611725016e-05,101325.0
198.0,0.00034281529121776453,0.0003270786998912031,380.78255714815776,591.4806242245578,44.26324138115288,398278.6866794891,1547.007490366705,0.0003821619393283903,1.76913924073011e-06,2.9326056611725016e-05,101325.0
199.0,0.00033958173817321254,0.00032399357984861586,375.01370354611424,592.1746295318195,44.32526978939468,390446.78354226553,1538.0780223672741,0.0003839217714046369,1.7504852023766755e-06,2.9326056611725016e-05,101325.0
200.0,0.0003363397629396291,0.00032090042422911825,369.2830437438311,592.8477088905033,44.386026532188176,382744.5669521766,1529.1733081121663,0.0003856628307368954,1.731594176347773e-06,2.9326056611725016e-05,101325.0
201.0,0.0003330908991493517,0.0003178006962651969,363.59255179941744,593.5002874409702,44.44553047605059,375171.43377420894,1520.2946492731835,0.0003873848816136021,1.7124687201859307e-06,2.9326056611725016e-05,101325.0
202.0,0.0003298366310099703,0.00031469581203338447,357.94408275600654,594.1327881933198,44.50380052922561,367726.6862389099,1511.4432913148933,0.0003890876908966344,1.6931114231717596e-06,2.9326056611725016e-05,101325.0
203.0,0.00032657839400961297,0.00031158714112716946,352.3393762330352,594.745631676758,44.5608556218674,360409.5383476402,1502.6204250751011,0.00039077102805287284,1.673524905973413e-06,2.9326056611725016e-05,101325.0
204.0,0.00032331757565289053,0.00030847600735915833,346.78006000913314,595.3392356119502,44.616714687278,353219.12201912084,1493.8271883167251,0.00039243466518541255,1.6537118202917891e-06,2.9326056611725016e-05,101325.0
205.0,0.0003200555162242093,0.0003053636894893491,341.2676535889487,595.9140146055407,44.67139664416539,346154.49298183824,1485.0646672507462,0.00039407837706441665,1.6336748485015313e-06,2.9326056611725016e-05,101325.0
206.0,0.00031679350957532947,0.00030225142197653755,335.8035717468754,596.4703798660171,44.72492037988961,339214.63641724887,1476.3338980299784,0.0003957019411576085,1.613416703287874e-06,2.9326056611725016e-05,101325.0
207.0,0.0003135328039342143,0.00029914039575003706,330.38912804125323,597.0087389401094,44.77730473466443,332398.4723590489,1467.6358682134708,0.0003973051376603989,1.592940127279401e-06,2.9326056611725016e-05,101325.0
208.0,0.00031027460273237614,0.0002960317589990462,325.02553829319686,597.529495468921,44.82856848668211,325704.8608540548,1458.971518201413,0.00039888774952564473,1.5722478926767222e-06,2.9326056611725016e-05,101325.0
209.0,0.00030702006544808323,0.00029292661797714883,319.7139240247513,598.0330489629972,44.87873033812903,319132.6068904729,1450.341742640471,0.0004004495624930332,1.5513428008771707e-06,2.9326056611725016e-05,101325.0
210.0,0.0003037703084629406,0.0002898260378195747,314.4553158515971,598.5197945955522,44.927808902060406,312680.4650995258,1441.7473917995405,0.00040199036511808916,1.5302276820955386e-06,2.9326056611725016e-05,101325.0
211.0,0.00030052640592950725,0.00028673104337098934,309.2506568260174,598.9901230130846,44.97582269010248,306347.1442365591,1433.1892729159442,0.0004035099488008016,1.5089053949809088e-06,2.9326056611725016e-05,101325.0
212.0,0.0002972893906477512,0.00028364262002171644,304.10080572630375,599.4444201626294,45.02279010095114,300131.3114478657,1424.6681515121531,0.0004050081078138648,1.487378826229637e-06,2.9326056611725016e-05,101325.0
213.0,0.0002940602549482809,0.0002805617145504255,299.00654028921474,599.8830671349074,45.068729409636326,294031.5963295578,1416.1847526831514,0.00040648463933053,1.4656508901945473e-06,2.9326056611725016e-05,101325.0
214.0,0.00029083995158042295,0.0002774892359714429,293.9685603825125,600.30644002265,45.11365875752217,288046.5947848644,1407.7397623546003,0.0004079393434520657,1.4437245284903684e-06,2.9326056611725016e-05,101325.0
215.0,0.0002876293946033403,0.00027442605638496476,288.9874911149871,600.7149097933948,45.157596143013286,282174.8726862705,1399.333828511993,0.0004093720232348199,1.4216027095954869e-06,2.9326056611725016e-05,101325.0
216.0,0.00028442946027850774,0.0002713730118285636,284.0638858817409,601.1088421760638,45.20055941293834,276414.96934891515,1390.9675624010292,0.00041078248471688365,1.3992884284500668e-06,2.9326056611725016e-05,101325.0
217.0,0.0002812409879619753,0.00026833090312849376,279.1982293428428,601.4885975606561,45.24256625458247,270765.4008216523,1382.6415396994632,0.00041217053694435026,1.3767847060505786e-06,2.9326056611725016e-05,101325.0
218.0,0.0002780647809949623,0.0002653004967494035,274.39094033377665,601.8545309104028,45.28363418834102,265224.66300214035,1374.3563016607027,0.00041353599199716765,1.3540945890408048e-06,2.9326056611725016e-05,101325.0
219.0,0.00027490160759142967,0.0002622825256411641,269.64237470640205,602.2069916857531,45.323780560967506,259791.23458227894,1366.1123562294704,0.000414878665014579,1.3312211492993783e-06,2.9326056611725016e-05,101325.0
220.0,0.0002717522017213793,0.0002592776900816223,264.9528280994187,602.546323779579,45.363022539389576,254463.57983023618,1357.9101791298542,0.0004161983742201506,1.3081674835238921e-06,2.9326056611725016e-05,101325.0
221.0,0.0002686172639887253,0.00025628665851417395,260.3225386375781,602.8728654630033,45.401377105067226,249240.15121523305,1349.750214926092,0.00041749494094638144,1.2849367128116585e-06,2.9326056611725016e-05,101325.0
222.0,0.00026549746250267484,0.00025331006837914455,255.75168955911954,603.1869493412788,45.43886104886855,244119.39188115552,1341.6328780564565,0.0004187681896588915,1.261531982237167e-06,2.9326056611725016e-05,101325.0
223.0,0.00026239343374164084,0.00025034852693804534,251.24041177112514,603.4889023191613,45.47549096643869,239099.73797495873,1333.5585538406262,0.0004200179479801867,1.2379564604262849e-06,2.9326056611725016e-05,101325.0
224.0,0.0002593057834087949,0.00024740261208985273,246.78878633268477,603.7790455752419,45.51128325403857,234179.62083571655,1325.527599460931,0.0004212440467129959,1.214213339127278e-06,2.9326056611725016e-05,101325.0
225.0,0.00025623508727844494,0.0002444728731785338,242.3968468659465,604.0576945447209,45.54625410483068,229357.4690500447,1317.540344917882,0.0004224463198631775,1.1903058327787045e-06,2.9326056611725016e-05,101325.0
226.0,0.0002531818920324972,0.00024155983179111146,238.06458189529357,604.3251589101258,45.58041950558992,224631.71037949962,1309.5970939604051,0.0004236246046621922,1.1662371780742225e-06,2.9326056611725016e-05,101325.0
227.0,0.0002501467160863337,0.0002386639825456308,233.79193711504206,604.5817425994934,45.613795233818095,220000.7735654198,1301.6981249912014,0.00042477874158914,1.1420106335243983e-06,2.9326056611725016e-05,101325.0
228.0,0.0002471300504035017,0.00023578579386845092,229.5788175861915,604.8277437915564,45.64639685524154,215463.09001653816,1293.8436919476708,0.00042590857439235547,1.1176294790155594e-06,2.9326056611725016e-05,101325.0
229.0,0.0002441323592986751,0.00023292570876034738,225.4250898628866,605.0634549274898,45.678239721672014,211017.0953845509,1286.0340251588393,0.0004270139501105631,1.0930970153657425e-06,2.9326056611725016e-05,101325.0
230.0,0.00024115408122840764,0.00023008414555096657,221.33058404936122,605.289162728795,45.70933896921158,206661.23103268485,1278.2693321787342,0.000428094719093585,1.0684165638778216e-06,2.9326056611725016e-05,101325.0
231.0,0.00023819562956925306,0.0002272614986412271,217.2950957882374,605.5051482209108,45.739709516783066,202393.9454021568,1270.5497985966558,0.00042915073502260116,1.043591465889857e-06,2.9326056611725016e-05,101325.0
232.0,0.00023525741028254386,0.00022445815535721464,213.31840963001713,605.7116867621646,45.76936606496821,198213.7152113878,1262.8756250868291,0.0004301818549299591,1.0186250823227266e-06,2.9326056611725016e-05,101325.0
233.0,0.00023234040442736582,0.0002216750517234838,209.40103413805494,605.909048344939,45.7983231413618,194119.72614088506,1255.2482856414622,0.00043118793921852904,9.93520793225115e-07,2.9326056611725016e-05,101325.0
234.0,0.00022944649735815456,0.0002189139865491701,205.54459271214185,606.097498645573,45.82659528311264,190112.2258213483,1247.6712841639478,0.0004321688516806031,9.682819973159108e-07,2.9326056611725016e-05,101325.0
235.0,0.00022657766266036194,0.00021617684282426917,201.75077253145776,606.2772994224742,45.85419712398216,186191.54207051636,1240.1484355897244,0.00043312445951633607,9.429121115240669e-07,2.9326056611725016e-05,101325.0
236.0,0.00022373589857714655,0.00021346552706459618,198.02124325084984,606.448708373793,45.88114339286619,182358.00772000424,1232.68373634883,0.0004340546333517238,9.174145705260108e-07,2.9326056611725016e-05,101325.0
237.0,0.00022092322789983346,0.00021078196920727385,194.35765683425092,606.6119789905305,45.907448911263096,178611.96100719032,1225.281370100068,0.00043495924725611885,8.91792826280642e-07,2.9326056611725016e-05,101325.0
238.0,0.00021814169783790358,0.00020812812248668981,190.76164747143542,606.7673604115124,45.93312859076775,174953.74603594057,1217.9457133379797,0.00043583817875927905,8.660503475619908e-07,2.9326056611725016e-05,101325.0
239.0,0.0002153933798301644,0.00020550596325433546,187.234831541426,606.9150972802516,45.95819743060397,171383.71327199,1210.6813407405566,0.0004366913088679485,8.401906194896006e-07,2.9326056611725016e-05,101325.0
240.0,0.00021268036928860298,0.000202917490734417,183.77880762464625,607.0554296036976,45.98267051520572,167902.22007487252,1203.4930301831287,0.000437518522081967,8.142171430567044e-07,2.9326056611725016e-05,101325.0
241.0,0.0002100047852680953,0.00020036472670872647,180.39515656877913,607.1885926128695,46.006563011859186,164509.6312709344,1196.3857673408281,0.0004383197064099069,7.881334346562394e-07,2.9326056611725016e-05,101325.0
242.0,0.00020736877005462733,0.00019784971512376527,177.08544161337377,607.3148166253645,46.02989016841908,161206.3197720473,1189.364749793972,0.00043909475338423527,7.619430256047859e-07,2.9326056611725016e-05,101325.0
243.0,0.00020477448866412621,0.00019537452161258074,173.85120857824907,607.4343269097258,46.052667311114476,157992.66724465045,1182.4353905423202,0.0004398435580759984,7.356494616644884e-07,2.9326056611725016e-05,101325.0
244.0,0.00020222412824339275,0.00019294123292319844,170.69398612064228,607.5473435516491,46.07490984246115,154869.06483368424,1175.6033208255603,0.0004405660191090274,7.092563025630083e-07,2.9326056611725016e-05,101325.0
245.0,0.0001997198973639599,0.00019055195624489532,167.6152860658193,607.6540813220004,46.096633239299024,151835.91394579833,1168.874392138563,0.0004412620386736633,6.827671215115978e-07,2.9326056611725016e-05,101325.0
246.0,0.00019726402519895813,0.00018820881842285015,164.61660381546022,607.7547495466066,46.1178530509753,148893.62709589835,1162.254677321118,0.0004419315225399986,6.561855047213468e-07,2.9326056611725016e-05,101325.0
247.0,0.00019485876057222408,0.000185913965050902,161.69941883751483,607.8495519777716,46.13858489769549,146042.6288205932,1155.7504705930276,0.0004425743800706346,6.295150509176623e-07,2.9326056611725016e-05,101325.0
248.0,0.00019250637086791174,0.0001836695594312146,158.86519524032806,607.9386866674599,46.158844469066295,143283.35666137142,1149.368286396775,0.00044319052423295207,6.027593708530601e-07,2.9326056611725016e-05,101325.0
249.0,0.00019020914078770766,0.00018147778138854023,156.1153824325909,608.0223458420764,46.17864752285585,140616.26221930215,1143.1148569015759,0.0004437798716108945,5.759220868183307e-07,2.9326056611725016e-05,101325.0
250.0,0.00018796937094134867,0.00017934082592543847,153.45141586897998,608.1007157787583,46.198009883998196,138041.8122816384,1136.997128014544,0.00044434234241626095,5.490068321521331e-07,2.9326056611725016e-05,101325.0
251.0,0.00018578937625439977,0.00017726090170314338,150.8747178790827,608.1739766830801,46.21694744387013,135560.49001878675,1131.0222537370244,0.000444877860499508,5.220172507491014e-07,2.9326056611725016e-05,101325.0
252.0,0.00018367148417503876,0.00017524022933066382,148.38669857419438,608.2423025680575,46.23547615986902,133172.79624754548,1125.197588696823,0.00044538635336005967,4.949569965665232e-07,2.9326056611725016e-05,101325.0
253.0,0.00018161803265872588,0.00017328103944196484,145.98875682258944,608.3058611343189,46.25361205532065,130879.25075310231,1119.5306786799347,0.0004458677521561222,4.678297331296461e-07,2.9326056611725016e-05,101325.0
254.0,0.00017963136790584186,0.00017138557053745726,143.68228127859547,608.3648136512966,46.27137121974549,128680.3936577339,1114.0292489780911,0.00044632199171400466,4.4063913303569803e-07,2.9326056611725016e-05,101325.0
255.0,0.00017771384182226497,0.00016955606656114425,141.4686514437922,608.4193148392749,46.28876980951026,126576.78681807956,1108.7011903603461,0.00044674901053694217,4.1338887745667985e-07,2.9326056611725016e-05,101325.0
256.0,0.00017586780916585445,0.00016779477417809267,139.34923872928243,608.4695127521128,46.30582404888908,124569.01522468777,1103.554542466819,0.0004471487508134216,3.8608265564098654e-07,2.9326056611725016e-05,101325.0
257.0,0.00017409562433206568,0.00016610393970760128,137.32540747531584,608.5155486604472,46.32255023155364,122657.6883664491,1098.5974744087318,0.00044752115842500834,3.587241644139459e-07,2.9326056611725016e-05,101325.0
258.0,0.00017239963771816034,0.0001644858056543082,135.3985158672098,608.557556935169,46.33896472250536,120843.44150728687,1093.8382623379073,0.00044786618295367326,3.313171076773306e-07,2.9326056611725016e-05,101325.0
259.0,0.00017078219158573398,0.00016294260676064505,133.56991666241285,608.5956649309582,46.35508396045201,119126.93680122274,1089.285263715989,0.00044818377768861793,3.0386519590790245e-07,2.9326056611725016e-05,101325.0
260.0,0.0001692456153124988,0.00016147656547658174,131.8409576094389,608.6299928696604,46.370924460617054,117508.86414175168,1084.9468879608573,0.00044847389963259933,2.7637214565507694e-07,2.9326056611725016e-05,101325.0
261.0,0.00016779221988154184,0.0001600898867018498,130.2129813900788,608.6606537233018,46.38650281794868,115989.94159773333,1080.8315630621348,0.0004487365095077503,2.4884167903776565e-07,2.9326056611725016e-05,101325.0
262.0,0.00016642429139161413,0.00015878475159413524,128.6873248432855,608.6877530965577,46.401835710665665,114570.91522315807,1076.9476976179749,0.0004489715717608975,2.212775232404509e-07,2.9326056611725016e-05,101325.0
263.0,0.00016514408327190802,0.0001575633101412286,127.26531711815079,608.7113891085439,46.41693990403299,113252.55792945425,1073.3036375155127,0.00044917905456837463,1.9368341000859374e-07,2.9326056611725016e-05,101325.0
264.0,0.0001639538067257941,0.0001564276720434326,125.94827622962117,608.7316522738804,46.43183225419527,112035.66695433512,1069.907616094731,0.00044935892984033083,1.6606307514341438e-07,2.9326056611725016e-05,101325.0
265.0,0.00016285561866785674,0.0001553798952043358,124.73750320930506,608.7486253831152,46.446529711797496,110921.0592106807,1066.767695987213,0.00044951117322453366,1.384202579961193e-07,2.9326056611725016e-05,101325.0
266.0,0.00016185160597794175,0.00015442197070766257,123.63427257090957,608.7623833828268,46.461049324969,109909.56337777889,1063.8916996955402,0.0004496357641096659,1.1075870096165619e-07,2.9326056611725016e-05,101325.0
267.0,0.00016094376411862464,0.0001535558024162848,122.63981698019921,608.7729932560977,46.47540824099805,109002.00685815317,1061.2871239594758,0.000449732685628116,8.308214897205656e-08,2.9326056611725016e-05,101325.0
268.0,0.00016013396672377508,0.00015278317795679291,121.75530248921707,608.7805139046873,46.48962370560548,108199.1943600976,1058.961029175869,0.000449801924658262,5.539434898942564e-08,2.9326056611725016e-05,101325.0
269.0,0.00015942391994564818,0.00015210572516223786,120.98178770198525,608.7849960353451,46.50371305798018,107501.87220047129,1056.9198876812154,0.0004498434718262475,2.7699049498666892e-08,2.9326056611725016e-05,101325.0
270.0,0.0001588150894229415,0.00015152484239264608,120.32015396127565,608.7864820547655,46.517693718327514,106910.66683131586,1055.1693589755841,0.00044985732150725107,2.9154084562377307e-22,2.9326056611725016e-05,101325.0
271.0,0.00015830857418424284,0.00015104157822680292,119.77097930547681,608.7850059817649,46.53158316178997,106425.9733236805,1053.7139239172384,0.0004498434718262475,-2.7699049498666307e-08,2.9326056611725016e-05,101325.0
272.0,0.00015790486741430425,0.00015065640321031013,119.33429256955439,608.780593394183,46.545398866058314,106047.73715462183,1052.556218300693,0.000449801924658262,-5.5394348989425053e-08,2.9326056611725016e-05,101325.0
273.0,0.00015760334496436732,0.0001503687218453306,119.00903927942512,608.7732614501745,46.5591582031516,105774.97940829892,1051.6956421389727,0.000449732685628116,-8.308214897205599e-08,2.9326056611725016e-05,101325.0
274.0,0.00015740099823550625,0.00015017566363964782,118.7917482507906,608.7630190893243,46.572878194334365,105604.61036917615,1051.124955976375,0.0004496357641096659,-1.1075870096165563e-07,2.9326056611725016e-05,101325.0
275.0,0.00015728909680405936,0.00015006889893092202,118.67300897472744,608.7498677632354,46.58657485435994,105528.29354863532,1050.8213580152535,0.00044951117322453366,-1.3842025799611874e-07,2.9326056611725016e-05,101325.0
276.0,0.00015724408539154208,0.00015001725899223438,118.62482380412222,608.733803939328,46.60026122156122,105521.18417250445,1050.6953671915608,0.00044935892984033083,-1.6606307514341377e-07,2.9326056611725016e-05,101325.0
277.0,0.0001571893304596149,0.0001499650205580601,118.57230496026004,608.7148246162947,46.613943669931295,105516.70431837987,1050.5960266781829,0.00044917905456837463,-1.9368341000859316e-07,2.9326056611725016e-05,101325.0
278.0,0.00015712913227826424,0.0001499075890423369,118.51696117694318,608.6929320773224,46.627622622442566,105516.19382907984,1050.5079684816135,0.0004489715717608975,-2.2127752324045033e-07,2.9326056611725016e-05,101325.0
279.0,0.00015706323152093123,0.00014984471703697024,118.45851614058824,608.6681288323808,46.64129811938949,105519.40537894683,1050.4304805727188,0.0004487365095077503,-2.4884167903776507e-07,2.9326056611725016e-05,101325.0
280.0,0.00015698941206561298,0.00014977429027134934,118.39462804271963,608.6404176914469,46.65497016814996,105524.25068846082,1050.3576194056889,0.00044847389963259933,-2.7637214565507737e-07,2.9326056611725016e-05,101325.0
281.0,0.0001569068037745362,0.00014969547859861447,118.32437619049261,608.609801899163,46.668638672558636,105529.90401359955,1050.2870325534614,0.00044818377768861793,-3.038651959079029e-07,2.9326056611725016e-05,101325.0
282.0,0.00015681517574612543,0.00014960806172926248,118.24751445846194,608.576285102605,46.68230348910471,105536.13904348382,1050.2180721613965,0.0004478661829536732,-3.313171076773311e-07,2.9326056611725016e-05,101325.0
283.0,0.00015671447316161432,0.00014951198736395856,118.1639822388455,608.5398713231358,46.69596445676327,105542.89389016505,1050.1505578829692,0.00044752115842500834,-3.5872416441394637e-07,2.9326056611725016e-05,101325.0
284.0,0.0001566046828629809,0.00014940724294941406,118.07376251816758,608.5005649440329,46.7096214077298,105550.14476495325,1050.0844176914825,0.00044714875081342155,-3.86082655640987e-07,2.9326056611725016e-05,101325.0
285.0,0.0001564858017121164,0.00014929382549174543,117.97684847328348,608.4583707071204,46.72327417050826,105557.87622394107,1050.0196032853248,0.00044674901053694217,-4.1338887745668033e-07,2.9326056611725016e-05,101325.0
286.0,0.00015635782958789538,0.00014917173487539412,117.87323607889373,608.4132937124581,46.73692257077114,105566.0745734738,1049.956071341356,0.00044632199171400466,-4.4063913303569856e-07,2.9326056611725016e-05,101325.0
287.0,0.00015622076792734613,0.00014904097247134363,117.76292256787772,608.3653394188881,46.75056643162735,105574.72649013318,1049.8937795924755,0.0004458677521561221,-4.678297331296466e-07,2.9326056611725016e-05,101325.0
288.0,0.00015607461948688195,0.00014890154090932441,117.64590617956506,608.31451364477,46.76420557373296,105583.81878935966,1049.8326861701214,0.00044538635336005967,-4.949569965665236e-07,2.9326056611725016e-05,101325.0
289.0,0.00015591938835276807,0.00014875344408779988,117.52218617112179,608.2608225687147,46.7778398153586,105593.33842933454,1049.772749615277,0.000444877860499508,-5.220172507491007e-07,2.9326056611725016e-05,101325.0
290.0,0.00015575507998627543,0.00014859668721704482,117.39176286559211,608.2042727302577,46.79146897244388,105603.27254809314,1049.7139289837842,0.00044434234241626095,-5.490068321521326e-07,2.9326056611725016e-05,101325.0
291.0,0.0001555817012608655,0.00014843127685462134,117.25463769158064,608.1448710304574,46.80509285864738,105613.60849362738,1049.6561839316273,0.0004437798716108945,-5.759220868183302e-07,2.9326056611725016e-05,101325.0
292.0,0.0001553992604868201,0.0001482572209288766,117.11081320973994,608.0826247324128,46.81871128539432,105624.33384260109,1049.5994747677769,0.00044319052423295207,-6.027593708530596e-07,2.9326056611725016e-05,101325.0
293.0,0.00015520776742594138,0.00014807452875296724,116.96029312883762,608.017541461701,46.832324061922826,105635.43641011351,1049.5437624815356,0.0004425743800706346,-6.295150509176617e-07,2.9326056611725016e-05,101325.0
294.0,0.0001550072332993666,0.00014788321103231502,116.80308231461734,607.9496292067325,46.8459309953287,105646.90425335354,1049.489008752471,0.0004419315225399986,-6.561855047213463e-07,2.9326056611725016e-05,101325.0
295.0,0.00015479767079077438,0.00014768327986766573,116.63918679385775,607.8788963190292,46.859531890609,105658.72567127137,1049.4351759489905,0.00044126203867366333,-6.827671215115971e-07,2.9326056611725016e-05,101325.0
296.0,0.00015457909404652088,0.00014747474875521907,116.46861375525242,607.8053515134208,46.873126550704264,105670.88920170354,1049.382227119642,0.0004405660191090274,-7.092563025630078e-07,2.9326056611725016e-05,101325.0
297.0,0.00015435151867371392,0.00014725763258479127,116.2913715481753,607.7290038681651,46.88671477653954,105683.38361688895,1049.3301259798093,0.0004398435580759984,-7.356494616644879e-07,2.9326056611725016e-05,101325.0
298.0,0.0001541149617368852,0.00014703194763664027,116.10746968002721,607.6498628249908,46.90029636706419,105696.19791798964,1049.278836895548,0.0004390947533842353,-7.619430256047855e-07,2.9326056611725016e-05,101325.0
299.0,0.00015386944175369463,0.00014679771157736747,115.91691881262156,607.5679381890627,46.913871119290526,105709.32132901592,1049.2283248657043,0.0004383197064099069,-7.881334346562388e-07,2.9326056611725016e-05,101325.0
300.0,0.00015361497868995595,0.00014655494345517203,115.71973075791377,607.4832401288727,46.92743882833128,105722.74329042147,1049.1785555030667,0.000437518522081967,-8.142171430567041e-07,2.9326056611725016e-05,101325.0
301.0,0.00015335159395417778,0.00014630366369464273,115.51591847327856,607.3957791760552,46.940999287436064,105736.4534525442,1049.1294950150564,0.00043669130886794853,-8.401906194896001e-07,2.9326056611725016e-05,101325.0
302.0,0.00015307931039175245,0.0001460438940912139,115.30549605647464,607.3055662251284,46.95455228802666,105750.44166901174,1049.081110184295,0.00043583817875927905,-8.660503475619902e-07,2.9326056611725016e-05,101325.0
303.0,0.00015279815227888289,0.00014577565780537146,115.08847874039121,607.2126125331623,46.96809761973143,105764.69799019038,1049.0333683492743,0.00043495924725611885,-8.917928262806417e-07,2.9326056611725016e-05,101325.0
304.0,0.0001525081453163103,0.00014549897935666877,114.86488288764208,607.1169297193738,46.98163507041866,105779.21265673154,1048.9862373852802,0.0004340546333517238,-9.174145705260101e-07,2.9326056611725016e-05,101325.0
305.0,0.00015220931662288554,0.0001452138846175936,114.63472598505214,607.0185297646494,46.99516442622903,105793.97609325092,1048.9396856856781,0.00043312445951633607,-9.429121115240665e-07,2.9326056611725016e-05,101325.0
306.0,0.00015190169472901417,0.00014492040080731436,114.39802663806718,606.9174250109962,47.00868547160718,105808.97890216371,1048.8936821436187,0.0004321688516806031,-9.682819973159102e-07,2.9326056611725016e-05,101325.0
307.0,0.00015158530956999549,0.00014461855648532527,114.15480456510818,606.8136281609226,47.022197989332426,105824.21185769071,1048.848196134214,0.00043118793921852904,-9.935207932251153e-07,2.9326056611725016e-05,101325.0
308.0,0.0001512601924792695,0.00014430838154500368,113.90508059188406,606.7071522767475,47.03570176054867,105839.66590004471,1048.8031974972077,0.0004301818549299591,-1.0186250823227274e-06,2.9326056611725016e-05,101325.0
309.0,0.0001509263761815806,0.00014398990720708804,113.64887664567175,606.5980107798405,47.049196564793526,105855.33212979985,1048.7586565201461,0.0004291507350226011,-1.0435914658898574e-06,2.9326056611725016e-05,101325.0
310.0,0.00015058389478606393,0.00014366316601308182,113.38621574956933,606.4862174497922,47.06268218002673,105871.20180244799,1048.7145439220678,0.000428094719093585,-1.068416563877822e-06,2.9326056611725016e-05,101325.0
311.0,0.00015023278377925713,0.00014332819181858664,113.1171220167248,606.3717864235157,47.07615838265778,105887.2663231394,1048.6708308376958,0.0004270139501105631,-1.0930970153657427e-06,2.9326056611725016e-05,101325.0
312.0,0.0001498730800180395,0.00014298501978656585,112.84162064454173,606.2547321942794,47.089624947573,105903.51724160687,1048.62748880214,0.00042590857439235547,-1.1176294790155596e-06,2.9326056611725016e-05,101325.0
313.0,0.00014950482172249792,0.00014263368638053826,112.55973790886098,606.1350696106726,47.10308164816185,105919.94624726978,1048.584489736091,0.00042477874158913993,-1.142010633524399e-06,2.9326056611725016e-05,101325.0
314.0,0.00014912804846871935,0.00014227422935770206,112.27150115811764,606.0128138755028,47.11652825634269,105936.54516451414,1048.5418059315,0.00042362460466219216,-1.1662371780742229e-06,2.9326056611725016e-05,101325.0
315.0,0.00014874280118150782,0.00014190668776198635,111.97693880747057,605.8879805446267,47.12996454258798,105953.30594814461,1048.4994100377326,0.00042244631986317744,-1.190305832778705e-06,2.9326056611725016e-05,101325.0
316.0,0.0001483491221270243,0.00014153110191702937,111.67608033290233,605.7605855257135,47.143390275948825,105970.22067900369,1048.4572750481802,0.0004212440467129959,-1.2142133391272777e-06,2.9326056611725016e-05,101325.0
317.0,0.00014794705490534676,0.00014114751341908047,111.3689562652862,605.6306450769439,47.15680522407912,105987.28155975322,1048.4153742873184,0.0004200179479801867,-1.2379564604262842e-06,2.9326056611725016e-05,101325.0
318.0,0.00014753664444294804,0.00014075596512982377,111.05559818441742,605.4981758056413,47.17020915325908,106004.48091081332,1048.373681398197,0.0004187681896588915,-1.2615319822371666e-06,2.9326056611725016e-05,101325.0
319.0,0.0001471179369850887,0.0001403565011691205,110.73603871300494,605.3631946668387,47.183601828418354,106021.81116645409,1048.3321703303493,0.00041749494094638144,-1.284936712811658e-06,2.9326056611725016e-05,101325.0
320.0,0.00014669098008812195,0.00013994916690766775,110.41031151062047,605.2257189617808,47.196983013158686,106039.26487103481,1048.2908153281026,0.00041619837422015064,-1.3081674835238915e-06,2.9326056611725016e-05,101325.0
321.0,0.00014625582261170808,0.00013953400895957047,110.07845126760121,605.0857663363611,47.210352469776126,106056.83467538595,1048.2495909192803,0.000414878665014579,-1.3312211492993779e-06,2.9326056611725016e-05,101325.0
322.0,0.00014581251471093478,0.0001391110751748242,109.74049369890268,604.9433547794946,47.223709959282836,106074.51333332933,1048.2084719042812,0.00041353599199716765,-1.3540945890408042e-06,2.9326056611725016e-05,101325.0
323.0,0.00014536110782834144,0.00013868041463170575,109.39647553789838,604.7985026214276,47.23705524142854,106092.293698332,1048.1674333455207,0.00041217053694435037,-1.3767847060505781e-06,2.9326056611725016e-05,101325.0
324.0,0.00014490165468584372,0.00013824207762906906,109.04643453012248,604.651228531983,47.25038807472159,106110.16872028848,1048.126450557222,0.00041078248471688365,-1.3992884284500661e-06,2.9326056611725016e-05,101325.0
325.0,0.00014443420927655621,0.00013779611567854355,108.69040942695244,604.5015515187429,47.26370821644969,106128.13144242825,1048.0854990955445,0.0004093720232348199,-1.4216027095954862e-06,2.9326056611725016e-05,101325.0
326.0,0.0001439588268565102,0.00013734258149663252,108.3284399792281,604.3494909251692,47.27701542270031,106146.1749983433,1048.0445547490388,0.0004079393434520657,-1.443724528490368e-06,2.9326056611725016e-05,101325.0
327.0,0.0001434755639362637,0.00013688152899670898,107.96056693080386,604.1950664286607,47.2903094483808,106164.29260913173,1048.0035935294122,0.00040648463933053007,-1.4656508901945473e-06,2.9326056611725016e-05,101325.0
328.0,0.00014298447827240177,0.00013641301328090632,107.58683201203108,604.0382980385486,47.30359004723824,106182.47758065416,1047.962591662598,0.0004050081078138648,-1.4873788262296363e-06,2.9326056611725016e-05,101325.0
329.0,0.00014248562885892384,0.00013593709063190173,107.20727793316715,603.8792060940311,47.316856971878956,106200.72330089798,1047.9215255801123,0.0004035099488008016,-1.508905394980908e-06,2.9326056611725016e-05,101325.0
330.0,0.00014197907591851646,0.0001354538185045899,106.82194837770875,603.7178112620454,47.330109973787906,106219.02323744693,1047.8803719106938,0.00040199036511808916,-1.5302276820955383e-06,2.9326056611725016e-05,101325.0
331.0,0.00014146488089370845,0.00013496325551764468,106.43088799564589,603.5541345350798,47.343348803347745,106237.3709350516,1047.8391074722085,0.0004004495624930332,-1.5513428008771699e-06,2.9326056611725016e-05,101325.0
332.0,0.00014094310643790676,0.000134465461444967,106.03414239663434,603.3881972289247,47.356573209857714,106255.76001329765,1047.7977092638155,0.0003988877495256448,-1.5722478926767216e-06,2.9326056611725016e-05,101325.0
333.0,0.00014041381640631057,0.00013396049720701644,105.63175814308332,603.2200209803635,47.369782941552344,106274.18416436893,1047.7561544583803,0.0003973051376603989,-1.592940127279401e-06,2.9326056611725016e-05,101325.0
334.0,0.0001398770758467018,0.0001334484248620251,105.22378274315619,603.0496277448035,47.38297774561997,106292.63715090141,1047.7144203951295,0.0003957019411576085,-1.6134167032878745e-06,2.9326056611725016e-05,101325.0
335.0,0.00013933295099010992,0.0001329293075970914,104.81026464368132,602.8770397938474,47.396157368221076,106311.11280392579,1047.6724845725325,0.00039407837706441665,-1.633674848501531e-06,2.9326056611725016e-05,101325.0
336.0,0.0001387815092413493,0.00013240320971915238,104.39125322297082,602.7022797128056,47.409321554506526,106329.60502089521,1047.6303246414077,0.00039243466518541255,-1.6537118202917895e-06,2.9326056611725016e-05,101325.0
337.0,0.00013822281916942743,0.00013187019664583267,103.96679878354475,602.5253703981497,47.42247004863563,106348.10776379566,1047.587918398239,0.0003907710280528728,-1.6735249059734132e-06,2.9326056611725016e-05,101325.0
338.0,0.00013765695049782205,0.00013133033489616853,103.53695254475855,602.346335054907,47.4356025937941,106366.61505733593,1047.5452437786983,0.00038908769089663427,-1.6931114231717598e-06,2.9326056611725016e-05,101325.0
339.0,0.00013708397409462582,0.00013078369208120545,103.10176663533147,602.1651971939975,47.448718932211925,106385.12098721483,1047.5022788513634,0.0003873848816136021,-1.7124687201859309e-06,2.9326056611725016e-05,101325.0
340.0,0.0001365039619625571,0.00013023033689446803,102.66129408577402,601.9819806295136,47.46181880518113,106403.6196984634,1047.4590018116269,0.0003856628307368954,-1.7315941763477734e-06,2.9326056611725016e-05,101325.0
341.0,0.000135916987228835,0.0001296703391023004,102.2155888207122,601.7967094759407,47.474901953073484,106422.10539385864,1047.4153909757824,0.00038392177140463685,-1.7504852023766757e-06,2.9326056611725016e-05,101325.0
342.0,0.00013532312413491816,0.00012910376953407645,101.76470565110696,601.6094081453225,47.4879681153581,106440.57233240773,1047.3714247752891,0.0003821619393283903,-1.7691392407301104e-06,2.9326056611725016e-05,101325.0
343.0,0.00013472244802610484,0.00012853070007227816,101.30870026636674,601.420101344369,47.50101703061907,106459.01482789968,1047.3270817512002,0.00038038357276124824,-1.7875537659498883e-06,2.9326056611725016e-05,101325.0
344.0,0.00013411503534099456,0.00012795120364244132,100.8476292263515,601.2288140715078,47.514048436572956,106477.4272475227,1047.2823405487543,0.00037858691246557644,-1.8057262850040699e-06,2.9326056611725016e-05,101325.0
345.0,0.00013350096360080895,0.00012736535420296733,100.3815499532665,601.0355716138807,47.527062070086366,106495.80401054442,1047.2371799121177,0.0003767722016804191,-1.8236543376244681e-06,2.9326056611725016e-05,101325.0
346.0,0.0001328803113985716,0.00012677322673480026,99.91052072344434,600.8403995442833,47.54005766719342,106514.13958705428,1047.191578679276,0.00037493968608856733,-1.8413354966397435e-06,2.9326056611725016e-05,101325.0
347.0,0.00013225315838814565,0.00012617489723096832,99.43460065901365,600.6433237180507,47.553034963113305,106532.42849676468,1047.145515777067,0.0003730896137832982,-1.8587673683039987e-06,2.9326056611725016e-05,101325.0
348.0,0.00013161958527312847,0.0001255704426859889,98.95384971945323,600.4443702698883,47.56599369226775,106550.66530787044,1047.0989702163477,0.00037122223523478694,-1.8759475926208482e-06,2.9326056611725016e-05,101325.0
349.0,0.00013097967379560238,0.0001249599410851363,98.46832869302989,600.2435656106476,47.57893358829862,106568.84463596364,1047.0519210872917,0.0003693378032561968,-1.8928738436629337e-06,2.9326056611725016e-05,101325.0
350.0,0.00013033350672474116,0.00012434347139357198,97.97809918811916,600.0409364240488,47.59185438408546,106586.96114300261,1047.0043475548089,0.00036743657296945266,-1.9095438298868115e-06,2.9326056611725016e-05,101325.0
351.0,0.00012968116784527127,0.00012372111354533587,97.48322362440753,599.8365096633503,47.604755811763134,106605.00953633367,1046.9562288540862,0.0003655188017707013,-1.9259552944431927e-06,2.9326056611725016e-05,101325.0
352.0,0.0001290227419457877,0.0001230929484321994,96.98376522397491,599.6303125479639,47.617637602739535,106622.98456776353,1046.9075442862386,0.0003635847492954643,-1.9421060154824826e-06,2.9326056611725016e-05,101325.0
353.0,0.00012835831480692355,0.00012245905789237872,96.47978800225668,599.4223725600186,47.6304994877133,106640.88103268089,1046.858273214069,0.00036163467738348714,-1.957993806455587e-06,2.9326056611725016e-05,101325.0
354.0,0.00012768797318937338,0.00012181952469910858,95.97135675888391,599.2127174408722,47.643341196691665,106658.69376922594,1046.8083950579314,0.00035966885004329134,-1.97361651640993e-06,2.9326056611725016e-05,101325.0
355.0,0.00012701180482176978,0.00012117443254907595,95.45853706840137,599.0013751875703,47.65616245900838,106676.41765750655,1046.7578892916915,0.0003576875334164305,-1.9889720302806655e-06,2.9326056611725016e-05,101325.0
356.0,0.00012632989838841295,0.00012052386605071363,94.94139527086207,598.7883740492547,47.66896300334173,106694.04761885914,1046.7067354387805,0.0003556909957414599,-2.0040582691770194e-06,2.9326056611725016e-05,101325.0
357.0,0.00012564234351685326,0.00011986791071235347,94.41999846229785,598.5737425235216,47.68174255773268,106711.57861515287,1046.6549130683359,0.0003536795073176212,-2.0188731906637395e-06,2.9326056611725016e-05,101325.0
358.0,0.00012494923076532648,0.0001192066529302391,93.89441448506533,598.3575093527281,47.694500849603116,106729.00564813717,1046.60240179143,0.00035165334046824794,-2.033414789037605e-06,2.9326056611725016e-05,101325.0
359.0,0.00012425065161004203,0.00011854017997639838,93.3647119180665,598.1397035202505,47.70723760577424,106746.32375882915,1046.5491812573728,0.0003496127695038976,-2.0476810955989718e-06,2.9326056611725016e-05,101325.0
360.0,0.0001235466984323239,0.00011786857998637531,92.83096006684377,597.9203542466915,47.71995255248509,106763.52802694196,1046.4952311500936,0.0003475580706852144,-2.0616701789183e-06,2.9326056611725016e-05,101325.0
361.0,0.00012283746450560476,0.00011719194194682188,92.29322895354855,597.699490986041,47.73264541541125,106780.61357035118,1046.4405311845924,0.0003454895221855276,-2.0753801450976387e-06,2.9326056611725016e-05,101325.0
362.0,0.0001221230439822731,0.00011651035568294973,91.75158930678339,597.477143421786,47.745315919683655,106797.57554459923,1046.3850611034586,0.0003434074040531917,-2.0888091380270302e-06,2.9326056611725016e-05,101325.0
363.0,0.00012140353188037402,0.00011582391184584217,91.20611255131722,597.2533414629743,47.757963789907656,106814.4091424357,1046.328800673449,0.00034131199817367236,-2.101955339635796e-06,2.9326056611725016e-05,101325.0
364.0,0.00012067902407016382,0.00011513270189962662,90.65687079767352,597.028115240231,47.770588750182185,106831.10959339382,1046.2717296821297,0.00033920358823138347,-2.114816970138676e-06,2.9326056611725016e-05,101325.0
365.0,0.00011994961726051885,0.00011443681810850824,90.10393683159117,596.8014951017278,47.78319052411918,106847.67216340086,1046.213827934569,0.0003370824596712807,-2.127392288276784e-06,2.9326056611725016e-05,101325.0
366.0,0.00011921540898519912,0.00011373635352366474,89.54738410335803,596.5735116091058,47.795768834863175,106864.09215442183,1046.1550752500816,0.0003349488996602171,-2.139679591553343e-06,2.9326056611725016e-05,101325.0
367.0,0.00011847649758896726,0.00011303140197000338,88.98728671701708,596.3441955333541,47.80832340511113,106880.36490413612,1046.095451459021,0.00033280319704806504,-2.1516772164641796e-06,2.9326056611725016e-05,101325.0
368.0,0.00011773298221356354,0.0001123220580327805,88.42371941944548,596.1135778506416,47.82085395713247,106896.48578564501,1046.0349363996136,0.00033064564232861084,-2.1633835387229334e-06,2.9326056611725016e-05,101325.0
369.0,0.0001169849627835374,0.00011160841704408426,87.85675758930614,595.881689738106,47.833360212789366,106912.45020720999,1045.973509914834,0.0003284765276002266,-2.1747969734809583e-06,2.9326056611725016e-05,101325.0
370.0,0.00011623253999193656,0.0001108905750691815,87.28647722587272,595.6485625695981,47.84584189355727,106928.25361202117,1045.911151849316,0.00032629614652632423,-2.185915975541889e-06,2.9326056611725016e-05,101325.0
371.0,0.00011547581528585443,0.00011016862889272931,86.71295493772764,595.4142279113828,47.85829872054572,106943.8914779938,1045.847842046295,0.00032410479429559867,-2.1967390395708357e-06,2.9326056611725016e-05,101325.0
372.0,0.00011471489085183668,0.00010944267600485236,86.13626793133398,595.178717517798,47.870730414519365,106959.35931759322,1045.783560344581,0.0003219027675820639,-2.2072647002981783e-06,2.9326056611725016e-05,101325.0
373.0,0.00011394986960114815,0.0001087128145870869,85.55649399948129,594.9420633268712,47.88313669591934,106974.65267768709,1045.7182865755567,0.0003196903645048878,-2.2174915327179444e-06,2.9326056611725016e-05,101325.0
374.0,0.00011318085515490091,0.00010797914349819234,84.97371150960613,594.7042974558949,47.89551728488488,106989.76713942346,1045.6520005601953,0.00031746788458803177,-2.2274181522807307e-06,2.9326056611725016e-05,101325.0
375.0,0.0001124079518290449,0.00010724176225983171,84.3879993919877,594.4654521969611,47.90787190127527,107004.69831813514,1045.5846821061032,0.00031523562871970057,-2.237043215081149e-06,2.9326056611725016e-05,101325.0
376.0,0.00011163126461922202,0.00010650077104212183,83.79943712781917,594.2255600124558,47.9202002646921,107019.44186326835,1045.5163110045705,0.00031299389911160577,-2.2463654180397685e-06,2.9326056611725016e-05,101325.0
377.0,0.00011085089918548525,0.00010575627064905476,83.20810473715555,593.9846535305146,47.93250209450182,107033.9934583363,1045.44686702764,0.00031074299925805155,-2.255383499079535e-06,2.9326056611725016e-05,101325.0
378.0,0.00011006696183688397,0.0001050083625037915,82.61408276673879,593.7427655404389,47.94477710985871,107048.348820895,1045.3763299251818,0.00030848323389484687,-2.264096237296633e-06,2.9326056611725016e-05,101325.0
379.0,0.00010927955951591694,0.00010425714863382961,82.017452277701,593.4999289880743,47.957025029728115,107062.50370254302,1045.3046794219747,0.00030621490895804877,-2.272502453125777e-06,2.9326056611725016e-05,101325.0
380.0,0.00010848879978285445,0.00010350273165604582,81.41829483314665,593.2561769711524,47.9692455729101,107076.45388894287,1045.2318952147907,0.00030393833154254306,-2.2806010084999066e-06,2.9326056611725016e-05,101325.0
381.0,0.00010769479079993122,0.00010274521476161539,80.81669248561474,593.011542734595,47.98143845806347,107090.19519986324,1045.1579569694768,0.0003016538098604699,-2.2883908070042616e-06,2.9326056611725016e-05,101325.0
382.0,0.00010689764131541155,0.00010198470170080969,80.21272776442214,592.7660596657829,47.993603403730205,107103.72348924336,1045.0828443180374,0.0002993616531994952,-2.2958707940248202e-06,2.9326056611725016e-05,101325.0
383.0,0.00010609746064752864,0.00010122129676767364,79.60648366288909,592.5197612897903,48.00574012836023,107117.03464527612,1045.006536855705,0.0002970621718809393,-2.303039956891075e-06,2.9326056611725016e-05,101325.0
384.0,0.00010529435866829966,0.0001004551047845846,78.99804362544802,592.2726812645831,48.01784835033669,107130.12459051183,1044.9290141380056,0.0002947556772177636,-2.3098973250131363e-06,2.9326056611725016e-05,101325.0
385.0,0.00010448844578721856,9.968623108669463e-05,78.38749153463716,592.0248533761855,48.029927788001636,107142.98928198026,1044.8502556778076,0.000292442481472424,-2.316441970013129e-06,2.9326056611725016e-05,101325.0
386.0,0.00010367983293482839,9.891478150625787e-05,77.77491169798022,591.7763115338129,48.0419781596821,107155.62471133139,1044.7702409423587,0.00029012289781459656,-2.3226730058508823e-06,2.9326056611725016e-05,101325.0
387.0,0.00010286863154617525,9.814086235684493e-05,77.16038883475332,591.527089764972,48.05399918371674,107168.02690499439,1044.688949350301,0.0002877972402787771,-2.328589588943889e-06,2.9326056611725016e-05,101325.0
388.0,0.00010205495354414597,9.73645804174463e-05,76.54400806264127,591.2772222105315,48.065990578482875,107180.19192435325,1044.6063602686675,0.000285465823721768,-2.334190918281508e-06,2.9326056611725016e-05,101325.0
389.0,0.00010123891132269138,9.658604291646671e-05,75.92585488428391,591.0267431197606,48.07795206242406,107192.11586593927,1044.522453009851,0.00028312896378005143,-2.3394762355334085e-06,2.9326056611725016e-05,101325.0
390.0,0.00010042061772993776,9.580535751561279e-05,75.30601517371498,590.7756868453389,48.08988335407819,107203.79486164112,1044.4372068285497,0.0002807869768270554,-2.3444448251522426e-06,2.9326056611725016e-05,101325.0
391.0,9.960018605118845e-05,9.502263229367582e-05,74.68457516269473,590.5240878383372,48.10178417210609,107215.22507892839,1044.3506009186794,0.00027844017993032446,-2.3490960144705084e-06,2.9326056611725016e-05,101325.0
392.0,9.877772999181803e-05,9.423797573021222e-05,74.06162142693815,590.2719806431702,48.11365423532071,107226.40272109286,1044.2626144102558,0.0002760888908085919,-2.353429173791627e-06,2.9326056611725016e-05,101325.0
393.0,9.795336366006167e-05,9.345149668912376e-05,73.4372408722408,590.0193998925222,48.12549326271683,107237.32402750307,1044.173226366239,0.0002737334277887664,-2.3574437164751883e-06,2.9326056611725016e-05,101325.0
394.0,9.712720154970193e-05,9.266330440214012e-05,72.81152072050415,589.766380302247,48.13730097350142,107247.98527387407,1044.082415779343,0.0002713741097628356,-2.361139099016379e-06,2.9326056611725016e-05,101325.0
395.0,9.629935852265554e-05,9.1873508452206e-05,72.18454849566214,589.5129566662415,48.149077087124546,107258.38277255064,1043.9901615688025,0.00026901125614469393,-2.3645148211195526e-06,2.9326056611725016e-05,101325.0
396.0,9.546994979146309e-05,9.108221875677552e-05,71.55641200951149,589.2591638512961,48.16082132331096,107268.51287280513,1043.8964425770973,0.00026664518682689703,-2.3675704257659767e-06,2.9326056611725016e-05,101325.0
397.0,9.463909090168407e-05,9.028954555101637e-05,70.92719934744761,589.0050367919199,48.17253340209231,107278.37196114686,1043.8012375666317,0.00026427622213735623,-2.370305499275694e-06,2.9326056611725016e-05,101325.0
398.0,9.380689771420002e-05,8.949559937092631e-05,70.29699885410828,588.7506104851448,48.18421304384003,107287.95646164607,1043.704525216366,0.00026190468279596905,-2.3727196713635318e-06,2.9326056611725016e-05,101325.0
399.0,9.297348638742885e-05,8.870049103636497e-05,69.66589911892764,588.4959199853066,48.19585996929893,107297.26283626932,1043.6062841183978,0.00025953088987119984,-2.3748126151892354e-06,2.9326056611725016e-05,101325.0
400.0,9.213897335945314e-05,8.790433163400338e-05,69.03398896160263,588.2410003988064,48.207473899621505,107306.28758522749,1043.506492774491,0.00025715516473661184,-2.3765840474017135e-06,2.9326056611725016e-05,101325.0
401.0,9.130347533006527e-05,8.710723250019441e-05,68.4013574174743,587.9858868788508,48.219054556403016,107315.02724733495,1043.405129592552,0.0002547778290273594,-2.3780337281774008e-06,2.9326056611725016e-05,101325.0
402.0,9.04671092427326e-05,8.630930520376679e-05,67.7680937228266,587.7306146201745,48.230601661717316,107323.47840038163,1043.3021728830458,0.0002523992045966415,-2.3791614612527266e-06,2.9326056611725016e-05,101325.0
403.0,8.962999226648594e-05,8.551066152874595e-05,67.13428730010529,587.4752188537437,48.24211493815348,107331.6376615147,1043.1976008553597,0.00025001961347213077,-2.379967093950683e-06,2.9326056611725016e-05,101325.0
404.0,8.879224177773412e-05,8.47114134570044e-05,66.50002774305912,587.2197348414434,48.25359410885328,107339.50168763244,1043.0913916141,0.0002476393778123739,-2.380450517201501e-06,2.9326056611725016e-05,101325.0
405.0,8.795397534200835e-05,8.39116731508451e-05,65.8654048018068,586.9641978707479,48.265038897549516,107347.06717578867,1042.9835231553354,0.0002452588198631776,-2.3806116655574095e-06,2.9326056611725016e-05,101325.0
406.0,8.71153106956394e-05,8.311155293552076e-05,65.2305083678316,586.7086432493766,48.27644902860524,107354.33086360758,1042.8739733627692,0.0002428782619139811,-2.380450517201501e-06,2.9326056611725016e-05,101325.0
407.0,8.627636572737118e-05,8.231116528169238e-05,64.59542845890711,586.4531062999359,48.2878242270539,107361.28952970864,1042.7627200038528,0.00024049802625422442,-2.379967093950683e-06,2.9326056611725016e-05,101325.0
408.0,8.543725845991406e-05,8.151062278783047e-05,63.960255203956734,586.1976223545477,48.29916421864043,107367.93999414328,1042.6497407258325,0.00023811843512971354,-2.3791614612527266e-06,2.9326056611725016e-05,101325.0
409.0,8.459810703144164e-05,8.071003816256215e-05,63.32507882785,585.9422267494655,48.310468729863345,107374.27911883949,1042.535013051728,0.00023573981069899584,-2.378033728177401e-06,2.9326056611725016e-05,101325.0
410.0,8.375902967703433e-05,7.990952420696753e-05,62.68998963613854,585.6869548196805,48.32173748801789,107380.30380805855,1042.4185143762456,0.0002333624749897434,-2.3765840474017135e-06,2.9326056611725016e-05,101325.0
411.0,8.292014471007361e-05,7.91091937968292e-05,62.05507799973506,585.4318418935165,48.3329702212402,107386.01100886102,1042.3002219616253,0.0002309867498551554,-2.374812615189236e-06,2.9326056611725016e-05,101325.0
412.0,8.208157050359063e-05,7.830915986483795e-05,61.42043433953827,585.1769232872166,48.34416665855264,107391.39771158209,1042.1801129334158,0.000228612956930386,-2.3727196713635318e-06,2.9326056611725016e-05,101325.0
413.0,8.124342547157297e-05,7.750953538275863e-05,60.786149111007035,584.9222342995213,48.35532652991019,107396.46095031805,1042.0581642761863,0.000226241417588999,-2.370305499275694e-06,2.9326056611725016e-05,101325.0
414.0,8.040582805023331e-05,7.671043334355978e-05,60.15231278868709,584.6678102062406,48.36644956624815,107401.19780342293,1041.9343528291681,0.0002238724528994582,-2.3675704257659767e-06,2.9326056611725016e-05,101325.0
415.0,7.956889667924418e-05,7.591196674351076e-05,59.51901585069354,584.4136862548191,48.377535499531,107405.60539401429,1041.8086552818309,0.00022150638358166134,-2.3645148211195526e-06,2.9326056611725016e-05,101325.0
416.0,7.873274978294242e-05,7.511424856425006e-05,58.88634876315254,584.1598976588975,48.38858406280255,107409.68089049005,1041.6810481693924,0.00021914352996351961,-2.361139099016379e-06,2.9326056611725016e-05,101325.0
417.0,7.789750575150777e-05,7.431739175482892e-05,58.25440196460573,583.9064795928693,48.39959499023747,107413.42150705677,1041.5515078682652,0.00021678421193758882,-2.3574437164751887e-06,2.9326056611725016e-05,101325.0
418.0,7.706328292211945e-05,7.352150921373391e-05,57.62326585038071,583.6534671864355,48.41056801719413,107416.82450426689,1041.4200105914401,0.00021442874891776335,-2.353429173791627e-06,2.9326056611725016e-05,101325.0
419.0,7.623019956009496e-05,7.272671377089259e-05,56.99303075693133,583.4008955191574,48.421502880268996,107419.88718956892,1041.2865323838084,0.00021207745979603075,-2.3490960144705084e-06,2.9326056611725016e-05,101325.0
420.0,7.539837384001537e-05,7.193311816966628e-05,56.36378694615121,583.1487996150097,48.43239931735241,107422.60691786827,1041.1510491174306,0.00020973066289929984,-2.344444825152243e-06,2.9326056611725016e-05,101325.0
421.0,7.45679238268413e-05,7.114083504883394e-05,55.73562458966426,582.8972144369326,48.44325706768599,107424.98109210035,1041.0135364867467,0.0002073886759463038,-2.339476235533409e-06,2.9326056611725016e-05,101325.0
422.0,7.373896745702407e-05,7.034997692457139e-05,55.10863375309587,582.6461748813873,48.45407587192162,107427.00716381543,1040.8739700037393,0.0002050518160045872,-2.334190918281508e-06,2.9326056611725016e-05,101325.0
423.0,7.291162251961623e-05,6.956065617243008e-05,54.48290438032853,582.3957157729135,48.464855472182144,107428.68263377831,1040.732324993051,0.00020272039944757813,-2.328589588943889e-06,2.9326056611725016e-05,101325.0
424.0,7.20860066373861e-05,6.877298500931947e-05,53.85852627774565,582.1458718586906,48.47559561212381,107430.00505257914,1040.58857658706,0.00020039474191175868,-2.3226730058508823e-06,2.9326056611725016e-05,101325.0
425.0,7.126223724794064e-05,6.798707547549758e-05,53.23558909846747,581.8966778031046,48.48629603700051,107430.97202126098,1040.4426997209243,0.000198075158253931,-2.3164419700131285e-06,2.9326056611725016e-05,101325.0
426.0,7.04404315848614e-05,6.720303941657391e-05,52.61418232658292,581.6481681823201,48.49695649372991,107431.58119196112,1040.2946691275956,0.00019576196250859163,-2.3098973250131367e-06,2.9326056611725016e-05,101325.0
427.0,6.962070665885813e-05,6.642098846552912e-05,51.99439526138141,581.4003774788608,48.5075767309616,107431.83026856922,1040.1444593328156,0.00019345546784541574,-2.303039956891075e-06,2.9326056611725016e-05,101325.0
428.0,6.880317923894438e-05,6.564103402475592e-05,51.37631700158838,581.1533400761974,48.51815649914724,107431.71700740176,1039.9920446500992,0.00019115598652685997,-2.2958707940248207e-06,2.9326056611725016e-05,101325.0
429.0,6.798796583364037e-05,6.486328724812574e-05,50.760036429608796,580.9070902533452,48.52869555061284,107431.23921789632,1039.8373991757194,0.00018886382986588515,-2.288390807004261e-06,2.9326056611725016e-05,101325.0
430.0,6.717518267220749e-05,6.408785902308572e-05,50.14564219578261,580.6616621794724,48.53919363963331,107430.39476332293,1039.680496783698,0.00018657930818381197,-2.2806010084999066e-06,2.9326056611725016e-05,101325.0
431.0,6.636494568591916e-05,6.331485995279038e-05,49.53322270265606,580.41708990852,48.54965052250929,107429.18156151848,1039.5213111208197,0.00018430273076830645,-2.272502453125777e-06,2.9326056611725016e-05,101325.0
432.0,6.555737048937337e-05,6.254440033827295e-05,48.92286608927329,580.1734073738347,48.56006595764633,107427.59758564184,1039.3598156016803,0.0001820344058315083,-2.2640962372966333e-06,2.9326056611725016e-05,101325.0
433.0,6.475257236185128e-05,6.177659016066075e-05,48.31466021549206,579.9306483828155,48.5704397056367,107425.64086495359,1039.1959834037834,0.00017977464046830348,-2.2553834990795347e-06,2.9326056611725016e-05,101325.0
434.0,6.395066622872709e-05,6.101153906343949e-05,47.70869264632802,579.6888466115756,48.580771529343686,107423.30948562056,1039.0297874627038,0.00017752374061474947,-2.246365418039769e-06,2.9326056611725016e-05,101325.0
435.0,6.315176664293416e-05,6.024935633477113e-05,47.10505063633153,579.4480355996202,48.59106119398867,107420.60159154909,1038.8612004673307,0.00017528201100665443,-2.2370432150811484e-06,2.9326056611725016e-05,101325.0
436.0,6.23559877664924e-05,5.949015088987029e-05,46.50382111400152,579.2082487445417,48.60130846724104,107417.51538524602,1038.690194855218,0.00017304975513832325,-2.2274181522807303e-06,2.9326056611725016e-05,101325.0
437.0,6.156344335210182e-05,5.8734031253443725e-05,45.90509066624033,578.9695192967339,48.61151311931099,107414.04912871313,1038.5167428080533,0.0001708272752214676,-2.2174915327179457e-06,2.9326056611725016e-05,101325.0
438.0,6.077424672480767e-05,5.7981105542198156e-05,45.30894552285414,578.7318803541247,48.62167492304546,107410.20114437524,1038.3408162472792,0.00016861487214429134,-2.2072647002981788e-06,2.9326056611725016e-05,101325.0
439.0,5.9988510763742006e-05,5.7231481447420974e-05,44.715471541103,578.4953648569303,48.631793654027234,107405.96981604407,1038.1623868298832,0.00016641284543075636,-2.1967390395708353e-06,2.9326056611725016e-05,101325.0
440.0,5.9206347883947156e-05,5.6485266217639064e-05,44.124754190305126,578.2600055824312,48.64186909067735,107401.35358992351,1037.9814259443915,0.00016422149320003096,-2.1859159755418895e-06,2.9326056611725016e-05,101325.0
441.0,5.842787001828602e-05,5.5742566641360504e-05,43.53687853649941,578.02583513977,48.65190101436104,107396.35097565682,1037.7979047070912,0.00016204111212612862,-2.1747969734809587e-06,2.9326056611725016e-05,101325.0
442.0,5.765318859944478e-05,5.500348902990442e-05,42.95192922717095,577.7928859647751,48.66188920949719,107390.9605474199,1037.6117939585204,0.0001598719973977442,-2.1633835387229326e-06,2.9326056611725016e-05,101325.0
443.0,5.688241454203304e-05,5.426813920032379e-05,42.3699904760436,577.5611903148076,48.67183346367167,107385.18094506378,1037.4230642602568,0.0001577144426782903,-2.151677216464181e-06,2.9326056611725016e-05,101325.0
444.0,5.6115658224786946e-05,5.353662245842651e-05,41.7911460479442,577.3307802636357,48.68173356775449,107379.01087531305,1037.2316858920458,0.00015556874006613812,-2.1396795915533435e-06,2.9326056611725016e-05,101325.0
445.0,5.535302947288059e-05,5.280904358189972e-05,41.2154792437429,577.1016876963356,48.691589316021094,107372.44911301852,1037.0376288493146,0.0001534351800550745,-2.1273922882767842e-06,2.9326056611725016e-05,101325.0
446.0,5.459463754035109e-05,5.208550680354266e-05,40.6430728853738,576.8739443042217,48.701400506277864,107365.49450247594,1036.8408628411116,0.00015131405149497172,-2.1148169701386762e-06,2.9326056611725016e-05,101325.0
447.0,5.384059109264282e-05,5.136611579461311e-05,40.07400930094066,576.6475815798054,48.71116693999209,107358.1459588097,1036.6413572885292,0.00014920564155268282,-2.101955339635796e-06,2.9326056611725016e-05,101325.0
448.0,5.309099818927637e-05,5.0650973648292895e-05,39.50837030991198,576.4226308117852,48.72088842242652,107350.40246943024,1036.4390813236573,0.00014711023567316338,-2.08880913802703e-06,2.9326056611725016e-05,101325.0
449.0,5.234596626664752e-05,4.9940182863277424e-05,38.94623720840991,576.199123080068,48.7305647627787,107342.26309556891,1036.2340037891327,0.00014502811754082775,-2.07538014509764e-06,2.9326056611725016e-05,101325.0
450.0,5.160560212096217e-05,4.923384532749487e-05,38.3876907545977,575.9770892508234,48.74019577432534,107333.72697389963,1036.026093238345,0.0001429595690411408,-2.0616701789183003e-06,2.9326056611725016e-05,101325.0
451.0,5.08700118913125e-05,4.853206230196018e-05,37.83281115416998,575.7565599715716,48.74978127457187,107324.79331824837,1035.8153179363687,0.00014090487022245756,-2.047681095598972e-06,2.9326056611725016e-05,101325.0
452.0,5.0139301042900076e-05,4.783493440476922e-05,37.28167804595053,575.5375656663068,48.75932108540736,107315.46142140415,1035.6016458616955,0.00013886429925810727,-2.0334147890376054e-06,2.9326056611725016e-05,101325.0
453.0,4.941357435041187e-05,4.714256159523882e-05,36.734370487602234,575.3201365306558,48.76881503326509,107305.73065703489,1035.3850447088523,0.000136838132408734,-2.01887319066374e-06,2.9326056611725016e-05,101325.0
454.0,4.8692935881554546e-05,4.645504315819781e-05,36.190966941453595,575.1043025270739,48.77826294928903,107295.60048171789,1035.165481891984,0.00013482664398489514,-2.004058269177019e-06,2.9326056611725016e-05,101325.0
455.0,4.797748898075292e-05,4.5772477688434694e-05,35.65154526044644,574.8900933800792,48.7876646695063,107285.07043709372,1034.9429245495023,0.00013283010630992472,-1.988972030280666e-06,2.9326056611725016e-05,101325.0
456.0,4.726733625301859e-05,4.509496307530767e-05,35.11618267420971,574.6775385715257,48.79702003500603,107274.14015215493,1034.7173395498985,0.0001308487896830637,-1.9736165164099295e-06,2.9326056611725016e-05,101325.0
457.0,4.6562579547994494e-05,4.4422596487522484e-05,34.58495577526384,574.4666673359163,48.80632889212474,107262.8093456764,1034.4886934988301,0.0001288829623428679,-1.9579938064555863e-06,2.9326056611725016e-05,101325.0
458.0,4.5863319944181105e-05,4.375547435808357e-05,34.05794050536031,574.2575086557578,48.8155910926386,107251.07782880335,1034.2569527475998,0.00012693289043089092,-1.942106015482483e-06,2.9326056611725016e-05,101325.0
459.0,4.5169657733350797e-05,4.309369236942472e-05,33.535212141961516,574.0500912569569,48.82480649396272,107238.94550780568,1034.022083403152,0.0001249988379556539,-1.925955294443193e-06,2.9326056611725016e-05,101325.0
460.0,4.4481692405155804e-05,4.243734543872447e-05,33.016845284865425,573.8444436042611,48.83397495935783,107226.41238701357,1033.7840513397227,0.00012308106675690237,-1.9095438298868115e-06,2.9326056611725016e-05,101325.0
461.0,4.379952263193639e-05,4.178652770341247e-05,32.502913842980085,573.6405938967421,48.8430963581446,107213.47857194832,1033.5428222122944,0.00012117983647015834,-1.8928738436629341e-06,2.9326056611725016e-05,101325.0
462.0,4.3123246253735116e-05,4.114133250687246e-05,31.993491021252815,573.4385700633258,48.85217056592581,107200.14427266523,1033.2983614720029,0.00011929540449156812,-1.8759475926208476e-06,2.9326056611725016e-05,101325.0
463.0,4.24529602635237e-05,4.050185238434811e-05,31.488649307759275,573.2383997583679,48.861197464816826,107186.40980732234,1033.0506343836762,0.00011742802594305685,-1.858767368303998e-06,2.9326056611725016e-05,101325.0
464.0,4.178876079264854e-05,3.986817904905748e-05,30.988460460957224,573.0401103572772,48.87017694368445,107172.27560599693,1032.799606045677,0.00011557795363778786,-1.8413354966397444e-06,2.9326056611725016e-05,101325.0
465.0,4.113074309650175e-05,3.924040337852256e-05,30.492995497110595,572.8437289521868,48.87910889839464,107157.74221476752,1032.5452414122494,0.00011374543804593609,-1.823654337624469e-06,2.9326056611725016e-05,101325.0
466.0,4.047900154042384e-05,3.861861540111987e-05,30.002324677888755,572.6492823476751,48.88799323206931,107142.81030008284,1032.2875053185758,0.00011193072726077858,-1.8057262850040688e-06,2.9326056611725016e-05,101325.0
467.0,3.983362958584504e-05,3.8002904282858764e-05,29.516517498146772,572.4567970565369,48.896829855352486,107127.4806534413,1032.0263625087623,0.000110134066965107,-1.7875537659498898e-06,2.9326056611725016e-05,101325.0
468.0,3.9194719776671904e-05,3.7393358314393604e-05,29.035642673892077,572.2662992956052,48.90561868668619,107111.75419640796,1031.7617776669974,0.00010835570039796492,-1.7691392407301104e-06,2.9326056611725016e-05,101325.0
469.0,3.856236372592618e-05,3.6790064898276794e-05,28.559768130443487,572.077814981627,48.914359652596346,107095.63198599336,1031.4937154521358,0.0001065958683217182,-1.7504852023766748e-06,2.9326056611725016e-05,101325.0
470.0,3.7933832924106955e-05,3.619042092536471e-05,28.086039386916468,571.8913762753356,48.92305229330171,107067.97765084021,1031.1915112333606,0.0001048548089894599,-1.7315941763477747e-06,2.9326056611725016e-05,101325.0
471.0,3.730868929654378e-05,3.559400845458739e-05,27.613978924035052,571.7070345446588,48.93169496914726,107026.12686273431,1030.8478105047332,0.000103132758112753,-1.7124687201859309e-06,2.9326056611725016e-05,101325.0
472.0,3.668901510108706e-05,3.5002814044704456e-05,27.145720525672285,571.5248304226999,48.9402866566543,106977.54315586205,1030.4831050579494,0.00010142994882972081,-1.6931114231717598e-06,2.9326056611725016e-05,101325.0
473.0,3.6075873931355014e-05,3.44178524073274e-05,26.682340755800364,571.3447945927101,48.94882691271889,106925.97689771753,1030.1076711140058,9.974661167348239e-05,-1.6735249059734138e-06,2.9326056611725016e-05,101325.0
474.0,3.546981903790458e-05,3.383965136601081e-05,26.22438673322862,571.1669526780379,48.957315586624745,106873.28661524839,1029.7265815441035,9.808297454094261e-05,-1.6537118202917902e-06,2.9326056611725016e-05,101325.0
475.0,3.4871150977548435e-05,3.3268497664189874e-05,25.772143611348927,570.991327693355,48.965752674991705,106820.37885922784,1029.3422909024123,9.643926266193837e-05,-1.6336748485015303e-06,2.9326056611725016e-05,101325.0
476.0,3.428004735120551e-05,3.2704560740371525e-05,25.325769227373467,570.8179412528701,48.97413824998906,106767.69049791101,1028.9559617486639,9.481569856874676e-05,-1.6134167032878756e-06,2.9326056611725016e-05,101325.0
477.0,3.369662705775862e-05,3.214795402893044e-05,24.88536076398431,570.6468141525837,48.98247242467354,106715.43226239293,1028.5681344501643,9.321250206595621e-05,-1.5929401272794006e-06,2.9326056611725016e-05,101325.0
478.0,3.312098141976785e-05,3.159876465530675e-05,24.45098702850205,570.4779666435085,48.99075533678159,106663.70908112833,1028.1790581926564,9.162989020071035e-05,-1.5722478926767216e-06,2.9326056611725016e-05,101325.0
479.0,3.2553188884152966e-05,3.105706746105554e-05,24.022703692256698,570.3114185559897,48.99898714148313,106612.57807370044,1027.7888505602946,9.006807723332193e-05,-1.5513428008771707e-06,2.9326056611725016e-05,101325.0
480.0,3.199332177927849e-05,3.0522931450381117e-05,23.600560292690062,570.1471893542067,49.00716800837753,106562.07577375034,1027.3975724886916,8.852727460826602e-05,-1.5302276820955388e-06,2.9326056611725016e-05,101325.0
481.0,3.1441449336016596e-05,2.999642267235397e-05,23.184603363032704,569.9852981588878,49.01529812044663,106512.23058380197,1027.005262598095,8.700769092555343e-05,-1.508905394980907e-06,2.9326056611725016e-05,101325.0
482.0,3.0897639004390464e-05,2.9477605477042164e-05,22.774877796072705,569.8257637560063,49.02337767388962,106463.06835878428,1026.6119526266477,8.550953191249041e-05,-1.4873788262296378e-06,2.9326056611725016e-05,101325.0
483.0,3.0361957018462636e-05,2.8966543054437797e-05,22.37142742931921,569.6686045995067,49.03140687834947,106414.61490392943,1026.2176743781934,8.403300039582506e-05,-1.4656508901945473e-06,2.9326056611725016e-05,101325.0
484.0,2.9834468642969425e-05,2.846329766975629e-05,21.974295300591997,569.5138388115909,49.03938595731438,106366.89714982915,1025.8224630350912,8.257829627428943e-05,-1.443724528490368e-06,2.9326056611725016e-05,101325.0
485.0,2.9315238293563433e-05,2.796793077815264e-05,21.5835237726579,569.3614841820635,49.04731514860199,106319.94380558531,1025.4263590403389,8.114561649153527e-05,-1.4216027095954873e-06,2.9326056611725016e-05,101325.0
486.0,2.88043296143488e-05,2.7480503098693196e-05,21.199154613478612,569.211558167353,49.05519470488852,106273.78585254487,1025.0294095468817,7.973515500947151e-05,-1.399288428450067e-06,2.9326056611725016e-05,101325.0
487.0,2.8301805550620904e-05,2.70010746837523e-05,20.82122907122872,569.064077889456,49.06302489426784,106228.45705465559,1024.6316699187469,7.834710278200474e-05,-1.376784706050577e-06,2.9326056611725016e-05,101325.0
488.0,2.780772843780297e-05,2.6529705003861435e-05,20.449787965702054,568.9190601349085,49.07080600083445,106183.99459659743,1024.2332055899283,7.698164772918753e-05,-1.3540945890408059e-06,2.9326056611725016e-05,101325.0
489.0,2.732216012482668e-05,2.606645306541934e-05,20.08487181482711,568.7765213538344,49.07853832528775,106140.4399611224,1023.834094587454,7.563897471177613e-05,-1.3312211492993775e-06,2.9326056611725016e-05,101325.0
490.0,2.684516215672292e-05,2.5611377584891023e-05,19.726521021649923,568.6364776591146,49.086222185555116,106097.84020738759,1023.4344311632478,7.431926550620451e-05,-1.3081674835238913e-06,2.9326056611725016e-05,101325.0
491.0,2.6376796058266773e-05,2.516453725941664e-05,19.374776164603844,568.498944825732,49.09385791743011,106056.24992843998,1023.0343312988673,7.302269877997372e-05,-1.2849367128116587e-06,2.9326056611725016e-05,101325.0
492.0,2.5917123796254297e-05,2.4725991207842345e-05,19.02967847043977,568.363938290388,49.101445875218666,106015.7344053739,1022.6339415044583,7.174945006746365e-05,-1.2615319822371672e-06,2.9326056611725016e-05,101325.0
493.0,2.5466208573397882e-05,2.4295799728128792e-05,18.69127062633291,568.231473151571,49.10898643237889,105976.37497997445,1022.2334537177875,7.049969174616835e-05,-1.2379564604262832e-06,2.9326056611725016e-05,101325.0
494.0,2.5024116274818383e-05,2.387402567736351e-05,18.359598259524137,568.1015641704299,49.116479982124574,105938.27879220423,1021.8331321963517,6.927359301335928e-05,-1.2142133391272796e-06,2.9326056611725016e-05,101325.0
495.0,2.4590918290386833e-05,2.3460737164389798e-05,18.0347128243131,567.9742257731963,49.123926937928395,105901.59772614871,1021.4333656989,6.807131986317773e-05,-1.1903058327787058e-06,2.9326056611725016e-05,101325.0
496.0,2.416669748924385e-05,2.3056013249741477e-05,17.71667771322629,567.8494720568048,49.13132773377933,105866.56848172988,1021.0347776642052,6.689303506416285e-05,-1.1662371780742218e-06,2.9326056611725016e-05,101325.0
497.0,2.375156220616266e-05,2.2659957289202594e-05,17.4055825622157,567.7273168016335,49.13868282384422,105833.60643915345,1020.6384840196954,6.573889813721527e-05,-1.1420106335244004e-06,2.9326056611725016e-05,101325.0
498.0,2.3345683565278038e-05,2.227273254216432e-05,17.101581420813094,567.6077735013107,49.145992680632524,105803.55653315711,1020.2467817320327,6.460906533399968e-05,-1.1176294790155594e-06,2.9326056611725016e-05,101325.0
499.0,2.2949415414095653e-05,2.1894676593552473e-05,16.805015388295324,567.4908554361668,49.153257789210585,105778.50095288665,1019.86536427848,6.350368961579203e-05,-1.0930970153657425e-06,2.9326056611725016e-05,101325.0
500.0,2.2563821562327498e-05,2.152680436114081e-05,16.51695167200056,567.376575858233,49.160478630916415,105765.31472225791,1019.5130687523556,6.242292063277018e-05,-1.0684165638778229e-06,2.9326056611725016e-05,101325.0
501.0,2.2197100722170067e-05,2.1176937750140725e-05,16.24575495110092,567.2649483232675,49.167655649831595,105818.87308571479,1019.3403155009814,6.1366904703754e-05,-1.0435914658898582e-06,2.9326056611725016e-05,101325.0
502.0,2.1871610248857948e-05,2.0824130191822325e-05,16.000946761384288,567.1559795482568,49.174789818750824,106005.4433352028,1018.9209170371017,6.0335784796396e-05,-1.018625082322726e-06,2.9326056611725016e-05,101325.0
503.0,2.154716131977153e-05,2.0447232904252022e-05,15.746699238975866,567.0496314594058,49.18187855860155,106090.09272788388,1017.8294793434123,5.93297005078262e-05,-9.935207932251173e-07,2.9326056611725016e-05,101325.0
504.0,2.123389293188649e-05,2.0066564065977626e-05,15.4967201071563,566.9459330927822,49.18891647072767,106161.0980313438,1016.4493014042158,5.834878804575199e-05,-9.6828199731591e-07,2.9326056611725016e-05,101325.0
505.0,2.0948926642212537e-05,1.9669018832483998e-05,15.259199672748224,566.8448861667114,49.19589952083175,106274.46280783153,1014.4847798271388,5.739318021001905e-05,-9.429121115240663e-07,2.9326056611725016e-05,101325.0
506.0,2.0663566669200372e-05,1.9257445136578794e-05,15.014383368165795,566.7465059534677,49.20282161310023,106292.09199305173,1011.9936109513903,5.6463006374631323e-05,-9.174145705260109e-07,2.9326056611725016e-05,101325.0
507.0,2.038621431459976e-05,1.8842031065059982e-05,14.771615531704873,566.6508503680514,49.20967630039122,106276.14108360231,1009.1761210462699,5.555839247023632e-05,-8.917928262806425e-07,2.9326056611725016e-05,101325.0
508.0,2.0118618180830818e-05,1.8426843903313373e-05,14.533462775740999,566.5579477442041,49.21646012725388,106243.49050317857,1006.1124192392836,5.467946096707603e-05,-8.660503475619891e-07,2.9326056611725016e-05,101325.0
509.0,1.9861083179724334e-05,1.8014250178088035e-05,14.300898377835848,566.4678170295389,49.223170848923175,106200.36184556222,1002.8499242848961,5.3826330858406654e-05,-8.401906194896017e-07,2.9326056611725016e-05,101325.0
510.0,1.9613570681717523e-05,1.760592838132585e-05,14.074423666828537,566.3804729712894,49.22980692309361,106149.86181854352,999.4233937569022,5.299911764438814e-05,-8.142171430567039e-07,2.9326056611725016e-05,101325.0
511.0,1.937594253358445e-05,1.7203192619694223e-05,13.854348947559364,566.2959277842734,49.23636731724497,106093.86381881946,995.8612640338026,5.219793331644823e-05,-7.881334346562386e-07,2.9326056611725016e-05,101325.0
512.0,1.9148028708092954e-05,1.680713212086781e-05,13.640887607000817,566.2141918728629,49.24285141405026,106033.63094756858,992.1883341494854,5.142288634211984e-05,-7.619430256047863e-07,2.9326056611725016e-05,101325.0
513.0,1.8929647230986455e-05,1.6418685663656614e-05,13.434194733351747,566.1352742104251,49.24925895824555,105970.0660165448,988.4271690190147,5.0674081650356774e-05,-7.356494616644886e-07,2.9326056611725016e-05,101325.0
514.0,1.8720606661502467e-05,1.6038689316407e-05,13.234384517852122,566.0591825604658,49.25559002627637,105903.81820810857,984.5989901994179,4.995162061732771e-05,-7.092563025630066e-07,2.9326056611725016e-05,101325.0
515.0,1.8520698331991255e-05,1.5667914397489243e-05,13.041537118453189,565.9859236043977,49.261845012653964,105835.31610263362,980.7243979944884,4.9255601052691886e-05,-6.82767121511599e-07,2.9326056611725016e-05,101325.0
516.0,1.832967727967083e-05,1.530710798872206e-05,12.855698201054183,565.9155029910468,49.268024634050526,105764.7452312861,976.8241891619688,4.8586117186356544e-05,-6.561855047213461e-07,2.9326056611725016e-05,101325.0
517.0,1.81472235481391e-05,1.4957054751380503e-05,12.676871151619784,565.8479252779732,49.27412996133613,105691.96452545795,972.920698118621,4.794325965572058e-05,-6.295150509176616e-07,2.9326056611725016e-05,101325.0
518.0,1.797285883226392e-05,1.4618710178357563e-05,12.504999764991293,565.7831936304568,49.280162513244015,105616.337844436,969.0408396139372,4.732711549340308e-05,-6.027593708530604e-07,2.9326056611725016e-05,101325.0
519.0,1.78057211393404e-05,1.429360219910757e-05,12.339933098190246,565.7213087084915,49.28612453889601,105536.40301824234,965.2255145388086,4.673776811546061e-05,-5.759220868183311e-07,2.9326056611725016e-05,101325.0
520.0,1.764340659734879e-05,1.3986000661543767e-05,12.181272279219924,565.662262380622,49.29202036028926,105448.4991603522,961.5807573132972,4.617529731009415e-05,-5.490068321521313e-07,2.9326056611725016e-05,101325.0
521.0,1.747611987378813e-05,1.372410233112306e-05,12.030705729649554,565.6059587478119,49.29786862992513,105367.0986541184,958.7859137609591,4.563977922684712e-05,-5.220172507491026e-07,2.9326056611725016e-05,101325.0
522.0,1.7325795625377953e-05,1.3479344192537838e-05,11.894977012413358,565.5524082009213,49.303675273010114,105352.13648255052,956.1939151172021,4.513128636629549e-05,-4.949569965665245e-07,2.9326056611725016e-05,101325.0
523.0,1.7186300410851215e-05,1.3233852567445705e-05,11.76418207972528,565.5017347046575,49.30942815003804,105317.08268138314,953.3555399039346,4.4649887570232946e-05,-4.678297331296453e-07,2.9326056611725016e-05,101325.0
524.0,1.705730543402383e-05,1.298766963299411e-05,11.638092700691903,565.453938627031,49.31512606900389,105259.12574978039,950.2698313821596,4.4195648012350525e-05,-4.4063913303570047e-07,2.9326056611725016e-05,101325.0
525.0,1.6940107168603067e-05,1.2741239109898851e-05,11.51778346141247,565.4090260798891,49.320767238566,105187.3264847372,946.9527544524585,4.376862918941299e-05,-4.1338887745668006e-07,2.9326056611725016e-05,101325.0
526.0,1.6835727332559957e-05,1.2495263915280526e-05,11.404211386300933,565.3670052875808,49.32634963459595,105110.09177843243,943.4283682961444,4.336888891293356e-05,-3.860826556409868e-07,2.9326056611725016e-05,101325.0
527.0,1.674451617311405e-05,1.2250396148780876e-05,11.297831275640394,565.3278824012283,49.33187155087127,105031.51293694864,939.7190632291419,4.2996481301346766e-05,-3.587241644139473e-07,2.9326056611725016e-05,101325.0
528.0,1.6666255166950672e-05,1.200718769942815e-05,11.198654349879105,565.2916613269838,49.33733166460528,104951.68691384184,935.8438037290521,4.265145677268191e-05,-3.3131710767733193e-07,2.9326056611725016e-05,101325.0
529.0,1.6600537941895754e-05,1.1766132987073845e-05,11.106537390733848,565.2583445587946,49.34272894961421,104869.27012069667,931.8201062531787,4.2333862037737155e-05,-3.038651959079017e-07,2.9326056611725016e-05,101325.0
530.0,1.6547006072965396e-05,1.1527703994188511e-05,11.021364474972804,565.2279336850663,49.34806261098312,104783.15588017364,927.6656895105234,4.2043740093755795e-05,-2.7637214565507927e-07,2.9326056611725016e-05,101325.0
531.0,1.6505388734975398e-05,1.1292360564373866e-05,10.94307893083597,565.2004295157291,49.35333206433243,104692.7964381694,923.3988518209869,4.1781130218604805e-05,-2.4884167903776486e-07,2.9326056611725016e-05,101325.0
532.0,1.6475474374898897e-05,1.106054890424939e-05,10.871662354783968,565.1758320741361,49.35853693437924,104598.02422992185,919.038243077533,4.154606796545758e-05,-2.2127752324045012e-07,2.9326056611725016e-05,101325.0
533.0,1.6457084316160074e-05,1.0832697910285e-05,10.807114339519918,565.154140579311,49.36367705576166,104498.86906005736,914.602549972255,4.133858515798048e-05,-1.9368341000859398e-07,2.9326056611725016e-05,101325.0
534.0,1.6450059386374145e-05,1.060921618465458e-05,10.749441850699636,565.1353534438665,49.368752471407504,104395.46036992857,910.1102390234583,4.11587098860243e-05,-1.6606307514341462e-07,2.9326056611725016e-05,101325.0
535.0,1.645425463304721e-05,1.0390489939182754e-05,10.698654742695268,565.1194682843603,49.373763428344624,104287.98516982372,905.5793579640714,4.100646650182149e-05,-1.384202579961175e-07,2.9326056611725016e-05,101325.0
536.0,1.646953760693626e-05,1.017688153127234e-05,10.654764059304037,565.106481939301,49.3787103715883,104176.67141306022,901.027376422479,4.0881875616689314e-05,-1.1075870096165756e-07,2.9326056611725016e-05,101325.0
537.0,1.64957880043022e-05,9.968728450660007e-06,10.61778146221569,565.0963904924407,49.38359393659086,104061.78159157032,896.4710544064136,4.078495409823912e-05,-8.30821489720558e-08,2.9326056611725016e-05,101325.0
538.0,1.6532897778702526e-05,9.766342668843109e-06,10.587719114715998,565.0891893005021,49.38841494057201,103943.61030939556,891.9263336711873,4.0715715068093116e-05,-5.539434898942488e-08,2.9326056611725016e-05,101325.0
539.0,1.6580771386349094e-05,9.570010308404636e-06,10.564589763190432,565.0848730251138,49.393174372964786,103822.48342445276,887.4082499756709,4.067416790010761e-05,-2.769904949866718e-08,2.9326056611725016e-05,101325.0
540.0,1.6639326037903186e-05,9.379991605808933e-06,10.548406915484247,565.0834356689415,49.39787338517705,103698.75780524047,882.9308651465047,4.066031821910406e-05,-5.830816912475461e-22,2.9326056611725016e-05,101325.0
541.0,1.6708491907367412e-05,9.196521145403797e-06,10.53918507294764,565.0848706160572,49.40251327985136,103572.82128983534,878.5072179850406,4.067416790010761e-05,2.7699049498668126e-08,2.9326056611725016e-05,101325.0
542.0,1.6788212279099768e-05,9.01980834227273e-06,10.536939995104566,565.0891706765842,49.407095499794316,103445.092643451,874.1492929043565,4.0715715068093116e-05,5.539434898942371e-08,2.9326056611725016e-05,101325.0
543.0,1.6878443626896177e-05,8.850038150336445e-06,10.541688985010827,565.0963281356254,49.4116216167348,103316.02139940286,869.8680049846049,4.078495409823912e-05,8.308214897205674e-08,2.9326056611725016e-05,101325.0
544.0,1.6979155625195786e-05,8.687371970839575e-06,10.553451187560615,565.106334806432,49.41609332005801,103186.08751173854,865.6731999595808,4.0881875616689294e-05,1.1075870096165637e-07,2.9326056611725016e-05,101325.0
545.0,1.709033109571081e-05,8.531948735486963e-06,10.572247895245189,565.1191820877157,49.42051240564801,103055.80077381455,861.5736675215156,4.100646650182151e-05,1.3842025799611845e-07,2.9326056611725016e-05,101325.0
546.0,1.721196589481749e-05,8.383886138168927e-06,10.598102857396867,565.1348610249427,49.4248807649565,102925.699977045,857.5771662621669,4.115870988602428e-05,1.6606307514341348e-07,2.9326056611725016e-05,101325.0
547.0,1.7344068748737977e-05,8.243281989519199e-06,10.631042590413793,565.1533623753755,49.42920037439962,102796.35180364855,853.6904585574366,4.133858515798048e-05,1.9368341000859496e-07,2.9326056611725016e-05,101325.0
548.0,1.7486661045595953e-05,8.110215669578674e-06,10.671096688382727,565.1746766765577,49.43347328516848,102668.34947096505,849.9193537506253,4.154606796545758e-05,2.2127752324044898e-07,2.9326056611725016e-05,101325.0
549.0,1.7639776596746988e-05,7.984749655787267e-06,10.718298136598822,565.1987943178547,49.43770161352258,102542.31117867201,846.268758100713,4.1781130218604785e-05,2.4884167903776375e-07,2.9326056611725016e-05,101325.0
550.0,1.7803461385942732e-05,7.86693110682709e-06,10.772683635971887,565.2257056145884,49.441887531619265,102418.8784645581,842.742730152666,4.2043740093755795e-05,2.7637214565507816e-07,2.9326056611725016e-05,101325.0
551.0,1.7977773337075354e-05,7.756793488473764e-06,10.834293956772749,565.25540088422,49.44603325891645,102298.71467121232,839.3445404987226,4.2333862037737155e-05,3.038651959079005e-07,2.9326056611725016e-05,101325.0
552.0,1.8162782156514906e-05,7.654358237862224e-06,10.903174361319122,565.2878705239457,49.45014105416965,102182.50391383369,836.0767354365978,4.265145677268189e-05,3.3131710767733076e-07,2.9326056611725016e-05,101325.0
553.0,1.835856936124111e-05,7.5596364830192995e-06,10.979375180706912,565.3231050889722,49.45421320802789,102070.95133545139,832.9412050517567,4.2996481301346745e-05,3.587241644139461e-07,2.9326056611725016e-05,101325.0
554.0,1.8565228732756083e-05,7.472630879779521e-06,11.062952736074546,565.3610953705974,49.45825203621317,101964.78634428668,829.9392584401174,4.336888891293354e-05,3.860826556409857e-07,2.9326056611725016e-05,101325.0
555.0,1.878286776386582e-05,7.393337740259456e-06,11.153971061622512,565.4018324729827,49.462259873239304,101864.77281769607,827.0717141097493,4.3768629189412965e-05,4.13388877456679e-07,2.9326056611725016e-05,101325.0
556.0,1.90116115918543e-05,7.3217499413986835e-06,11.252505641095526,565.4453078869678,49.46623906656971,101771.73672158257,824.3390283874969,4.41956480123505e-05,4.4063913303569935e-07,2.9326056611725016e-05,101325.0
557.0,1.9251613938745215e-05,7.257862127886411e-06,11.35865283407753,565.4915135578262,49.47019197097131,101686.6426895363,821.7415326411682,4.4649887570232926e-05,4.678297331296442e-07,2.9326056611725016e-05,101325.0
558.0,1.9503091622045498e-05,7.201683818043326e-06,11.472558475426665,565.5404419391512,49.474120942374114,101610.83498066955,819.2800407246405,4.513128636629549e-05,4.949569965665233e-07,2.9326056611725016e-05,101325.0
559.0,1.9766463882255555e-05,7.153288158373962e-06,11.594531835007066,565.5920860069645,49.47802832886805,101547.00872590404,816.9581127636199,4.563977922684709e-05,5.220172507491016e-07,2.9326056611725016e-05,101325.0
560.0,2.004331683314125e-05,7.113145139514895e-06,11.725832374872045,565.6464391271354,49.48191644928363,101505.93443719554,814.7974209006853,4.617529731009417e-05,5.490068321521323e-07,2.9326056611725016e-05,101325.0
561.0,2.035822464883326e-05,7.104805700580778e-06,11.874472513972243,565.7034944068249,49.48578753481356,101555.58436920596,812.3627103813645,4.673776811546058e-05,5.759220868183299e-07,2.9326056611725016e-05,101325.0
562.0,2.0698885224343966e-05,7.132023116212408e-06,12.024240932742915,565.7632518177435,49.48963666665335,101555.88297017098,809.0703187762441,4.73271154934031e-05,6.027593708530613e-07,2.9326056611725016e-05,101325.0
563.0,2.1084594506141185e-05,7.21609536186092e-06,12.179509066829793,565.8257030115832,49.493447639887734,101545.26498160289,804.5260033320287,4.794325965572056e-05,6.295150509176604e-07,2.9326056611725016e-05,101325.0
564.0,2.148492937489738e-05,7.323350676641848e-06,12.33346892215257,565.8908310505775,49.4972063390387,101468.3277383164,799.5154658423579,4.8586117186356564e-05,6.561855047213471e-07,2.9326056611725016e-05,101325.0
565.0,2.1900079685133312e-05,7.446061626969491e-06,12.491917551011662,565.9586108043756,49.50090803127674,101375.016666453,794.4360983836215,4.925560105269184e-05,6.82767121511598e-07,2.9326056611725016e-05,101325.0
566.0,2.232543183702264e-05,7.574040715985203e-06,12.65770490861028,566.0290381248832,49.50455402168445,101289.12891756471,789.6427536226826,4.9951620617327735e-05,7.092563025630075e-07,2.9326056611725016e-05,101325.0
567.0,2.270148764847795e-05,7.645951197750118e-06,12.816062396597596,566.1022297042927,49.508153447709724,101094.18578457386,786.2775053527374,5.067408165035675e-05,7.356494616644878e-07,2.9326056611725016e-05,101325.0
568.0,2.317051321153714e-05,7.802609627773809e-06,13.007900926886288,566.1780030386158,49.51170484213466,101113.28573487548,781.8926362664765,5.142288634211987e-05,7.619430256047872e-07,2.9326056611725016e-05,101325.0
569.0,2.3677578740889244e-05,8.000957427870995e-06,13.208819226571315,566.2564052522886,49.515205561247676,101150.52490273346,776.9664441153566,5.219793331644818e-05,7.881334346562375e-07,2.9326056611725016e-05,101325.0
570.0,2.419281431331638e-05,8.217364669220393e-06,13.405427059344639,566.3374311478524,49.518648441381714,101104.26285672876,771.7378798066179,5.299911764438817e-05,8.142171430567046e-07,2.9326056611725016e-05,101325.0
571.0,2.4735693610172278e-05,8.470076729435929e-06,13.60413611303208,566.4210343144377,49.522024064798906,101026.11315939749,765.9888208507675,5.3826330858406627e-05,8.401906194896009e-07,2.9326056611725016e-05,101325.0
572.0,2.5311790648782653e-05,8.764245096818883e-06,13.806837555723199,566.5071826420092,49.525322711265396,100931.66627700777,759.7083523342723,5.467946096707608e-05,8.660503475619899e-07,2.9326056611725016e-05,101325.0
573.0,2.5922185859423247e-05,9.100806909614334e-06,14.01395331259344,566.5958479778564,49.528535099236116,100825.05032652331,752.9473375118112,5.55583924702363e-05,8.917928262806414e-07,2.9326056611725016e-05,101325.0
574.0,2.656691417839487e-05,9.479770181700608e-06,14.225541422043277,566.6870028060614,49.53165258857784,100707.60286358061,745.7671467801854,5.6463006374631364e-05,9.174145705260117e-07,2.9326056611725016e-05,101325.0
575.0,2.7245778182989887e-05,9.90097817590684e-06,14.441561330227882,566.7806192510029,49.534667203858994,100579.92590642246,738.227957093391,5.739318021001901e-05,9.429121115240653e-07,2.9326056611725016e-05,101325.0
576.0,2.795853233198344e-05,1.0364276672893803e-05,14.661936621085808,566.8766687734068,49.53757160950019,100442.36975291587,730.3861411402478,5.834878804575203e-05,9.682819973159108e-07,2.9326056611725016e-05,101325.0
577.0,2.8704927186262183e-05,1.0869549957967069e-05,14.886571906965814,566.975122057078,49.54035907352033,100295.16472259944,722.2936648652498,5.932970050782615e-05,9.93520793225116e-07,2.9326056611725016e-05,101325.0
578.0,2.9484719826328732e-05,1.1416725896848444e-05,15.115358309845856,567.0759489523034,49.543023429100856,100138.46572332647,713.9980029048826,6.033578479639596e-05,1.0186250823227249e-06,2.9326056611725016e-05,101325.0
579.0,3.0297675317970366e-05,1.2005773336216503e-05,15.348175699164786,567.179118438746,49.545559036482366,99972.3719393607,705.5422256084419,6.136690470375396e-05,1.0435914658898571e-06,2.9326056611725016e-05,101325.0
580.0,3.11435656593408e-05,1.2636697728877088e-05,15.584893850574518,567.2845985965082,49.54796074600699,99796.93806413785,696.9651622651969,6.242292063277013e-05,1.0684165638778218e-06,2.9326056611725016e-05,101325.0
581.0,3.202216803502616e-05,1.3309536584590446e-05,15.825373171356091,567.3923565815031,49.5502238626373,99612.1819830053,688.3016067275969,6.350368961579198e-05,1.0930970153657419e-06,2.9326056611725016e-05,101325.0
582.0,3.2933262933040335e-05,1.4024355180599943e-05,16.069465212094723,567.5023586036358,49.55234411211876,99418.09059577783,679.5825489396169,6.460906533399961e-05,1.1176294790155583e-06,2.9326056611725016e-05,101325.0
583.0,3.3876632300165276e-05,1.4781242626907583e-05,16.317013051823167,567.6145699071259,49.554317608880794,99214.6244698491,670.8354218215161,6.573889813721523e-05,1.1420106335243995e-06,2.9326056611725016e-05,101325.0
584.0,3.485205778890024e-05,1.5580308280139545e-05,16.567851598076317,567.7289547526277,49.55614082572942,99001.7216655389,662.0843556928224,6.689303506416281e-05,1.166237178074221e-06,2.9326056611725016e-05,101325.0
585.0,3.58593191081186e-05,1.642167847150039e-05,16.821807825413984,567.8454764009505,49.557810565353684,98779.30093524652,653.3504341246797,6.807131986317769e-05,1.1903058327787047e-06,2.9326056611725016e-05,101325.0
586.0,3.689819247543766e-05,1.730549350917354e-05,17.078700967899167,567.9640970982565,49.559323933643945,98547.26443196624,644.6519464220238,6.927359301335922e-05,1.2142133391272785e-06,2.9326056611725016e-05,101325.0
587.0,3.796844916474907e-05,1.8231904917708975e-05,17.338342676769468,568.0847780626617,49.5606783148001,98305.50002608942,636.0046330281277,7.04996917461684e-05,1.2379564604262842e-06,2.9326056611725016e-05,101325.0
588.0,3.906985414128661e-05,1.920107288115533e-05,17.600537151962882,568.207479472193,49.56187134819127,98053.88330616882,627.4219210751636,7.17494500674636e-05,1.2615319822371664e-06,2.9326056611725016e-05,101325.0
589.0,4.020216477682726e-05,2.021316386115112e-05,17.865081254418286,568.3321604540796,49.56290090691566,97792.27932304806,618.9151480952399,7.302269877997375e-05,1.2849367128116595e-06,2.9326056611725016e-05,101325.0
590.0,4.136512963829957e-05,2.1268348365310405e-05,18.131764604807575,568.4587790753734,49.56376507799895,97520.54412471059,610.4937725690422,7.431926550620444e-05,1.3081674835238904e-06,2.9326056611725016e-05,101325.0
591.0,4.255848734388332e-05,2.2366798844869163e-05,18.400369673396845,568.5872923349056,49.56446214416209,97238.52611993605,602.1655705348671,7.563897471177619e-05,1.3312211492993783e-06,2.9326056611725016e-05,101325.0
592.0,4.378196548149854e-05,2.350868770370013e-05,18.670671864985394,568.7176561566,49.564990567084116,96946.06730160257,593.936817921389,7.698164772918749e-05,1.354094589040805e-06,2.9326056611725016e-05,101325.0
593.0,4.503527958534792e-05,2.4694185403501804e-05,18.94243960227618,568.8498253841719,49.56534897208223,96643.00435469224,585.8124586153727,7.834710278200478e-05,1.3767847060505777e-06,2.9326056611725016e-05,101325.0
594.0,4.6318132166877736e-05,2.592345865228108e-05,19.21543441055206,568.9837537772459,49.56553613412983,96329.16966944757,577.7962585432878,7.973515500947145e-05,1.3992884284500661e-06,2.9326056611725016e-05,101325.0
595.0,4.763021179715462e-05,2.7196668665235458e-05,19.489411006141875,569.1193940089368,49.565550965132815,96004.39227638634,569.8909462454089,8.114561649153531e-05,1.4216027095954875e-06,2.9326056611725016e-05,101325.0
596.0,4.8971192238219574e-05,2.8513969488848515e-05,19.764117390839356,569.2566976649381,49.56539250238527,95668.49871685881,562.0983405637971,8.257829627428934e-05,1.4437245284903671e-06,2.9326056611725016e-05,101325.0
597.0,5.034073162148217e-05,2.9875506380485823e-05,20.039294954170693,569.3956152441675,49.56505989812749,95321.3138603567,554.4194661616644,8.40330003958251e-05,1.4656508901945473e-06,2.9326056611725016e-05,101325.0
598.0,5.174570775237153e-05,3.128048251137518e-05,20.320295958282955,569.536109297892,49.56455294188247,94988.92055747747,546.929379885904,8.550953191249034e-05,1.487378826229637e-06,2.9326056611725016e-05,101325.0
599.0,5.31900288889796e-05,3.272480364798325e-05,20.61167111469454,569.6781908432397,49.56387370873734,94691.93982357874,539.7075999668089,8.700769092555348e-05,1.5089053949809077e-06,2.9326056611725016e-05,101325.0
600.0,5.466970470288179e-05,3.420447946188544e-05,20.912206323026336,569.8218754892046,49.56302502507515,94423.5258465819,532.7564087950002,8.852727460826595e-05,1.5302276820955381e-06,2.9326056611725016e-05,101325.0
601.0,5.618158758833328e-05,3.571636234733693e-05,21.220947174794848,569.9671715186598,49.562009865560256,94178.40374894766,526.0733632211403,9.006807723332201e-05,1.5513428008771713e-06,2.9326056611725016e-05,101325.0
602.0,5.7723150663942215e-05,3.725792542294587e-05,21.53713092983692,570.1140814578383,49.5608312874875,93952.45538613475,519.6529249622257,9.162989020071027e-05,1.572247892676721e-06,2.9326056611725016e-05,101325.0
603.0,5.929233364537379e-05,3.882710840437744e-05,21.86013920684791,570.2626032494687,49.55949238428954,93742.43061611772,513.4875701596333,9.321250206595625e-05,1.5929401272794012e-06,2.9326056611725016e-05,101325.0
604.0,6.088743286015764e-05,4.042220761916129e-05,22.189464167127714,570.4127311461378,49.55799625238282,93545.74075284982,507.56855301734885,9.48156985687467e-05,1.613416703287875e-06,2.9326056611725016e-05,101325.0
605.0,6.250702097390541e-05,4.204179573290907e-05,22.524683794168336,570.5644564010992,49.55634596747535,93360.30765860833,501.8864346497477,9.643926266193832e-05,1.6336748485015288e-06,2.9326056611725016e-05,101325.0
606.0,6.4149887292481e-05,4.3684662051484656e-05,22.865443481568136,570.7177678093375,49.55454456768494,93184.45154311294,496.4314499396678,9.808297454094253e-05,1.6537118202917895e-06,2.9326056611725016e-05,101325.0
607.0,6.581499265866335e-05,4.5349767417667e-05,23.21144210174212,570.8726521359841,49.55259504161618,93016.80630827174,491.193761251173,9.974661167348232e-05,1.673524905973413e-06,2.9326056611725016e-05,101325.0
608.0,6.750143491314984e-05,4.7036209672153495e-05,23.56242132250015,571.0290944587282,49.55050032008006,92856.25487452188,486.16363239123456,0.00010142994882972073,1.693111423171759e-06,2.9326056611725016e-05,101325.0
609.0,6.92084221369194e-05,4.874319689592306e-05,23.91815731903523,571.1870784437364,49.54826327050751,92701.87923993122,481.3315459968906,0.00010313275811275294,1.71246872018593e-06,2.9326056611725016e-05,101325.0
610.0,7.093525171189674e-05,5.04700264709004e-05,24.278454279276744,571.3465865696063,49.54588669336443,92552.92155509364,476.68828062830585,0.00010485480898945982,1.731594176347774e-06,2.9326056611725016e-05,101325.0
611.0,7.26812937893405e-05,5.221606854834416e-05,24.64313926948509,571.5076003103213,49.54337332005788,92408.75353505106,472.22495911560776,0.00010659586832171815,1.7504852023766742e-06,2.9326056611725016e-05,101325.0
612.0,7.444597813580358e-05,5.398075289480723e-05,25.012058143407323,571.6701002855904,49.54072581195411,92268.85224799451,467.9330764145409,0.0001083557003979648,1.76913924073011e-06,2.9326056611725016e-05,101325.0
613.0,7.62287835935297e-05,5.576355835253336e-05,25.385072260131974,571.8340663850528,49.53794676022418,92132.78082701463,463.80451290837465,0.00011013406696510695,1.7875537659498892e-06,2.9326056611725016e-05,101325.0
614.0,7.802922958277847e-05,5.756400434178212e-05,25.76205583425515,571.9994778714035,49.535038686303245,92000.17301405911,459.83153744646467,0.00011193072726077864,1.8057262850040694e-06,2.9326056611725016e-05,101325.0
615.0,7.98468692117406e-05,5.938164397074425e-05,26.14289378439704,572.1663134664153,49.53200404280146,91870.72070902049,456.006803229811,0.00011374543804593603,1.8236543376244677e-06,2.9326056611725016e-05,101325.0
616.0,8.16812836612179e-05,6.121605842022155e-05,26.52747997731046,572.3345514230123,49.52884521474331,91744.1638910338,452.32333880266117,0.00011557795363778789,1.841335496639745e-06,2.9326056611725016e-05,101325.0
617.0,8.353207758673346e-05,6.306685234573712e-05,26.915715788050658,572.5041695859107,49.52556452104158,91620.28242362585,448.7745357915367,0.0001174280259430568,1.8587673683039973e-06,2.9326056611725016e-05,101325.0
618.0,8.539887533749382e-05,6.493365009649748e-05,27.30750891415537,572.6751454428496,49.52216421613417,91498.88936408776,445.354134582778,0.00011929540449156817,1.8759475926208478e-06,2.9326056611725016e-05,101325.0
619.0,8.728131783471767e-05,6.681609259372132e-05,27.70277239506888,572.8474561680412,49.518646491729086,91379.82547997794,442.0562088001787,0.00012117983647015829,1.8928738436629337e-06,2.9326056611725016e-05,101325.0
620.0,8.91790599848574e-05,6.871383474386105e-05,28.101423798229817,573.0210786591682,49.51501347861562,91262.95473881789,438.87514920243837,0.00012308106675690242,1.9095438298868115e-06,2.9326056611725016e-05,101325.0
621.0,9.10917685287336e-05,7.062654328773725e-05,28.503384541116088,573.1959895690062,49.51126724850988,91148.16058575235,435.80564744229935,0.0001249988379556538,1.9259552944431927e-06,2.9326056611725016e-05,101325.0
622.0,9.301912024743655e-05,7.25538950064402e-05,28.908579324671376,573.3721653325564,49.50740981591035,91035.3428617472,432.8426799983069,0.000126932890430891,1.942106015482484e-06,2.9326056611725016e-05,101325.0
623.0,9.496080046138313e-05,7.449557522038678e-05,29.31693565834367,573.5495821904165,49.50344313994513,90924.41524443126,429.9814924937327,0.0001288829623428678,1.957993806455586e-06,2.9326056611725016e-05,101325.0
624.0,9.691650177116034e-05,7.645127653016399e-05,29.72838346075719,573.7282162089886,49.499369126197095,90815.30311688526,427.2175845463319,0.00013084878968306376,1.97361651640993e-06,2.9326056611725016e-05,101325.0
625.0,9.888592299848942e-05,7.842069775749307e-05,30.142854723046096,573.9080432980227,49.49518962849682,90707.94178800737,424.5466952406233,0.0001328301063099246,1.9889720302806655e-06,2.9326056611725016e-05,101325.0
626.0,0.00010086876829337599,8.040354305237964e-05,30.56028322427622,574.0890392259074,49.49090645067571,90602.27500261388,421.96478927643324,0.0001348266439848952,2.0040582691770194e-06,2.9326056611725016e-05,101325.0
627.0,0.00010286474637970084,8.239952113870449e-05,30.98060429030227,574.2711796330527,49.48652134827425,90498.25369103122,419.46804381991865,0.00013683813240873393,2.018873190663739e-06,2.9326056611725016e-05,101325.0
628.0,0.00010487356991648468,8.440834467548833e-05,31.403754588954634,574.4544400436525,49.48203603020162,90395.83491720696,417.0528360635149,0.00013886429925810735,2.0334147890376054e-06,2.9326056611725016e-05,101325.0
629.0,0.00010689495495608091,8.642972971508456e-05,31.829671955699798,574.638795876068,49.477452160344384,90294.98099182622,414.7157314872506,0.00014090487022245748,2.0476810955989718e-06,2.9326056611725016e-05,101325.0
630.0,0.00010892862048381123,8.846339524281489e-05,32.25829524493303,574.8242224520343,49.47277135912308,90195.65872293041,412.45347280415183,0.00014295956904114085,2.061670178918301e-06,2.9326056611725016e-05,101325.0
631.0,0.00011097428802621278,9.050906278521644e-05,32.68956420288831,575.010695004862,49.46799520499598,90097.83878141164,410.2629695659214,0.00014502811754082766,2.0753801450976395e-06,2.9326056611725016e-05,101325.0
632.0,0.00011303168131723346,9.256645607623711e-05,33.12341935882595,575.1981886867765,49.46312523591029,90001.49516269952,408.14128840087767,0.0001471102356731633,2.088809138027029e-06,2.9326056611725016e-05,101325.0
633.0,0.00011510052601348874,9.463530077249239e-05,33.55980193171242,575.3866785755185,49.45816295070116,89906.60472918932,406.0856438536742,0.00014920564155268272,2.1019553396357955e-06,2.9326056611725016e-05,101325.0
634.0,0.00011718054945115409,9.671532421015774e-05,33.99865375006289,575.5761396803094,49.45310981043942,89813.14682058869,404.0933897951072,0.0001513140514949716,2.114816970138676e-06,2.9326056611725016e-05,101325.0
635.0,0.00011927148043827168,9.880625519727533e-05,34.43991718299289,575.7665469472678,49.447967239729195,89721.10292151639,402.1620113700168,0.0001534351800550744,2.1273922882767834e-06,2.9326056611725016e-05,101325.0
636.0,0.00012137304907724626,0.00010090782383624991,34.883535080837234,575.9578752643549,49.44273662795657,89630.45637746634,400.2891174516351,0.00015556874006613804,2.139679591553343e-06,2.9326056611725016e-05,101325.0
637.0,0.00012348498661313146,0.00010301976137213512,35.32945072395244,576.1500994659112,49.43741933049085,89541.19215170549,398.47243357152723,0.0001577144426782902,2.15167721646418e-06,2.9326056611725016e-05,101325.0
638.0,0.00012560702530399473,0.0001051418000629984,35.777607778534176,576.3431943368398,49.43201666983985,89453.29661688623,396.7097952953739,0.0001598719973977441,2.1633835387229326e-06,2.9326056611725016e-05,101325.0
639.0,0.00012773889831022174,0.00010727367306922542,36.227950258460474,576.5371346164832,49.42652993676077,89366.75737615011,394.9991420161406,0.00016204111212612853,2.174796973480958e-06,2.9326056611725016e-05,101325.0
640.0,0.00012988033960009986,0.00010941511435910354,36.68042249232163,576.7318950022345,49.42096039132827,89281.56310933498,393.3385111375887,0.00016422149320003088,2.185915975541889e-06,2.9326056611725016e-05,101325.0
641.0,0.0001320310838694211,0.00011156585862842478,37.13496909492338,576.9274501529173,49.41530926396127,89197.70344058154,391.72603262255546,0.0001664128454307564,2.1967390395708357e-06,2.9326056611725016e-05,101325.0
642.0,0.00013419086647318177,0.00011372564123218543,37.59153494265561,577.1237746919641,49.409577756410094,89115.1688242182,390.15992388190875,0.00016861487214429126,2.207264700298178e-06,2.9326056611725016e-05,101325.0
643.0,0.00013635942336773875,0.00011589419812674241,38.050065152208056,577.320843210419,49.403767042705525,89033.95044627959,388.6384849815531,0.00017082727522146752,2.217491532717945e-06,2.9326056611725016e-05,101325.0
644.0,0.000138536491062022,0.00011807126582102565,38.51050506218916,577.518630269788,49.397878270071246,88954.04013942006,387.16009414628945,0.00017304975513832314,2.2274181522807303e-06,2.9326056611725016e-05,101325.0
645.0,0.00014072180657660353,0.00012025658133560718,38.97280021726816,577.717110404755,49.39191255980113,88875.43030931844,385.7232035407085,0.0001752820110066545,2.237043215081149e-06,2.9326056611725016e-05,101325.0
646.0,0.0001429151074095953,0.00012244988216859895,39.436896354514026,577.9162581257806,49.3858710081029,88798.11387096075,384.3263353086133,0.0001775237406147494,2.246365418039768e-06,2.9326056611725016e-05,101325.0
647.0,0.00014511613150849207,0.00012465090626749572,39.90273939165065,578.1160479215989,49.37975468690949,88722.08419341859,382.96807785371516,0.00017977464046830356,2.255383499079535e-06,2.9326056611725016e-05,101325.0
648.0,0.00014732461724719956,0.00012685939200620321,40.37027541698653,578.3164542616237,49.37356464465944,88647.33505195138,381.6470823455242,0.00018203440583150818,2.264096237296633e-06,2.9326056611725016e-05,101325.0
649.0,0.00014954030340759243,0.0001290750781665961,40.83945068081039,578.5174515982764,49.36730190704766,88573.86058642613,380.3620594354668,0.0001843027307683065,2.2725024531257778e-06,2.9326056611725016e-05,101325.0
650.0,0.00015176292916503636,0.00013129770392404002,41.31021158807228,578.7190143692441,49.360967477747835,88501.6552651957,379.1117761693003,0.0001865793081838119,2.280601008499906e-06,2.9326056611725016e-05,101325.0
651.0,0.00015399223407738515,0.0001335270088363888,41.78250469219414,578.9211169996773,49.35456233910755,88430.71385369722,377.8950530828653,0.00018886382986588524,2.2883908070042616e-06,2.9326056611725016e-05,101325.0
652.0,0.0001562279580770288,0.00013576273283603246,42.25627668987426,579.1237339043336,49.348087452817424,88361.0313871407,376.7107614691256,0.00019115598652685989,2.29587079402482e-06,2.9326056611725016e-05,101325.0
653.0,0.00015846984146562516,0.0001380046162246288,42.73147441676814,579.3268394896734,49.34154376055526,88292.60314674102,375.55782080528775,0.00019345546784541582,2.303039956891075e-06,2.9326056611725016e-05,101325.0
654.0,0.00016071762491119525,0.0001402523996701989,43.20804484394323,579.5304081559154,49.334932184606316,88225.42463902738,374.4351963295778,0.00019576196250859154,2.3098973250131363e-06,2.9326056611725016e-05,101325.0
655.0,0.00016297104944730487,0.00014250582420630853,43.6859350750186,579.734414299054,49.32825362846066,88159.49157782593,373.34189675798456,0.0001980751582539311,2.3164419700131285e-06,2.9326056611725016e-05,101325.0
656.0,0.00016522985647408986,0.00014476463123309352,44.16509234391148,579.9388323128443,49.32150897738861,88094.79986856846,372.27697213195347,0.00020039474191175857,2.3226730058508823e-06,2.9326056611725016e-05,101325.0
657.0,0.00016749378776091363,0.00014702856251991729,44.645464013122854,580.1436365907587,49.314699098995185,88031.34559462382,371.239511788647,0.0002027203994475782,2.328589588943889e-06,2.9326056611725016e-05,101325.0
658.0,0.0001697625854504723,0.00014929736020947597,45.12699757250246,580.3488015279174,49.30782484375441,87969.12500539655,370.2286424459699,0.00020505181600458713,2.334190918281508e-06,2.9326056611725016e-05,101325.0
659.0,0.0001720359920641859,0.00015157076682318954,45.60964063844117,580.5543015229969,49.30088704552435,87908.1345059625,369.2435263950975,0.0002073886759463037,2.3394762355334085e-06,2.9326056611725016e-05,101325.0
660.0,0.00017431375050873355,0.0001538485252677372,46.09334095344482,580.760110980117,49.29388652204364,87848.3706480495,368.28335979374833,0.00020973066289929976,2.3444448251522426e-06,2.9326056611725016e-05,101325.0
661.0,0.00017659560408360889,0.00015613037884261254,46.5780463860494,580.9662043107115,49.28682407541039,87789.83012219326,367.3473710539066,0.00021207745979603067,2.3490960144705084e-06,2.9326056611725016e-05,101325.0
662.0,0.00017888129648958582,0.00015841607124858948,47.06370493104213,581.1725559353814,49.27970049254397,87732.50975091955,366.43481931813153,0.00021442874891776324,2.353429173791627e-06,2.9326056611725016e-05,101325.0
663.0,0.00018117057183799915,0.0001607053465970028,47.550264709957254,581.3791402857347,49.27251654563066,87676.406482827,365.54499301898966,0.0002167842119375887,2.3574437164751883e-06,2.9326056611725016e-05,101325.0
664.0,0.00018346317466075504,0.0001629979494197587,48.037673971819046,581.5859318062127,49.26527299255362,87621.517387458,364.67720851651615,0.0002191435299635195,2.3611390990163784e-06,2.9326056611725016e-05,101325.0
665.0,0.00018575884992099681,0.00016529362468000047,48.525881094107724,581.792904955905,49.2579705773079,87567.83965086115,363.83080880895676,0.00022150638358166123,2.3645148211195526e-06,2.9326056611725016e-05,101325.0
666.0,0.00018805734302436008,0.00016759211778336373,49.01483458392675,582.0000342103543,49.250610030401106,87515.3705717601,363.00516231235895,0.0002238724528994581,2.3675704257659767e-06,2.9326056611725016e-05,101325.0
667.0,0.00019035839983075914,0.0001698931745897628,49.50448307935254,582.2072940633514,49.243192069240266,87464.10755825702,362.1996617048754,0.00022624141758899888,2.3703054992756937e-06,2.9326056611725016e-05,101325.0
668.0,0.0001926617666666529,0.00017219654142565656,49.99477535094969,582.4146590287213,49.2357173985055,87414.04812500386,361.4137228319216,0.00022861295693038609,2.3727196713635318e-06,2.9326056611725016e-05,101325.0
669.0,0.00019496719033774464,0.0001745019650967483,50.485660303436745,582.6221036421024,49.22818671051099,87365.18989078743,360.6467836685785,0.0002309867498551553,2.3748126151892354e-06,2.9326056611725016e-05,101325.0
670.0,0.0001972744181420752,0.00017680919290107884,50.97708697748924,582.8296024627176,49.22060068555378,87317.53057647811,359.8983033358721,0.0002333624749897433,2.3765840474017135e-06,2.9326056611725016e-05,101325.0
671.0,0.00019958319788347366,0.00017911797264247731,51.4690045516682,583.0371300751391,49.212959992250845,87271.06800330023,359.1677611677778,0.00023573981069899573,2.3780337281774008e-06,2.9326056611725016e-05,101325.0
672.0,0.00020189327788533356,0.0001814280526443372,51.961362344463524,583.244661091047,49.20526528786498,87225.80009138495,358.4546558260063,0.00023811843512971362,2.3791614612527266e-06,2.9326056611725016e-05,101325.0
673.0,0.00020420440700468583,0.00018373918176368948,52.45410981644299,583.4521701509822,49.19751721861987,87181.72485857601,357.7585044598106,0.00024049802625422434,2.379967093950683e-06,2.9326056611725016e-05,101325.0
674.0,0.0002065163346465439,0.00018605110940554754,52.94719657249844,583.6596319260939,49.18971642000477,87138.84041945594,357.0788419082382,0.0002428782619139812,2.380450517201501e-06,2.9326056611725016e-05,101325.0
675.0,0.00020882881077849774,0.0001883635855375014,53.44057236418178,583.8670211198818,49.18186351706927,87097.14498457091,356.4152199424094,0.0002452588198631775,2.3806116655574095e-06,2.9326056611725016e-05,101325.0
676.0,0.00021114158594553724,0.0001906763607045409,53.934187092124034,584.0743124699334,49.17395912470846,87056.63685983016,355.7672065455595,0.000247639377812374,2.380450517201501e-06,2.9326056611725016e-05,101325.0
677.0,0.0002134544112850865,0.00019298918604409015,54.42799080853165,584.2814807496569,49.166003847938896,87017.31444606266,355.1343852287252,0.0002500196134721307,2.379967093950683e-06,2.9326056611725016e-05,101325.0
678.0,0.00021576703854223365,0.0001953018133012373,54.92193371975468,584.4885007700091,49.1579982821657,86979.17623871192,354.5163543800842,0.0002523992045966416,2.3791614612527266e-06,2.9326056611725016e-05,101325.0
679.0,0.00021807922008514137,0.00019761399484414502,55.4159661889221,584.6953473812192,49.14994301344118,86942.22082765737,353.9127266460847,0.00025477782902735927,2.378033728177401e-06,2.9326056611725016e-05,101325.0
680.0,0.0002203907089206257,0.00019992548367962936,55.91003873864006,584.9019954745083,49.141838618715234,86906.44689714652,353.32312834261427,0.0002571551647366119,2.3765840474017135e-06,2.9326056611725016e-05,101325.0
681.0,0.00022270125870989165,0.0002022360334688953,56.40410205374931,585.1084199838044,49.133685666077874,86871.85322582912,352.74719889456424,0.00025953088987119973,2.374812615189236e-06,2.9326056611725016e-05,101325.0
682.0,0.0002250106237844153,0.00020454539854341896,56.89810698413834,585.3145958874532,49.125484714994215,86838.43868688225,352.1845903022482,0.0002619046827959691,2.3727196713635318e-06,2.9326056611725016e-05,101325.0
683.0,0.00022731855916196362,0.00020685333392096727,57.39200454760928,585.5204982099244,49.1172363165321,86806.20224821869,351.634966633224,0.0002642762221373561,2.370305499275694e-06,2.9326056611725016e-05,101325.0
684.0,0.00022962482056274362,0.00020915959532174727,57.88574593279393,585.726102023515,49.10894101358275,86775.14297277051,351.0980035381582,0.0002666451868268971,2.3675704257659767e-06,2.9326056611725016e-05,101325.0
685.0,0.00023192916442567378,0.00021146393918467743,58.37928250211734,585.9313824500459,49.100599341074634,86745.2600188427,350.5733877894501,0.00026901125614469377,2.364514821119553e-06,2.9326056611725016e-05,101325.0
686.0,0.00023423134792477124,0.0002137661226837749,58.872565794807045,586.1363146625572,49.09221182618082,86716.55264053016,350.0608168414143,0.0002713741097628355,2.361139099016379e-06,2.9326056611725016e-05,101325.0
687.0,0.00023653112898564915,0.0002160659037446528,59.365547529945886,586.3408738869963,49.08377898852008,86689.0201881939,349.5599984108836,0.00027373342778876634,2.3574437164751887e-06,2.9326056611725016e-05,101325.0
688.0,0.00023882826630211893,0.00021836304106112258,59.858179609566825,586.5450354039035,49.075301340351906,86662.66210899336,349.0706500771701,0.0002760888908085918,2.353429173791627e-06,2.9326056611725016e-05,101325.0
689.0,0.00024112251935289318,0.00022065729411189684,60.35041412178827,586.748774550092,49.06677938676573,86637.47794746919,348.5924989003756,0.00027844017993032435,2.3490960144705084e-06,2.9326056611725016e-05,101325.0
690.0,0.00024341364841838514,0.0002229484231773888,60.84220334398861,586.9520667203236,49.05821362586454,86613.4673461762,348.1252810571078,0.00028078697682705527,2.344444825152243e-06,2.9326056611725016e-05,101325.0
691.0,0.00024570141459760134,0.00022523618935660496,61.33349974601882,587.1548873689799,49.04960454894305,86590.63004636225,347.66874149270944,0.0002831289637800511,2.3394762355334093e-06,2.9326056611725016e-05,101325.0
692.0,0.0002479855798251242,0.00022752035458412784,61.824255993452205,587.3572120117277,49.04095264066069,86568.96588869196,347.2226335891589,0.0002854658237217679,2.334190918281508e-06,2.9326056611725016e-05,101325.0
693.0,0.0002502659068881825,0.00022980068164718613,62.31442495087033,587.5590162271808,49.03225837920953,86548.47481401343,346.7867188478504,0.0002877972402787768,2.3285895889438894e-06,2.9326056611725016e-05,101325.0
694.0,0.0002525421594438067,0.00023207693420281033,62.80395968518462,587.7602756585553,49.02352223647739,86529.15686416648,346.36076658650614,0.0002901228978145966,2.322673005850882e-06,2.9326056611725016e-05,101325.0
695.0,0.000254814102036068,0.00023434887679507163,63.292813468992804,587.9609660153204,49.01474467820622,86511.01218283249,345.94455364951335,0.0002924424814724239,2.3164419700131294e-06,2.9326056611725016e-05,101325.0
696.0,0.00025708150011339903,0.00023661627487240268,63.780939783969885,588.1610630748436,49.005926164146025,86494.04101642236,345.53786413102034,0.00029475567721776364,2.3098973250131363e-06,2.9326056611725016e-05,101325.0
697.0,0.00025934412004599523,0.0002388788948049989,64.26829232429321,588.36054268403,48.99706714820436,86478.24371500702,345.1404891101637,0.0002970621718809394,2.303039956891075e-06,2.9326056611725016e-05,101325.0
698.0,0.0002616017291432957,0.0002411365039022994,64.75482500010136,588.5593807609564,48.98816807859168,86463.62073328452,344.75222639782976,0.0002993616531994953,2.29587079402482e-06,2.9326056611725016e-05,101325.0
699.0,0.00026385409567154295,0.00024338887043054666,65.24049194098659,588.7575532964992,48.9792293979626,86450.17263158802,344.37288029439094,0.00030165380986046995,2.2883908070042616e-06,2.9326056611725016e-05,101325.0
700.0,0.000266100988871421,0.00024563576363042475,65.72524749952079,588.9550363559557,48.970251543553225,86437.9000769329,344.0022613578847,0.00030393833154254316,2.2806010084999066e-06,2.9326056611725016e-05,101325.0
701.0,0.00026834217897577173,0.00024787695373477546,66.20904625481504,589.1518060806602,48.961234947314715,86426.80384410344,343.64018618213333,0.00030621490895804866,2.2725024531257774e-06,2.9326056611725016e-05,101325.0
702.0,0.00027057743722738893,0.00025011221198639267,66.69184301611246,589.3478386895925,48.95218003604319,86416.88481677978,343.2864771843295,0.0003084832338948468,2.2640962372966333e-06,2.9326056611725016e-05,101325.0
703.0,0.0002728065358968913,0.00025234131065589505,67.1735928264149,589.5431104809809,48.94308723150608,86408.14398870568,342.940962401639,0.0003107429992580515,2.255383499079535e-06,2.9326056611725016e-05,101325.0
704.0,0.00027502924830067357,0.0002545640230596773,67.65425096614338,589.737597833897,48.933956950565076,86400.5824648977,342.60347529639427,0.00031299389911160566,2.246365418039769e-06,2.9326056611725016e-05,101325.0
705.0,0.0002772453488189371,0.0002567801235779408,68.13377295683257,589.9312772098449,48.9247896052958,86394.20146289661,342.2738545694766,0.0003152356287197005,2.2370432150811492e-06,2.9326056611725016e-05,101325.0
706.0,0.00027945461291380055,0.0002589893876728043,68.6121145648598,590.1241251543422,48.91558560310424,86389.00231406186,341.95194398150556,0.00031746788458803204,2.2274181522807303e-06,2.9326056611725016e-05,101325.0
707.0,0.0002816568171474918,0.0002611915919064955,69.08923180520875,590.3161182984937,48.906345346840155,86384.98646491094,341.637592181475,0.0003196903645048875,2.2174915327179457e-06,2.9326056611725016e-05,101325.0
708.0,0.00028385173920062156,0.0002633865139596253,69.56508094526859,590.507233360558,48.89706923490746,86382.15547850251,341.33065254249175,0.00032190276758206393,2.207264700298178e-06,2.9326056611725016e-05,101325.0
709.0,0.00028603915789054117,0.0002655739326495449,70.03961850866862,590.6974471475052,48.887757661371765,86380.51103586839,341.0309830042943,0.0003241047942955988,2.1967390395708357e-06,2.9326056611725016e-05,101325.0
710.0,0.000288218853189785,0.00026775362794878875,70.51280127914953,590.8867365565678,48.87841101606507,86380.05493749108,340.738445922242,0.00032629614652632434,2.185915975541889e-06,2.9326056611725016e-05,101325.0
711.0,0.00029039060624459984,0.0002699253810036036,70.98458630447146,591.0750785767826,48.869029684687845,86380.78910483203,340.45290792248534,0.00032847652760022665,2.174796973480958e-06,2.9326056611725016e-05,101325.0
712.0,0.00029255419939356285,0.0002720889741525666,71.45493090035993,591.2624502905237,48.85961404890841,86382.71558190999,340.1742397630374,0.0003306456423286109,2.163383538722933e-06,2.9326056611725016e-05,101325.0
713.0,0.0002947094161862903,0.000274244190945294,71.92379265449001,591.4488288750276,48.85016448645989,86385.83653693178,339.90231620048706,0.000332803197048065,2.15167721646418e-06,2.9326056611725016e-05,101325.0
714.0,0.0002968560414022392,0.0002763908161612429,72.39112943051,591.6341916039088,48.84068137123463,86390.154263977,339.63701586210175,0.000334948899660217,2.1396795915533435e-06,2.9326056611725016e-05,101325.0
715.0,0.00029899386106960456,0.0002785286358286083,72.85689937210506,591.8185158486662,48.83116507337632,86395.67118473817,339.3782211230848,0.0003370824596712806,2.1273922882767842e-06,2.9326056611725016e-05,101325.0
716.0,0.0003011226624843142,0.0002806574372433179,73.3210609071021,592.0017790801803,48.82161595936979,86402.38985031837,339.1258179887629,0.00033920358823138336,2.1148169701386762e-06,2.9326056611725016e-05,101325.0
717.0,0.00030324223422912466,0.0002827770089881284,73.78357275161667,592.1839588702007,48.81203439212859,86410.31294308828,338.8796959814879,0.0003413119981736723,2.1019553396357963e-06,2.9326056611725016e-05,101325.0
718.0,0.00030535236619282097,0.0002848871409518247,74.24439391424323,592.3650328928233,48.80242073108046,86419.44327860445,338.6397480320534,0.00034340740405319157,2.0888091380270306e-06,2.9326056611725016e-05,101325.0
719.0,0.0003074528495895232,0.0002869876243485269,74.7034837002895,592.5449789259571,48.79277533225069,86429.78380759041,338.40587037542946,0.0003454895221855274,2.07538014509764e-06,2.9326056611725016e-05,101325.0
720.0,0.0003095434769781034,0.00028907825173710714,75.16080171605654,592.7237748527821,48.78309854834345,86441.33761798403,338.17796245063676,0.0003475580706852141,2.0616701789183016e-06,2.9326056611725016e-05,101325.0
721.0,0.0003116240422817168,0.00029115881704072053,75.61630787316564,592.9013986631938,48.77339072882121,86454.10793705149,337.9559268045811,0.0003496127695038977,2.0476810955989713e-06,2.9326056611725016e-05,101325.0
722.0,0.00031369434080745024,0.00029322911556645397,76.0699623929333,593.0778284552398,48.763652219982255,86468.09813357257,337.7396689996876,0.00035165334046824767,2.0334147890376066e-06,2.9326056611725016e-05,101325.0
723.0,0.000315754169266093,0.00029528894402509675,76.52172581079591,593.2530424365422,48.75388336503633,86483.31172009633,337.5290975251723,0.00035367950731762126,2.0188731906637386e-06,2.9326056611725016e-05,101325.0
724.0,0.0003178033257920336,0.00029733810055103735,76.97155898078545,593.4270189257106,48.74408450417858,86499.75235527393,337.3241237118051,0.00035569099574145997,2.004058269177019e-06,2.9326056611725016e-05,101325.0
725.0,0.0003198416099632867,0.00029937638472229044,77.4194230800579,593.5997363537424,48.734255974661714,86517.42384626686,337.12466165001973,0.0003576875334164306,1.988972030280665e-06,2.9326056611725016e-05,101325.0
726.0,0.00032186882282165614,0.00030140359758065987,77.86527961347602,593.771173265411,48.724398110866495,86536.33015123656,336.9306281112345,0.00035966885004329145,1.9736165164099295e-06,2.9326056611725016e-05,101325.0
727.0,0.0003238847668930376,0.00030341954165204134,78.30909041824816,593.9413083206415,48.71451124437065,86556.47538191648,336.7419424722569,0.0003616346773834872,1.9579938064555867e-06,2.9326056611725016e-05,101325.0
728.0,0.00032588924620786735,0.0003054240209668711,78.75081766862502,594.1101202958741,48.70459570401617,86577.86380627,336.55852664264654,0.0003635847492954642,1.9421060154824834e-06,2.9326056611725016e-05,101325.0
729.0,0.000327882066321722,0.0003074168410807257,79.19042388065621,594.2775880854144,48.69465181597512,86600.49985123759,336.38030499492186,0.0003655188017707012,1.9259552944431936e-06,2.9326056611725016e-05,101325.0
730.0,0.000329863034336075,0.00030939780909507874,79.62787191700872,594.4436907027699,48.68467990381393,86624.3881055754,336.207204297497,0.0003674365729694526,1.9095438298868127e-06,2.9326056611725016e-05,101325.0
731.0,0.000331831958919217,0.00031136673367822076,80.06312499184929,594.6084072819731,48.67468028855628,86649.53332278992,336.039153650245,0.00036933780325619676,1.8928738436629346e-06,2.9326056611725016e-05,101325.0
732.0,0.0003337886503273448,0.0003133234250863485,80.49614667579304,594.771717078891,48.66465328874459,86675.94042417074,335.8760844225842,0.0003712222352347869,1.875947592620849e-06,2.9326056611725016e-05,101325.0
733.0,0.0003357329204258271,0.00031526769518483086,80.92690090092056,594.9335994725197,48.654599220500124,86703.61450192599,335.7179301939935,0.0003730896137832984,1.8587673683039968e-06,2.9326056611725016e-05,101325.0
734.0,0.00033766458271065436,0.0003171993574696581,81.35535196586594,595.094033966265,48.64451839758183,86732.56082242388,335.5646266968633,0.0003749396860885671,1.8413354966397454e-06,2.9326056611725016e-05,101325.0
735.0,0.0003395834523300782,0.00031911822708908193,81.78146454097836,595.2530001892069,48.63441113144384,86762.78482954337,335.4161117615963,0.00037677220168041915,1.8236543376244677e-06,2.9326056611725016e-05,101325.0
736.0,0.000341489346106451,0.00032102412086545474,82.20520367355988,595.4104778973501,48.62427773129182,86794.29214814001,335.272325263874,0.00037858691246557655,1.8057262850040692e-06,2.9326056611725016e-05,101325.0
737.0,0.00034338208255827157,0.0003229168573172753,82.62653479318207,595.5664469748576,48.61411850413799,86827.08858762862,335.1332090740103,0.00038038357276124824,1.7875537659498887e-06,2.9326056611725016e-05,101325.0
738.0,0.000345261481922447,0.00032479625668145075,83.04542371708479,595.7208874352689,48.60393375485509,86861.18014568892,334.99870700831644,0.00038216193932839035,1.7691392407301093e-06,2.9326056611725016e-05,101325.0
739.0,0.0003471273661767793,0.00032666214093578303,83.46183665565978,595.8737794227012,48.59372378622914,86896.57301209832,334.8687647824059,0.0003839217714046369,1.750485202376675e-06,2.9326056611725016e-05,101325.0
740.0,0.0003489795590626862,0.00032851433382168993,83.87574021802266,596.0251032130342,48.5834888990111,86933.27357269602,334.74332996637077,0.0003856628307368954,1.7315941763477736e-06,2.9326056611725016e-05,101325.0
741.0,0.00035081788610816646,0.0003303526608671702,84.28710141767642,596.1748392150771,48.573229391967466,86971.2884134842,334.6223519417644,0.0003873848816136021,1.7124687201859309e-06,2.9326056611725016e-05,101325.0
742.0,0.00035264217465102017,0.0003321769494100239,84.6958876782702,596.3229679717181,48.56294556192981,87010.62432487047,334.5057818603277,0.00038908769089663427,1.69311142317176e-06,2.9326056611725016e-05,101325.0
743.0,0.00035445225386233496,0.0003339870286213387,85.10206683945688,596.4694701610557,48.552637703843295,87051.28830605828,334.3935726044023,0.00039077102805287273,1.673524905973414e-06,2.9326056611725016e-05,101325.0
744.0,0.00035624795477024986,0.0003357827295292536,85.50560716285355,596.6143265975114,48.5423061108142,87093.28756958964,334.2856787489712,0.0003924346651854125,1.6537118202917906e-06,2.9326056611725016e-05,101325.0
745.0,0.00035802911028400914,0.00033756388504301287,85.9064773381088,596.7575182329234,48.53195107415647,87136.62954604675,334.18205652527615,0.0003940783770644166,1.6336748485015318e-06,2.9326056611725016e-05,101325.0
746.0,0.00035979555521831863,0.00033933032997732237,86.30464648908128,596.8990261576203,48.52157288343732,87181.32188891857,334.08266378595965,0.0003957019411576084,1.613416703287876e-06,2.9326056611725016e-05,101325.0
747.0,0.00036154712631801837,0.0003410819010770221,86.70008418013386,597.0388316014754,48.51117182652195,87227.37247963871,333.9874599716839,0.0003973051376603988,1.5929401272794027e-06,2.9326056611725016e-05,101325.0
748.0,0.0003632836622830857,0.0003428184370420894,87.09276042254825,597.1769159349404,48.500748189617305,87274.78943280113,333.8964060791798,0.0003988877495256449,1.57224789267672e-06,2.9326056611725016e-05,101325.0
749.0,0.00036500500379398336,0.0003445397785529871,87.48264568106504,597.3132606700575,48.490302257315,87323.58110156158,333.80946463068386,0.00040044956249303304,1.5513428008771726e-06,2.9326056611725016e-05,101325.0
750.0,0.00036671099353736904,0.00034624576829637277,87.86971088055422,597.4478474614504,48.479834312633415,87373.75608323021,333.7265996447198,0.0004019903651180892,1.5302276820955377e-06,2.9326056611725016e-05,101325.0
751.0,0.00036840147623218186,0.0003479362509911856,88.25392741282187,597.580658107293,48.46934463705887,87425.32322506605,333.64777660818777,0.0004035099488008017,1.508905394980907e-06,2.9326056611725016e-05,101325.0
752.0,0.00037007629865612424,0.000349611073415128,88.63526714355855,597.711674550256,48.458833510586075,87478.29163027812,333.57296244972133,0.0004050081078138648,1.4873788262296363e-06,2.9326056611725016e-05,101325.0
753.0,0.00037173530967255647,0.0003512700844315602,89.01370241943565,597.8408788784293,48.448301211757745,87532.67066424416,333.50212551427944,0.00040648463933053007,1.4656508901945473e-06,2.9326056611725016e-05,101325.0
754.0,0.00037337836025782374,0.00035291313501682747,89.38920607535577,597.9682533262209,48.43774801770342,87588.46996095454,333.43523553893823,0.0004079393434520657,1.4437245284903684e-06,2.9326056611725016e-05,101325.0
755.0,0.00037500530352903614,0.0003545400782880399,89.76175144186418,598.0937802752319,48.42717420417756,87645.69942969109,333.37226362985155,0.00040937202323481985,1.4216027095954873e-06,2.9326056611725016e-05,101325.0
756.0,0.00037661599477232204,0.00035615076953132577,90.13131235272792,598.2174422551054,48.41658004559688,87704.36926195057,333.31318224035124,0.0004107824847168836,1.399288428450067e-06,2.9326056611725016e-05,101325.0
757.0,0.00037821029147157845,0.0003577450662305822,90.49786315269039,598.3392219443506,48.40596581507692,87764.48993862288,333.2579651501577,0.00041217053694435026,1.376784706050579e-06,2.9326056611725016e-05,101325.0
758.0,0.0003797880533377413,0.000359322828096745,90.86137870540885,598.4591021711395,48.395331784467956,87826.07223743475,333.2065874456751,0.00041353599199716755,1.3540945890408063e-06,2.9326056611725016e-05,101325.0
759.0,0.0003813491423386009,0.0003608839170976046,91.22183440158327,598.5770659140773,48.38467822439018,87889.12724067054,333.15902550134666,0.00041487866501457887,1.3312211492993798e-06,2.9326056611725016e-05,101325.0
760.0,0.0003828934227291891,0.0003624281974881928,91.5792061672849,598.6930963029438,48.374005404268175,87953.66634318135,333.1152569620457,0.0004161983742201507,1.3081674835238896e-06,2.9326056611725016e-05,101325.0
761.0,0.0003844207610827657,0.00036395553584176946,91.93347047249398,598.8071766194076,48.36331359236473,88019.70126069582,333.0752607264817,0.00041749494094638133,1.2849367128116606e-06,2.9326056611725016e-05,101325.0
762.0,0.00038593102632243366,0.0003654658010814374,92.28460433985589,598.9192902977095,48.352603055814,88087.2440384445,333.03901693160105,0.00041876818965889154,1.2615319822371657e-06,2.9326056611725016e-05,101325.0
763.0,0.0003874240897534141,0.00036695886451241784,92.63258535366593,599.029420925316,48.34187406065397,88156.30706011294,333.0065069379617,0.00042001794798018677,1.2379564604262834e-06,2.9326056611725016e-05,101325.0
764.0,0.0003888998250960142,0.00036843459985501793,92.97739166909355,599.1375522435422,48.33112687185831,88226.90305713686,332.97771331606805,0.0004212440467129959,1.214213339127278e-06,2.9326056611725016e-05,101325.0
765.0,0.0003903581085193219,0.0003698928832783256,93.319002021657,599.243668148142,48.32036175336757,88299.04511835524,332.95261983364566,0.0004224463198631775,1.1903058327787041e-06,2.9326056611725016e-05,101325.0
766.0,0.00039179881867566486,0.0003713335934346686,93.65739573696065,599.3477526898654,48.30957896811976,88372.74670003758,332.9312114438447,0.00042362460466219227,1.166237178074222e-06,2.9326056611725016e-05,101325.0
767.0,0.0003932218367358722,0.0003727566114948759,93.9925527407072,599.4497900749824,48.298778778080276,88448.02163630162,332.91347427435653,0.00042477874158913993,1.142010633524399e-06,2.9326056611725016e-05,101325.0
768.0,0.0003946270464253796,0.0003741618211843833,94.32445356899831,599.5497646657716,48.28796144427125,88524.88414994023,332.89939561743233,0.00042590857439235547,1.1176294790155598e-06,2.9326056611725016e-05,101325.0
769.0,0.0003960143340612224,0.00037554910882022614,94.65307937893768,599.6476609809729,48.27712722680024,88603.3488636756,332.88896392079255,0.0004270139501105631,1.093097015365743e-06,2.9326056611725016e-05,101325.0
770.0,0.0003973835885899613,0.000376918363348965,94.9784119595513,599.7434636962033,48.26627638488838,88683.43081186114,332.8821687794185,0.0004280947190935851,1.0684165638778193e-06,2.9326056611725016e-05,101325.0
771.0,0.0003987347016265907,0.0003782694763855944,95.30043374304078,599.8371576443348,48.25540917689783,88765.14545265208,332.8790009282169,0.0004291507350226011,1.0435914658898582e-06,2.9326056611725016e-05,101325.0
772.0,0.000400067567494481,0.0003796023422534847,95.61912781638648,599.9287278158322,48.24452586035872,88848.50868066639,332.87945223555124,0.00043018185492995904,1.018625082322728e-06,2.9326056611725016e-05,101325.0
773.0,0.0004013820832664097,0.00038091685802541344,95.93447793331788,600.0181593590517,48.23362669199543,88933.53684016062,332.8835156976343,0.0004311879392185291,9.935207932251134e-07,2.9326056611725016e-05,101325.0
774.0,0.0004026781488067404,0.0003822129235657441,96.24646852667027,600.1054375804962,48.22271192775231,89020.24673874458,332.8911854337771,0.000432168851680603,9.682819973159125e-07,2.9326056611725016e-05,101325.0
775.0,0.00040395566681481046,0.0003834904415738142,96.55508472114751,600.1905479450292,48.211781822818736,89108.65566166122,332.90245668249173,0.000433124459516336,9.429121115240685e-07,2.9326056611725016e-05,101325.0
776.0,0.00040521454286959486,0.0003847493176285986,96.86031234651196,600.2734760760424,48.20083663165368,89198.78138666035,332.9173257984465,0.00043405463335172384,9.174145705260093e-07,2.9326056611725016e-05,101325.0
777.0,0.00040645468547571525,0.000385989460234719,97.1621379512242,600.3542077555791,48.18987660800955,89290.64219949485,332.93579025027196,0.00043495924725611885,8.917928262806407e-07,2.9326056611725016e-05,101325.0
778.0,0.0004076760061108693,0.000387210780869873,97.46054881655631,600.432728924409,48.17890200495551,89384.25691007104,332.95784861922095,0.00043583817875927894,8.660503475619933e-07,2.9326056611725016e-05,101325.0
779.0,0.0004088784192747601,0.0003884131940337638,97.75553297120425,600.5090256820546,48.16791307490015,89479.64486928625,332.98350059868204,0.00043669130886794853,8.401906194896003e-07,2.9326056611725016e-05,101325.0
780.0,0.00041006184253961016,0.0003895966172986139,98.04707920642628,600.5830842867663,48.15691006961353,89576.82598658948,333.0127469945535,0.000437518522081967,8.142171430567041e-07,2.9326056611725016e-05,101325.0
781.0,0.0004112261966023506,0.00039076097136135434,98.33517709173636,600.6548911554462,48.14589324024865,89675.8207483013,333.0455897264798,0.0004383197064099069,7.881334346562391e-07,2.9326056611725016e-05,101325.0
782.0,0.00041237140533858217,0.0003919061800975859,98.6198169911833,600.7244328635167,48.134862837362206,89776.65023673425,333.0820318299604,0.00043909475338423527,7.619430256047866e-07,2.9326056611725016e-05,101325.0
783.0,0.0004134973958584111,0.0003930321706174148,98.90099008024842,600.7916961447334,48.12381911093479,89879.33615015504,333.1220774593362,0.0004398435580759983,7.356494616644891e-07,2.9326056611725016e-05,101325.0
784.0,0.00041460409856427014,0.00039413887332327387,99.17868836339676,600.8566678909401,48.112762310390345,89983.90082363412,333.1657318916661,0.00044056601910902733,7.092563025630088e-07,2.9326056611725016e-05,101325.0
785.0,0.00041569144721084316,0.0003952262219698469,99.45290469231941,600.9193351517634,48.10169268461503,90090.36725083059,333.21300153150315,0.00044126203867366333,6.827671215115953e-07,2.9326056611725016e-05,101325.0
786.0,0.0004167593789672189,0.0003962941537262226,99.72363278490685,600.979685134245,48.09061048197534,90198.75910676354,333.26389391658495,0.00044193152253999853,6.561855047213484e-07,2.9326056611725016e-05,101325.0
787.0,0.00041780783448140967,0.0003973426092404134,99.9908672449964,601.0377052024089,48.07951595033557,90309.10077162438,333.31841772445244,0.00044257438007063446,6.295150509176639e-07,2.9326056611725016e-05,101325.0
788.0,0.0004188367579473806,0.00039837153270638433,100.25460358293944,601.093382876763,48.06840933707451,90421.41735568894,333.37658278001487,0.0004431905242329521,6.027593708530586e-07,2.9326056611725016e-05,101325.0
789.0,0.0004198460971747445,0.00039938087193374825,100.51483823703806,601.1467058337292,48.057290889101466,90535.73472539142,333.43840006407936,0.00044377987161089456,5.759220868183293e-07,2.9326056611725016e-05,101325.0
790.0,0.00042083580366129034,0.0004003705784202941,100.77156859590367,601.1976619050022,48.04616085287143,90652.07953062632,333.50388172286625,0.0004443423424162609,5.490068321521358e-07,2.9326056611725016e-05,101325.0
791.0,0.0004218058326685254,0.00040134060742752915,101.02479302179452,601.2462390768329,48.03501947439954,90770.47923335103,333.57304107853395,0.000444877860499508,5.220172507491008e-07,2.9326056611725016e-05,101325.0
792.0,0.00042275614330042474,0.00040229091805942847,101.27451087499337,601.2924254892342,48.02386699927469,90890.96213756467,333.6458926407391,0.00044538635336005967,4.949569965665227e-07,2.9326056611725016e-05,101325.0
793.0,0.0004236866985855971,0.0004032214733446008,101.52072253929077,601.3362094351048,48.01270367267225,91013.55742074529,333.7224521192597,0.0004458677521561221,4.6782973312964973e-07,2.9326056611725016e-05,101325.0
794.0,0.00042459746556309245,0.0004041322403220962,101.76342944864523,601.3775793592686,48.001529739366,91138.295166834,333.8027364377134,0.00044632199171400466,4.406391330356986e-07,2.9326056611725016e-05,101325.0
795.0,0.00042548841537209475,0.0004050231901310985,102.00263411509624,601.4165238574263,47.990345443739024,91265.20640086064,333.88676374840406,0.00044674901053694217,4.133888774566804e-07,2.9326056611725016e-05,101325.0
796.0,0.0004263595233457623,0.00040589429810476604,102.23834015801323,601.4530316750154,47.97915102979376,91394.32312531257,333.9745534483345,0.00044714875081342155,3.8608265564098707e-07,2.9326056611725016e-05,101325.0
797.0,0.0004272107691095009,0.0004067455438685046,102.47055233476915,601.4870917059732,47.96794674116097,91525.67835835667,334.0661261964257,0.0004475211584250084,3.5872416441394335e-07,2.9326056611725016e-05,101325.0
798.0,0.0004280421366839778,0.0004075769114429815,102.69927657293579,601.5186929914017,47.95673282110767,91659.30617403296,334.16150393198683,0.0004478661829536732,3.3131710767733224e-07,2.9326056611725016e-05,101325.0
799.0,0.00042885361459321105,0.0004083883893522148,102.92452000410509,601.5478247181272,47.94550951254397,91795.24174454721,334.2607098944847,0.00044818377768861793,3.0386519590790414e-07,2.9326056611725016e-05,101325.0
800.0,0.0004296451959780972,0.0004091799707371009,103.14629099945026,601.5744762171506,47.934277058028755,91933.52138480094,334.36376864466524,0.00044847389963259933,2.7637214565507535e-07,2.9326056611725016e-05,101325.0
801.0,0.0004304168787157721,0.00040995165347477584,103.36459920714988,601.5986369619845,47.92303569977413,92074.18259930814,334.4707060870846,0.0004487365095077503,2.488416790377673e-07,2.9326056611725016e-05,101325.0
802.0,0.0004311686655452356,0.00041070344030423936,103.57945559180934,601.6202965668712,47.91178567964859,92217.26413166049,334.5815494941123,0.0004489715717608975,2.2127752324045253e-07,2.9326056611725016e-05,101325.0
803.0,0.0004319005641997076,0.00041143533895871134,103.79087247602551,601.6394447848747,47.90052723917878,92362.80601671654,334.6963275314754,0.00044917905456837463,1.9368341000859218e-07,2.9326056611725016e-05,101325.0
804.0,0.0004326125875462279,0.00041214736230523163,103.99886358425431,601.6560715058437,47.889260619549866,92510.84963570595,334.8150702854176,0.0004493589298403309,1.6606307514341282e-07,2.9326056611725016e-05,101325.0
805.0,0.00043330475373305917,0.0004128395284920629,104.20344408915498,601.6701667542353,47.877986061604346,92661.43777445592,334.9378092915558,0.00044951117322453366,1.38420257996122e-07,2.9326056611725016e-05,101325.0
806.0,0.00043397708634550545,0.0004135118611045092,104.40463066060168,601.6817206867966,47.86670380583922,92814.61468496572,335.06457756552254,0.0004496357641096659,1.1075870096165574e-07,2.9326056611725016e-05,101325.0
807.0,0.00043462961457081705,0.0004141643893298208,104.60244151757082,601.6907235900937,47.85541409240145,92970.42615057643,335.1954096354921,0.000449732685628116,8.308214897205608e-08,2.9326056611725016e-05,101325.0
808.0,0.0004352623733729197,0.00041479714813192345,104.79689648313295,601.6971658778826,47.844117161081556,93128.91955500445,335.33034157669766,0.000449801924658262,5.539434898942517e-08,2.9326056611725016e-05,101325.0
809.0,0.0004358754036777786,0.00041541017843678234,104.98801704280072,601.7010380883119,47.83281325130523,93290.14395553406,335.46941104805586,0.0004498434718262475,2.769904949866747e-08,2.9326056611725016e-05,101325.0
810.0,0.00043646875257028953,0.00041600352732929326,105.17582640650932,601.7023308809493,47.8215026021229,93454.15016069193,335.61265733102897,0.00044985732150725107,8.746225368713192e-22,2.9326056611725016e-05,101325.0
811.0,0.00043704247350368316,0.0004165772482626869,105.36034957453441,601.7010350336229,47.810185452196926,93620.99081275782,335.76012137086457,0.0004498434718262475,-2.7699049498665728e-08,2.9326056611725016e-05,101325.0
812.0,0.00043759662652252977,0.0004171314012815335,105.54161340768415,601.6971414390656,47.798862039786506,93790.72047550157,335.91184582037005,0.000449801924658262,-5.539434898942764e-08,2.9326056611725016e-05,101325.0
813.0,0.00043813127850054855,0.0004176660532595523,105.71964670213714,601.6906411013517,47.78753260272989,93963.39572757545,336.0678750863936,0.000449732685628116,-8.308214897205433e-08,2.9326056611725016e-05,101325.0
814.0,0.0004386465033945562,0.0004181812781535599,105.8944802693385,601.6815251321156,47.77619737842383,94139.07526203508,336.2282553792008,0.0004496357641096659,-1.1075870096165398e-07,2.9326056611725016e-05,101325.0
815.0,0.0004391423825160346,0.0004186771572750383,106.06614702141076,601.6697847465363,47.76485660380003,94317.81999251239,336.39303476495814,0.00044951117322453366,-1.3842025799612027e-07,2.9326056611725016e-05,101325.0
816.0,0.00043961900482196377,0.0004191537795809675,106.23468206258673,601.6554112590774,47.75351051529831,94499.69316661797,336.56226322155396,0.00044935892984033083,-1.660630751434153e-07,2.9326056611725016e-05,101325.0
817.0,0.0004400764672267493,0.000419611241985753,106.40012278722827,601.6383960789645,47.74215934883632,94684.76048721533,336.73599269801633,0.00044917905456837463,-1.9368341000859048e-07,2.9326056611725016e-05,101325.0
818.0,0.0004405148749372829,0.00042004964969628665,106.56250898505827,601.6187307053856,47.7308033397754,94873.09024227617,336.91427717781136,0.0004489715717608975,-2.212775232404508e-07,2.9326056611725016e-05,101325.0
819.0,0.0004409343418134069,0.0004204691165724106,106.72188295430449,601.5964067223944,47.71944272288237,95064.75344410684,337.09717274633954,0.0004487365095077503,-2.4884167903776555e-07,2.9326056611725016e-05,101325.0
820.0,0.0004413349907563118,0.0004208697655153155,106.87828962353323,601.5714157934999,47.70807773228683,95259.82397882255,337.28473766298174,0.00044847389963259933,-2.7637214565507366e-07,2.9326056611725016e-05,101325.0
821.0,0.0004417169541276874,0.0004212517288866911,107.03177668303887,601.543749655919,47.69670860143362,95458.37876704286,337.47703243808144,0.00044818377768861793,-3.0386519590790234e-07,2.9326056611725016e-05,101325.0
822.0,0.00044208037420275924,0.000421615148961763,107.18239472675212,601.5134001144689,47.68533556302998,95660.49793689008,337.67411991529525,0.00044786618295367326,-3.3131710767733044e-07,2.9326056611725016e-05,101325.0
823.0,0.00044242540366068765,0.0004219601784196914,107.33019740573413,601.4803590350757,47.67395884898698,95866.26501048889,337.87606535978216,0.00044752115842500834,-3.5872416441394584e-07,2.9326056611725016e-05,101325.0
824.0,0.00044275220611616345,0.0004222869808751672,107.47524159443395,601.4446183378689,47.66257869035465,96075.76710529032,338.0829365527499,0.00044714875081342155,-3.8608265564098956e-07,2.9326056611725016e-05,101325.0
825.0,0.000443060956696398,0.00042259573145540173,107.61758757099815,601.4061699898334,47.651195317250256,96289.09515167352,338.29480389291376,0.00044674901053694217,-4.133888774566787e-07,2.9326056611725016e-05,101325.0
826.0,0.00044335184266804036,0.0004228866174270441,107.75729921302494,601.3650059969852,47.639808958779035,96506.34412840399,338.5117405054619,0.00044632199171400466,-4.4063913303569697e-07,2.9326056611725016e-05,101325.0
827.0,0.0004436250641188119,0.0004231598388778156,107.89444421023575,601.3211183960319,47.62841984294676,96727.61331763759,338.73382235913385,0.0004458677521561221,-4.67829733129648e-07,2.9326056611725016e-05,101325.0
828.0,0.000443880834698732,0.00042341560945773575,108.0290942955661,601.2744992454802,47.617028196563275,96953.00658122623,338.9611283920044,0.00044538635336005967,-4.94956996566521e-07,2.9326056611725016e-05,101325.0
829.0,0.00044411938242555697,0.0004236541571845607,108.16132549610568,601.2251406161444,47.60563424513618,97182.63266006327,339.1937406464853,0.00044487786049950806,-5.220172507490991e-07,2.9326056611725016e-05,101325.0
830.0,0.0004443409505581708,0.00042387572531717453,108.2912184050582,601.1730345810067,47.59423821275377,97416.60549801949,339.4317444138689,0.0004443423424162609,-5.490068321521341e-07,2.9326056611725016e-05,101325.0
831.0,0.0004445457985396434,0.0004240805732986471,108.41885847528836,601.1181732043785,47.5828403219563,97655.04459153084,339.67522838834805,0.0004437798716108945,-5.759220868183316e-07,2.9326056611725016e-05,101325.0
832.0,0.0004447342030075626,0.00042426897776656633,108.54433633379726,601.0605485303021,47.571440793594505,97898.07536483793,339.9242848297028,0.0004431905242329521,-6.027593708530569e-07,2.9326056611725016e-05,101325.0
833.0,0.0004449064588613384,0.00042444123362034216,108.6677481141004,601.000152570136,47.56003984667471,98145.82956877863,340.17900973246014,0.0004425743800706346,-6.295150509176623e-07,2.9326056611725016e-05,101325.0
834.0,0.000445062880361192,0.00042459765512019575,108.78919579899295,600.9369772892609,47.5486376981896,98398.44569698666,340.4395029967569,0.0004419315225399986,-6.561855047213468e-07,2.9326056611725016e-05,101325.0
835.0,0.00044520380220507106,0.0004247385769640748,108.90878755765128,600.8710145928487,47.537234562934735,98656.06940557496,340.7058685913123,0.0004412620386736633,-6.827671215115976e-07,2.9326056611725016e-05,101325.0
836.0,0.0004453295804746669,0.0004248643552336706,109.02663804450525,600.8022563106532,47.52583065331162,98918.8539072449,340.9782146896749,0.0004405660191090274,-7.092563025630073e-07,2.9326056611725016e-05,101325.0
837.0,0.00044544059323185564,0.00042497536799085937,109.14286859436272,600.7306941808106,47.5144261791204,99186.96028043125,341.2566537425811,0.0004398435580759984,-7.356494616644873e-07,2.9326056611725016e-05,101325.0
838.0,0.00044553724031768424,0.00042507201507668797,109.25760717950908,600.656319832718,47.50302134734953,99460.55757063719,341.54130241119753,0.0004390947533842353,-7.61943025604785e-07,2.9326056611725016e-05,101325.0
839.0,0.0004456199413974737,0.00042515471615647745,109.37098784194399,600.5791247692275,47.49161636197909,99739.82242009939,341.83228120180615,0.00043831970640990686,-7.881334346562412e-07,2.9326056611725016e-05,101325.0
840.0,0.0004456891300689423,0.00042522390482794604,109.48314894594941,600.4991003487773,47.48021142383425,100024.9376215215,342.1297134397305,0.00043751852208196704,-8.142171430567023e-07,2.9326056611725016e-05,101325.0
841.0,0.0004457452385276308,0.00042528001328663454,109.59422859959325,600.4162377690362,47.46880673057434,100316.08806944618,342.4337226716768,0.0004366913088679486,-8.401906194895985e-07,2.9326056611725016e-05,101325.0
842.0,0.00044578865662176225,0.000425323431380766,109.70435239621338,600.3305280562437,47.45740247703588,100613.44962455532,342.74442582584464,0.000435838178759279,-8.660503475619917e-07,2.9326056611725016e-05,101325.0
843.0,0.00044581960403674203,0.00042535437879574577,109.81359510634657,600.2419620731868,47.44599885659467,100917.15390416076,343.0619120155406,0.0004349592472561188,-8.917928262806429e-07,2.9326056611725016e-05,101325.0
844.0,0.0004458375012948379,0.00042537227605384166,109.92179211559454,600.1505306019363,47.43459606643593,101227.11425369389,343.38613854524095,0.0004340546333517239,-9.174145705260077e-07,2.9326056611725016e-05,101325.0
845.0,0.00044583266870166176,0.00042536774470288026,110.02575097085176,600.0562256505722,47.42319435897079,101540.45004975268,343.7146226330896,0.00043312445951633607,-9.429121115240669e-07,2.9326056611725016e-05,101325.0
846.0,0.000445818698495952,0.0004253544157673559,110.12950910425724,599.9590397105935,47.41179396350729,101860.94330267442,344.0495383725875,0.0004321688516806031,-9.682819973159108e-07,2.9326056611725016e-05,101325.0
847.0,0.0004458037289395505,0.00042534013335403644,110.23580804812372,599.8589612140905,47.40039494280542,102191.2091184466,344.39318497615386,0.0004311879392185291,-9.935207932251117e-07,2.9326056611725016e-05,101325.0
848.0,0.00044579070505641066,0.0004253277073023193,110.34568001267472,599.7559768900079,47.388997328263514,102532.30009906052,344.74651301793386,0.0004301818549299591,-1.0186250823227266e-06,2.9326056611725016e-05,101325.0
849.0,0.0004457816789851656,0.0004253190955521301,110.45985208576784,599.650072251147,47.377601135964646,102884.99697188014,345.11020166555767,0.00042915073502260116,-1.0435914658898567e-06,2.9326056611725016e-05,101325.0
850.0,0.00044577831391983823,0.0004253158849523926,110.57891984659165,599.5412317005175,47.366206371719684,103249.96791525507,345.48481355026695,0.000428094719093585,-1.0684165638778214e-06,2.9326056611725016e-05,101325.0
851.0,0.00044577827290934673,0.0004253158458243935,110.70209162868142,599.4294389994977,47.35481304328881,103626.59206518387,345.86967441484944,0.000427013950110563,-1.0930970153657453e-06,2.9326056611725016e-05,101325.0
852.0,0.00044577822837254605,0.0004253158033319523,110.8282281779928,599.3146788099381,47.34342119368967,104013.91885957937,346.26380099624544,0.0004259085743923555,-1.117629479015558e-06,2.9326056611725016e-05,101325.0
853.0,0.0004457781804893924,0.0004253157576467648,110.95734486665894,599.1969357634456,47.33203087863191,104412.07684342958,346.6672411942393,0.00042477874158914004,-1.1420106335243972e-06,2.9326056611725016e-05,101325.0
854.0,0.00044577812940400024,0.0004253157089063301,111.08945746831715,599.0761940736608,47.32064215791327,104821.19867462778,347.080044190748,0.00042362460466219216,-1.1662371780742244e-06,2.9326056611725016e-05,101325.0
855.0,0.0004457780752345074,0.00042531565722336335,111.22458216590196,598.9524375317238,47.30925509555243,105241.42121299122,347.5022604666157,0.0004224463198631776,-1.1903058327787026e-06,2.9326056611725016e-05,101325.0
856.0,0.0004457780180795426,0.0004253156026919659,111.36273555839867,598.8256495016087,47.297869759925,105672.8856113349,347.93394181776523,0.00042124404671299603,-1.2142133391272766e-06,2.9326056611725016e-05,101325.0
857.0,0.0004457779580226624,0.00042531554539185874,111.50393466702896,598.6958129153218,47.28648622390284,106115.73740911862,348.3751413711327,0.0004200179479801866,-1.2379564604262855e-06,2.9326056611725016e-05,101325.0
858.0,0.0004457778951355069,0.0004253154853913936,111.64819694112845,598.5629102679651,47.27510456499688,106570.12662899881,348.8259136006211,0.0004187681896588915,-1.2615319822371678e-06,2.9326056611725016e-05,101325.0
859.0,0.0004457778294801128,0.0004253154227497594,111.79554026386829,598.4269236126622,47.26372486550353,107036.20787651991,349.28631434321204,0.0004174949409463816,-1.2849367128116557e-06,2.9326056611725016e-05,101325.0
860.0,0.0004457777611106502,0.00042531535751863986,111.94598295791472,598.2878345553439,47.252347212654804,107514.14044313077,349.7564008153251,0.00041619837422015064,-1.308167483523892e-06,2.9326056611725016e-05,101325.0
861.0,0.0004457776900747555,0.0004253152897434846,112.09954379108741,598.1456242493925,47.24097169877237,108004.08841268595,350.2362316294825,0.000414878665014579,-1.331221149299378e-06,2.9326056611725016e-05,101325.0
862.0,0.00044577761641457174,0.0004253152194645023,112.25624198205726,598.0002733901424,47.22959842142554,108506.22077157871,350.72586681132117,0.00041353599199716765,-1.3540945890408048e-06,2.9326056611725016e-05,101325.0
863.0,0.00044577754016757464,0.00042531514671744836,112.41609720611213,597.8517622092343,47.21822748359349,109020.71152264295,351.2253678169811,0.00041217053694435037,-1.3767847060505775e-06,2.9326056611725016e-05,101325.0
864.0,0.00044577746136723647,0.0004253150715342586,112.57912960101096,597.7000704688217,47.20685899383166,109547.73980296115,351.73479755089363,0.0004107824847168837,-1.399288428450066e-06,2.9326056611725016e-05,101325.0
865.0,0.0004457773800435667,0.000425314993943565,112.74535977294171,597.5451774556263,47.195493066442744,110087.49000571427,352.25422038398875,0.0004093720232348199,-1.4216027095954856e-06,2.9326056611725016e-05,101325.0
866.0,0.00044577729622355687,0.00042531491397112013,112.91480880259456,597.3870619748412,47.18412982165216,110640.15190621122,352.7837021723362,0.0004079393434520656,-1.4437245284903701e-06,2.9326056611725016e-05,101325.0
867.0,0.00044577720993155013,0.00042531483164014964,113.08749825136003,597.2257023438779,47.172769385788314,111205.92079223777,353.32331027623337,0.0004064846393305302,-1.4656508901945456e-06,2.9326056611725016e-05,101325.0
868.0,0.00044577712118955103,0.00042531474697164804,113.2634501676594,597.0610763859554,47.16141189146782,111784.99759887098,353.873113579754,0.00040500810781386493,-1.487378826229635e-06,2.9326056611725016e-05,101325.0
869.0,0.0004457770300174873,0.00042531465998462835,113.4426870934139,596.8931614235304,47.150057477785744,112377.58904790512,354.4331825107656,0.0004035099488008015,-1.508905394980909e-06,2.9326056611725016e-05,101325.0
870.0,0.0004457769364334323,0.0004253145706963343,113.62523207065827,596.7219342715623,47.13870629051114,112983.90779204422,355.0035890614297,0.0004019903651180891,-1.5302276820955396e-06,2.9326056611725016e-05,101325.0
871.0,0.0004457768404537958,0.00042531447912242244,113.81110864830343,596.5473712306143,47.12735848228803,113604.17256402023,355.5844068091907,0.0004004495624930334,-1.5513428008771682e-06,2.9326056611725016e-05,101325.0
872.0,0.0004457767420934881,0.00042531438527711857,114.00034088905281,596.3694480797857,47.116014212841996,114238.60833079941,356.1757109382667,0.00039888774952564473,-1.5722478926767222e-06,2.9326056611725016e-05,101325.0
873.0,0.0004457766413660623,0.00042531428917335376,114.19295337647631,596.1881400694724,47.104673649192584,114887.44645304835,356.7775782616492,0.0003973051376603989,-1.592940127279401e-06,2.9326056611725016e-05,101325.0
874.0,0.00044577653828383823,0.0004253141908228823,114.38897122224579,596.0034219139549,47.093336965871714,115550.92485003707,357.39008724362105,0.0003957019411576087,-1.6134167032878716e-06,2.9326056611725016e-05,101325.0
875.0,0.00044577643285801066,0.00042531409023638503,114.58842007353557,595.8152677838084,47.08200434514833,116229.28817016102,358.0133180228031,0.0003940783770644167,-1.6336748485015303e-06,2.9326056611725016e-05,101325.0
876.0,0.0004457763250987445,0.00042531398742356037,114.79132612059166,595.6236512981344,47.07067597725941,116922.78796727263,358.64735243573745,0.0003924346651854126,-1.6537118202917891e-06,2.9326056611725016e-05,101325.0
877.0,0.00044577621501525885,0.0004253138823932041,114.99771610447274,595.428545516609,47.05935206064771,117631.68288302152,359.2922740410164,0.00039077102805287284,-1.673524905973413e-06,2.9326056611725016e-05,101325.0
878.0,0.000445776102615901,0.00042531377515328046,115.20761732496648,595.2299229313461,47.048032802206265,118356.23883540637,359.94816814396677,0.00038908769089663416,-1.6931114231717617e-06,2.9326056611725016e-05,101325.0
879.0,0.00044577598790821284,0.00042531366571098506,115.42105764868423,595.0277554585725,47.03671841753005,119096.72921375243,360.61512182189773,0.0003873848816136022,-1.7124687201859296e-06,2.9326056611725016e-05,101325.0
880.0,0.00044577587089898935,0.00042531355407280107,115.6380655173374,594.8220144301113,47.02540913117495,119853.43508033759,361.2932239499223,0.00038566283073689545,-1.7315941763477726e-06,2.9326056611725016e-05,101325.0
881.0,0.0004457757515943314,0.0004253134402445493,115.85866995619847,594.6126705846705,47.01410517692435,120626.64537889349,361.9825652273608,0.00038392177140463674,-1.7504852023766767e-06,2.9326056611725016e-05,101325.0
882.0,0.0004457756299996929,0.0004253133242314332,116.08290058275004,594.3996940589345,47.00280679806346,121416.65715022378,362.6832382047354,0.00038216193932839046,-1.7691392407301083e-06,2.9326056611725016e-05,101325.0
883.0,0.00044577550611992313,0.0004253132060380795,116.31078761552469,594.1830543784549,46.99151424766183,122223.7757551867,363.3953373113658,0.00038038357276124835,-1.7875537659498875e-06,2.9326056611725016e-05,101325.0
884.0,0.00044577537995930494,0.00042531308566857453,116.54236188313898,593.9627204483365,46.98022778886422,123048.31510529833,364.11895888357384,0.0003785869124655764,-1.8057262850040707e-06,2.9326056611725016e-05,101325.0
885.0,0.0004457752515215893,0.000425312963126497,116.77765483352455,593.7386605437177,46.96894769519007,123890.59790122666,364.85420119350783,0.000376772201680419,-1.8236543376244692e-06,2.9326056611725016e-05,101325.0
886.0,0.00044577512081002657,0.00042531283841494815,117.01669854335935,593.5108423000391,46.95767425084196,124750.9558794534,365.6011644785941,0.00037493968608856755,-1.8413354966397418e-06,2.9326056611725016e-05,101325.0
887.0,0.0004457749878273948,0.0004253127115365785,117.25952572770215,593.2792327031,46.94640775102333,125629.73006739361,366.35995097162686,0.0003730896137832982,-1.8587673683039983e-06,2.9326056611725016e-05,101325.0
888.0,0.00044577485257602553,0.00042531258249361244,117.50616974983318,593.0437980788968,46.93514850226568,126527.27104727206,367.1306649315038,0.00037122223523478694,-1.8759475926208478e-06,2.9326056611725016e-05,101325.0
889.0,0.0004457747150578271,0.00042531245128787085,117.75666463130405,592.804504083243,46.92389682276574,127443.93922907126,367.913412674618,0.00036933780325619687,-1.8928738436629333e-06,2.9326056611725016e-05,101325.0
890.0,0.00044577457527430624,0.00042531231792079127,118.01104506219987,592.5613156911649,46.912653042732764,128380.10513287329,368.7083026069137,0.0003674365729694527,-1.9095438298868115e-06,2.9326056611725016e-05,101325.0
891.0,0.0004457744332265875,0.0004253121823934466,118.26934641161651,592.3141971860707,46.90141750474646,129336.14968093396,369.5154452566177,0.0003655188017707013,-1.9259552944431927e-06,2.9326056611725016e-05,101325.0
892.0,0.0004457742889154311,0.00042531204470656214,118.53160473835594,592.0631121486917,46.890190564125795,130312.46449983919,370.3349533076517,0.0003635847492954643,-1.9421060154824826e-06,2.9326056611725016e-05,101325.0
893.0,0.0004457741423412493,0.0004253119048605313,118.7978568018425,591.8080234457888,46.87897258930907,131309.4522331084,371.16694163373785,0.00036163467738348703,-1.957993806455588e-06,2.9326056611725016e-05,101325.0
894.0,0.00044577399350412153,0.00042531176285542975,119.068140073263,591.5488932186236,46.867763962245704,132327.5268646222,372.0115273332039,0.0003596688500432915,-1.9736165164099286e-06,2.9326056611725016e-05,101325.0
895.0,0.000445773842403808,0.00042531161869102885,119.3424927469333,591.2856828711912,46.85656507880002,133367.1140532701,372.86882976449795,0.0003576875334164307,-1.9889720302806643e-06,2.9326056611725016e-05,101325.0
896.0,0.00044577368903976253,0.0004253114723668074,119.62095375189433,591.01835305821,46.84537634916756,134428.65147922398,373.7389705824206,0.00035569099574145975,-2.0040582691770207e-06,2.9326056611725016e-05,101325.0
897.0,0.0004457735334111441,0.000425311323881963,119.90356276373981,590.7468636728663,46.834198198304264,135512.58920226377,374.62207377508287,0.00035367950731762104,-2.01887319066374e-06,2.9326056611725016e-05,101325.0
898.0,0.0004457733755168276,0.00042531117323542226,120.19036021667868,590.4711738343112,46.82303106636898,136619.39003259773,375.5182657015974,0.0003516533404682481,-2.033414789037604e-06,2.9326056611725016e-05,101325.0
899.0,0.0004457732153554138,0.0004253110204258501,120.48138731583438,590.1912418749059,46.81187540917978,137749.5299146347,376.4276751305118,0.00034961276950389746,-2.047681095598973e-06,2.9326056611725016e-05,101325.0
900.0,0.00044577305292523836,0.00042531086545165856,120.77668604978344,589.9070253272133,46.80073169868447,138903.498324184,377.3504332789893,0.0003475580706852143,-2.0616701789183007e-06,2.9326056611725016e-05,101325.0
901.0,0.0004457728882243803,0.0004253107083110149,121.07629920333575,589.6184809107332,46.78960042344597,140081.79867958254,378.28667385274736,0.0003454895221855278,-2.0753801450976374e-06,2.9326056611725016e-05,101325.0
902.0,0.00044577272125066985,0.0004253105490018489,121.3802703705584,589.3255645183777,46.77848208914278,141284.94876726018,379.2365330867554,0.00034340740405319173,-2.0888091380270302e-06,2.9326056611725016e-05,101325.0
903.0,0.0004457725520016955,0.0004253103875218597,121.68864396804526,589.028231202686,46.767377219085326,142513.4811822791,380.20014978670366,0.0003413119981736724,-2.1019553396357955e-06,2.9326056611725016e-05,101325.0
904.0,0.00044577238047481055,0.00042531022386852217,122.0014652484339,588.7264351617738,46.75628635474859,143767.94378440583,381.1776653712443,0.0003392035882313835,-2.1148169701386754e-06,2.9326056611725016e-05,101325.0
905.0,0.0004457722066671395,0.00042531005803909277,122.3187803141717,588.4201297250177,46.74521005632154,145048.90017029102,382.16922391501214,0.0003370824596712804,-2.1273922882767855e-06,2.9326056611725016e-05,101325.0
906.0,0.0004457720305755835,0.0004253098900306149,122.64063613153229,588.1092673384705,46.7341489032741,146356.9301623576,383.1749721924281,0.0003349488996602171,-2.1396795915533427e-06,2.9326056611725016e-05,101325.0
907.0,0.00044577185219682566,0.000425309719839924,122.96708054488366,587.7937995500082,46.72310349494206,147692.63031502414,384.19505972229007,0.0003328031970480651,-2.1516772164641796e-06,2.9326056611725016e-05,101325.0
908.0,0.0004457716715273359,0.0004253095474636519,123.29816229120891,587.4736769942033,46.71207445113074,149056.61443890695,385.2296388131535,0.0003306456423286107,-2.163383538722934e-06,2.9326056611725016e-05,101325.0
909.0,0.0004457714885633752,0.00042530937289823135,123.6339310148801,587.1488493769275,46.70106241273787,150449.51414367792,386.27886460950356,0.00032847652760022676,-2.1747969734809574e-06,2.9326056611725016e-05,101325.0
910.0,0.00044577130330100017,0.0004253091961398998,123.97443728268576,586.8192654596794,46.69006804239649,151871.9794002786,387.3428951387206,0.0003262961465263244,-2.185915975541888e-06,2.9326056611725016e-05,101325.0
911.0,0.00044577111573606626,0.0004253090171847031,124.31973259911192,586.4848730436382,46.67909202513847,153324.67912321203,388.42189135883837,0.0003241047942955986,-2.1967390395708366e-06,2.9326056611725016e-05,101325.0
912.0,0.00044577092586423175,0.0004253088360284988,124.66986942187647,586.1456189534429,46.66813506907942,154808.3017736732,389.5160172070942,0.00032190276758206377,-2.207264700298179e-06,2.9326056611725016e-05,101325.0
913.0,0.0004457707336809608,0.0004253086526669592,125.02490117771596,585.8014490206959,46.657197906125646,156323.55598429957,390.62543964926886,0.000319690364504888,-2.217491532717943e-06,2.9326056611725016e-05,101325.0
914.0,0.0004457705391815263,0.00042530846709557424,125.38488227842379,585.4523080671933,46.64628129270405,157871.17120635658,391.7503287298124,0.0003174678845880318,-2.2274181522807307e-06,2.9326056611725016e-05,101325.0
915.0,0.0004457703423610128,0.0004253082793096541,125.7498681371381,585.0981398878804,46.63538601051562,159451.8983802015,392.8908576227511,0.0003152356287197007,-2.237043215081149e-06,2.9326056611725016e-05,101325.0
916.0,0.00044577014321431894,0.0004253080893043315,126.11991518487724,584.7388872335365,46.624512867313356,161066.51062990932,394.0472026833678,0.00031299389911160577,-2.246365418039768e-06,2.9326056611725016e-05,101325.0
917.0,0.0004457699417361597,0.0004253078970745641,126.49508088732013,584.374491793188,46.613662697705635,162715.80398296638,395.21954350064897,0.0003107429992580516,-2.255383499079535e-06,2.9326056611725016e-05,101325.0
918.0,0.0004457697379210685,0.0004253077026151362,126.87542376182809,584.0048941762543,46.60283636398562,164400.59811598127,396.40806295048674,0.000308483233894847,-2.264096237296633e-06,2.9326056611725016e-05,101325.0
919.0,0.0004457695317633992,0.0004253075059206609,127.26100339470443,583.6300338944291,46.592034756987836,166121.73712739468,397.61294724962363,0.0003062149089580488,-2.272502453125777e-06,2.9326056611725016e-05,101325.0
920.0,0.0004457693232573278,0.0004253073069855814,127.65188045868686,583.2498493432994,46.58125879697281,167880.09033820702,398.83438601032634,0.00030393833154254295,-2.280601008499907e-06,2.9326056611725016e-05,101325.0
921.0,0.0004457691123968539,0.00042530710580417297,128.0481167306674,582.8642777837093,46.57050943454062,169676.55312178086,400.07257229577095,0.0003016538098604701,-2.2883908070042608e-06,2.9326056611725016e-05,101325.0
922.0,0.0004457688991758024,0.00042530690237054376,128.4497751096337,582.4732553228719,46.559787651574524,171512.04776381786,401.32770267611966,0.00029936165319949546,-2.2958707940248194e-06,2.9326056611725016e-05,101325.0
923.0,0.0004457686835878245,0.0004253066966786365,128.85691963482412,582.0767168952349,46.54909446221561,173387.52435364245,402.59997728526736,0.0002970621718809392,-2.303039956891076e-06,2.9326056611725016e-05,101325.0
924.0,0.000445768465626399,0.0004253064887222293,129.26961550408916,581.6745962431098,46.53843091386957,175303.961707977,403.8895998782324,0.00029475567721776343,-2.3098973250131367e-06,2.9326056611725016e-05,101325.0
925.0,0.00044576824528483333,0.00042530627849493677,129.68792909244917,581.2668258970696,46.52779808824667,177262.3683284292,405.19677788916243,0.0002924424814724244,-2.316441970013128e-06,2.9326056611725016e-05,101325.0
926.0,0.00044576802255626434,0.0004253060659902109,130.11192797083896,580.8533371561261,46.51719710243617,179263.7833939589,406.5217224899242,0.0002901228978145964,-2.3226730058508823e-06,2.9326056611725016e-05,101325.0
927.0,0.00044576779743365927,0.00042530585120134157,130.5416809250269,580.4340600676969,46.50662911001624,181309.27778963422,407.86464864923914,0.000287797240278777,-2.328589588943889e-06,2.9326056611725016e-05,101325.0
928.0,0.0004457675699098163,0.00042530563412145766,130.97725797469627,580.0089234073723,46.496095302200715,183399.95517304324,409.2257751923276,0.00028546582372176803,-2.334190918281508e-06,2.9326056611725016e-05,101325.0
929.0,0.0004457673399773651,0.00042530541474352724,131.41873039267432,579.5778546584977,46.48559690902389,185536.95307976182,410.6053248610141,0.0002831289637800513,-2.339476235533409e-06,2.9326056611725016e-05,101325.0
930.0,0.0004457671076287676,0.0004253051930603581,131.8661707242931,579.1407799915836,46.47513520056475,187721.4440693381,412.00352437424556,0.00028078697682705543,-2.3444448251522426e-06,2.9326056611725016e-05,101325.0
931.0,0.00044576687285631804,0.0004253049690645982,132.31965280686495,578.6976242435605,46.464711488211876,189954.63691329924,413.42060448896893,0.0002784401799303245,-2.3490960144705084e-06,2.9326056611725016e-05,101325.0
932.0,0.0004457666356520179,0.0004253047427486163,132.7792517892006,578.2483108968969,46.45432712597052,192237.77782666395,414.8568000612592,0.00027608889080859157,-2.353429173791627e-06,2.9326056611725016e-05,101325.0
933.0,0.000445766395996299,0.0004253045140937424,133.2450441465348,577.7927620586032,46.44398351181327,194572.1517378258,416.3123501035162,0.00027373342778876645,-2.3574437164751883e-06,2.9326056611725016e-05,101325.0
934.0,0.00044576615384201974,0.00042530428305499876,133.71710769341828,577.3308984391695,46.43368208907572,196959.08360186557,417.7874978399631,0.0002713741097628358,-2.361139099016378e-06,2.9326056611725016e-05,101325.0
935.0,0.00044576590913722426,0.00042530404958281446,134.1955216128212,576.8626393314224,46.42342434789872,199399.93978593714,419.28249077666635,0.0002690112561446936,-2.3645148211195535e-06,2.9326056611725016e-05,101325.0
936.0,0.0004457656618287256,0.000425303813626444,134.6803664773237,576.3879025893168,46.41321182671897,201896.12949383995,420.797580764489,0.00026664518682689725,-2.3675704257659763e-06,2.9326056611725016e-05,101325.0
937.0,0.00044576541186207015,0.0004253035751339334,135.1717242687691,575.9066046067094,46.403046113809424,204449.1062406007,422.33302406060113,0.00026427622213735644,-2.3703054992756937e-06,2.9326056611725016e-05,101325.0
938.0,0.0004457651591815006,0.0004253033340520847,135.66967839784994,575.4186602961469,46.39292884887125,207060.3693810947,423.88908138978286,0.00026190468279596894,-2.3727196713635318e-06,2.9326056611725016e-05,101325.0
939.0,0.0004457649037299182,0.00042530309032642004,136.17431372359056,574.9239830677033,46.38286172467914,209731.46569465546,425.46601800540907,0.0002595308898711997,-2.374812615189236e-06,2.9326056611725016e-05,101325.0
940.0,0.0004457646454488433,0.00042530284390114435,136.68571657268694,574.422484807903,46.37284648878171,212463.9910276614,427.0641037499917,0.0002571551647366122,-2.376584047401713e-06,2.9326056611725016e-05,101325.0
941.0,0.00044576438427837537,0.0004253025947191065,137.20397475866125,573.9140758587712,46.36288494525889,215259.59199615076,428.6836131151478,0.0002547778290273592,-2.378033728177401e-06,2.9326056611725016e-05,101325.0
942.0,0.00044576412015715085,0.00042530234272175973,137.7291776007844,573.3986649970558,46.352978956538195,218119.9677505636,430.32482530084695,0.00025239920459664154,-2.3791614612527266e-06,2.9326056611725016e-05,101325.0
943.0,0.00044576385302230037,0.0004253020878491206,138.26141594271667,572.8761594136691,46.34313044527184,221046.87180477983,431.9880242737829,0.0002500196134721308,-2.379967093950683e-06,2.9326056611725016e-05,101325.0
944.0,0.0004457635828094044,0.0004253018300397266,138.80078217081154,572.3464646934018,46.33334139627675,224042.11393165277,433.67349882469733,0.000247639377812374,-2.380450517201501e-06,2.9326056611725016e-05,101325.0
945.0,0.0004457633094524474,0.00042530156923059246,139.34737023202413,571.8094847949656,46.32361385853955,227107.56212730732,435.3815426244729,0.00024525881986317766,-2.3806116655574095e-06,2.9326056611725016e-05,101325.0
946.0,0.0004457630328837705,0.000425301305357165,139.9012756513599,571.2651220314268,46.31394994728865,230245.14464651106,437.1124542787965,0.00024287826191398134,-2.380450517201501e-06,2.9326056611725016e-05,101325.0
947.0,0.0004457627530340228,0.0004253010383532769,140.46259554879484,570.7132770510983,46.30435184613561,233456.85211147662,438.8665373811752,0.00024049802625422412,-2.3799670939506827e-06,2.9326056611725016e-05,101325.0
948.0,0.00044576246983211136,0.0004253007681510983,141.03142865559252,570.1538488189597,46.29482180928814,236744.73969649212,440.6441005640736,0.00023811843512971375,-2.3791614612527266e-06,2.9326056611725016e-05,101325.0
949.0,0.00044576218320514885,0.00042530049468108774,141.60787532993731,569.5867345986868,46.28536216383689,240110.92939082783,442.445457547921,0.00023573981069899608,-2.378033728177401e-06,2.9326056611725016e-05,101325.0
950.0,0.0004457618930784003,0.0004253002178719408,142.1920375717968,569.0118299353735,46.275975312118575,243557.61234237975,444.27092718771604,0.00023336247498974307,-2.3765840474017135e-06,2.9326056611725016e-05,101325.0
951.0,0.00044576159937522787,0.0004252999376505374,142.78401903691946,568.429028639037,46.26666373415768,247087.05128456253,446.12083351693576,0.00023098674985515526,-2.3748126151892354e-06,2.9326056611725016e-05,101325.0
952.0,0.00044576130201703365,0.0004252996539418877,143.38392504986695,567.8382227690065,46.25742999018943,250701.58304897565,447.9955057884342,0.0002286129569303864,-2.372719671363532e-06,2.9326056611725016e-05,101325.0
953.0,0.0004457610009232012,0.00042529936666907566,143.99186261597103,567.2393026192997,46.248276723266336,254403.62116637977,449.89527851198943,0.00022624141758899885,-2.3703054992756937e-06,2.9326056611725016e-05,101325.0
954.0,0.00044576069601103474,0.00042529907575320137,144.60794043209876,566.632156705104,46.23920666195114,258195.658558525,451.82049148813246,0.00022387245289945808,-2.3675704257659767e-06,2.9326056611725016e-05,101325.0
955.0,0.00044576038719569647,0.00042529878111332144,145.23226889609876,566.0166717504844,46.23022262309854,262080.27032338767,453.77148983786356,0.00022150638358166136,-2.364514821119553e-06,2.9326056611725016e-05,101325.0
956.0,0.00044576007439014234,0.00042529848266638733,145.86496011479295,565.3927326774524,46.221327514728664,266060.1166163255,455.7486240278309,0.00021914352996351948,-2.3611390990163784e-06,2.9326056611725016e-05,101325.0
957.0,0.0004457597575050552,0.0004252981803271818,146.50612791036724,564.7602225965386,46.21252433899471,270137.94562966045,457.75224989051515,0.00021678421193758887,-2.3574437164751887e-06,2.9326056611725016e-05,101325.0
958.0,0.0004457594364487764,0.00042529787400825357,147.1558878250039,564.1190227990246,46.20381619524782,274316.5966731403,459.78272863892795,0.00021442874891776338,-2.353429173791627e-06,2.9326056611725016e-05,101325.0
959.0,0.0004457591111272349,0.00042529756361984973,147.8143571235864,563.4690127509991,46.195206283201706,278599.00335767394,461.84042687529643,0.00021207745979603046,-2.349096014470508e-06,2.9326056611725016e-05,101325.0
960.0,0.00044575878144387433,0.0004252972490698461,148.48165479429514,562.8100700894178,46.1866979062001,282988.1968846548,463.92571659316667,0.0002097306628992999,-2.344444825152243e-06,2.9326056611725016e-05,101325.0
961.0,0.00044575844729957773,0.00042529693026367553,149.15790154689884,562.1420706203592,46.17829447458971,287487.30944309453,466.03897517231616,0.00020738867594630403,-2.3394762355334093e-06,2.9326056611725016e-05,101325.0
962.0,0.00044575810859259004,0.00042529660710425367,149.84321980853207,561.4648883196827,46.16999950920163,292099.57771664165,468.18058536582146,0.0002050518160045869,-2.334190918281507e-06,2.9326056611725016e-05,101325.0
963.0,0.0004457577652184381,0.000425296279491903,150.5377337167341,560.7783953363112,46.161816644944025,296828.3465024359,470.3509352785781,0.00020272039944757835,-2.3285895889438894e-06,2.9326056611725016e-05,101325.0
964.0,0.0004457574170698483,0.00042529594732427405,151.24156910950776,560.0824619983755,46.15374963450904,301677.0724435516,472.55041833652007,0.00020039474191175892,-2.322673005850883e-06,2.9326056611725016e-05,101325.0
965.0,0.0004457570640366617,0.0004252956104962645,151.95485351213958,559.3769568224774,46.14580235219674,306649.3278765547,474.7794332457297,0.0001980751582539309,-2.316441970013128e-06,2.9326056611725016e-05,101325.0
966.0,0.0004457567060057466,0.0004252952688999357,152.6777161205037,558.6617465263458,46.137978797858864,311748.80479546863,477.0383839405723,0.00019576196250859152,-2.3098973250131363e-06,2.9326056611725016e-05,101325.0
967.0,0.0004457563428609085,0.0004252949224244268,153.41028778055255,557.9366960451797,46.130283100965336,316979.31893313007,479.3276795199277,0.00019345546784541615,-2.3030399568910764e-06,2.9326056611725016e-05,101325.0
968.0,0.00044575597448279745,0.0004252945709558663,154.1527009636752,557.2016685519934,46.12271952479611,322344.8139605684,481.6477341705203,0.00019115598652685983,-2.29587079402482e-06,2.9326056611725016e-05,101325.0
969.0,0.0004457556007488124,0.0004252942143772809,154.9050897375827,556.4565254823041,46.11529247076114,327849.36580464535,483.99896707628733,0.0001888638298658852,-2.2883908070042616e-06,2.9326056611725016e-05,101325.0
970.0,0.0004457552215330032,0.0004252938525685019,155.66758973235494,555.7011265635219,46.10800648285103,333497.18708375364,486.38180231263857,0.00018657930818381202,-2.2806010084999066e-06,2.9326056611725016e-05,101325.0
971.0,0.00044575483670596946,0.0004252934854060687,156.4403381012579,554.9353298494335,46.100866252220776,339292.6316608142,488.79666872439117,0.0001843027307683065,-2.2725024531257774e-06,2.9326056611725016e-05,101325.0
972.0,0.00044575444613475655,0.00042529311276312965,157.2234734759133,554.1589917601922,46.09387662190902,345240.19931225025,491.2439997860697,0.00018203440583150832,-2.2640962372966338e-06,2.9326056611725016e-05,101325.0
973.0,0.0004457540496827489,0.0004252927345093402,158.01713591537302,553.3719671282619,46.08704259169496,351344.5405109225,493.7242334431757,0.0001797746404683037,-2.2553834990795356e-06,2.9326056611725016e-05,101325.0
974.0,0.00044575364720956,0.000425292350510758,158.82146684862022,552.57410925079,46.08036932309489,357610.46132025425,496.2378119329313,0.00017752374061474918,-2.2463654180397677e-06,2.9326056611725016e-05,101325.0
975.0,0.0004457532385709199,0.00042529196062973554,159.63660900998596,551.7652699489186,46.07386214450016,364042.9283959063,498.78518158290257,0.00017528201100665465,-2.2370432150811492e-06,2.9326056611725016e-05,101325.0
976.0,0.00044575282361855915,0.00042529156472480924,160.46270636693518,550.9452996345779,46.06752655645802,370647.0740904092,501.36679258579375,0.00017304975513832344,-2.2274181522807315e-06,2.9326056611725016e-05,101325.0
977.0,0.00044575240220009,0.00042529116265058636,161.29990403963936,550.1140473853452,46.06136823709662,377428.20165503805,503.9830987485938,0.00017082727522146733,-2.217491532717944e-06,2.9326056611725016e-05,101325.0
978.0,0.0004457519741588846,0.00042529075425762873,162.14834821171308,549.2713610279883,46.05539304769499,384391.79053203453,506.63455721412976,0.00016861487214429123,-2.207264700298178e-06,2.9326056611725016e-05,101325.0
979.0,0.00044575153933394993,0.0004252903393923333,163.00818603145106,548.4170872313584,46.049607038398435,391543.50172889227,509.32162815295237,0.00016641284543075674,-2.1967390395708374e-06,2.9326056611725016e-05,101325.0
980.0,0.0004457510975597998,0.0004252899178968102,163.87956550285728,547.5510716093399,46.0440164540795,398889.18326490297,512.0447744233437,0.00016422149320003085,-2.185915975541889e-06,2.9326056611725016e-05,101325.0
981.0,0.0004457506486663238,0.0004252894896087575,164.762635365712,546.6731588346116,46.0386277403439,406434.8756784562,514.8044611970878,0.00016204111212612848,-2.174796973480958e-06,2.9326056611725016e-05,101325.0
982.0,0.0004457501924786533,0.00042528905436133355,165.65754496387245,545.7831927640246,46.03344754968047,414186.8175817306,517.6011555484934,0.00015987199739774424,-2.163383538722933e-06,2.9326056611725016e-05,101325.0
983.0,0.0004457497288170244,0.00042528861198302606,166.56444410095193,544.8810165764537,46.02848274775341,422151.4512472674,520.4353260039954,0.00015771444267829017,-2.15167721646418e-06,2.9326056611725016e-05,101325.0
984.0,0.00044574925749663795,0.0004252881622975187,167.48348288246575,543.9664729240355,46.02374041983447,430335.4282086331,523.3074420494893,0.00015556874006613817,-2.139679591553344e-06,2.9326056611725016e-05,101325.0
985.0,0.0004457487783275168,0.00042528770512355476,168.4148115434767,543.0394040977654,46.01922787737187,438745.6148547837,526.2179735923711,0.00015343518005507455,-2.1273922882767842e-06,2.9326056611725016e-05,101325.0
986.0,0.00044574829111436036,0.00042528724027479853,169.35858026070994,542.0996522084855,46.0149526646919,447389.0979949015,529.1673903750711,0.00015131405149497142,-2.1148169701386745e-06,2.9326056611725016e-05,101325.0
987.0,0.0004457477956563966,0.00042528676755969384,170.3149389480449,541.1470593843617,46.0109225658281,456273.1903673229,532.1561613366619,0.00014920564155268285,-2.1019553396357963e-06,2.9326056611725016e-05,101325.0
988.0,0.00044574729174723116,0.0004252862867813205,171.28403703422407,540.1814679860167,46.00714561147191,465405.43606273807,535.1847539189181,0.0001471102356731636,-2.088809138027031e-06,2.9326056611725016e-05,101325.0
989.0,0.00044574677917469483,0.0004252857977372484,172.2660232215491,539.2027208405552,46.0036300860373,474793.6158279745,538.2536333129874,0.00014502811754082748,-2.0753801450976383e-06,2.9326056611725016e-05,101325.0
990.0,0.00044574625772068844,0.0004252853002193897,173.2610452242608,538.2106614957937,46.00038453483073,484445.7522125351,541.3632616425957,0.000142959569041141,-2.0616701789183016e-06,2.9326056611725016e-05,101325.0
991.0,0.00044574572716102605,0.0004252847940138492,174.2692494852244,537.2051344960835,45.997417771316215,494370.1145154376,544.5140970794818,0.00014090487022245778,-2.047681095598974e-06,2.9326056611725016e-05,101325.0
992.0,0.0004457451872652766,0.00042528427890077325,175.29078086946083,536.1859856811988,45.9947388844635,504575.22348481603,547.7065928865,0.00013886429925810716,-2.0334147890376045e-06,2.9326056611725016e-05,101325.0
993.0,0.0004457446377966041,0.0004252837546541973,176.32578233298398,535.1530625098428,45.99235724616575,515069.8557172736,550.9411963835778,0.0001368381324087339,-2.018873190663739e-06,2.9326056611725016e-05,101325.0
994.0,0.0004457440785116073,0.0004252832210418929,177.37439456531789,534.1062144094145,45.990282518711076,525863.0476979045,554.2183478314465,0.00013482664398489547,-2.004058269177022e-06,2.9326056611725016e-05,101325.0
995.0,0.0004457435091601584,0.0004252826778252137,178.4367556039806,533.0452931537669,45.98852466228993,536964.0994153036,557.5384792277923,0.00013283010630992458,-1.988972030280665e-06,2.9326056611725016e-05,101325.0
996.0,0.0004457429294852418,0.0004252821247589419,179.51300041913132,531.9701532707809,45.98709394251823,548382.5774786926,560.9020130101882,0.00013084878968306374,-1.9736165164099295e-06,2.9326056611725016e-05,101325.0
997.0,0.00044574233922279385,0.000425281561591135,180.60326046648558,530.8806524816728,45.986000937953186,560128.3176565341,564.3093606598873,0.00012888296234286794,-1.9579938064555867e-06,2.9326056611725016e-05,101325.0
998.0,0.0004457417381015427,0.0004252809880629733,181.70766320650986,529.7766521740513,45.985256547576235,572211.426747432,567.7609212002574,0.00012693289043089095,-1.9421060154824834e-06,2.9326056611725016e-05,101325.0
999.0,0.0004457411258428508,0.00042528040390860946,182.82633158781186,528.6580179108354,45.98487199821404,584642.2836850011,571.2570795833487,0.00012499883795565392,-1.9259552944431936e-06,2.9326056611725016e-05,101325.0
1000.0,0.0004457405021605592,0.00042527980885502005,183.959383492548,527.5246199772458,45.98485885186544,597431.5397684155,574.7982049577804,0.00012308106675690253,-1.909543829886813e-06,2.9326056611725016e-05,101325.0
1001.0,0.00044573986676083553,0.00042527920262186035,185.10693114157482,526.3763339681789,45.98522901289827,610590.1178996195,578.3846488108434,0.0001211798364701581,-1.8928738436629322e-06,2.9326056611725016e-05,101325.0
1002.0,0.0004457392193420259,0.0004252785849213232,186.2690804569771,525.2130414183715,45.98599473507619,624129.2106966415,582.0167429774172,0.00011929540449156828,-1.875947592620849e-06,2.9326056611725016e-05,101325.0
1003.0,0.00044573855959451194,0.0004252779554580026,187.44593037951438,524.0346304778608,45.987168628371066,638060.2773400801,585.6947975080182,0.00011742802594305704,-1.8587673683039996e-06,2.9326056611725016e-05,101325.0
1004.0,0.0004457378872005745,0.00042527731392876347,188.6375721384391,522.8409966353335,45.98876366551205,652395.038996476,589.4190983880138,0.00011557795363778772,-1.8413354966397435e-06,2.9326056611725016e-05,101325.0
1005.0,0.0004457372018342643,0.0004252766600226186,189.84408847105715,521.6320434920519,45.99079318821721,667145.4726481932,593.1899050997858,0.00011374543804593601,-1.8236543376244677e-06,2.9326056611725016e-05,101325.0
1006.0,0.0004457365031612819,0.0004252759934206137,191.06555278932404,520.4076835891221,45.993270913048136,682323.8031442936,597.0074480193781,0.00011193072726077891,-1.805726285004072e-06,2.9326056611725016e-05,101325.0
1007.0,0.000445735790838868,0.0004252753137957231,192.30202829070268,519.1678392909462,45.99621093682223,697942.4932708689,600.8719256389536,0.00011013406696510692,-1.7875537659498887e-06,2.9326056611725016e-05,101325.0
1008.0,0.0004457350645157054,0.000425274620812756,193.55356701045028,517.9124437277637,45.99962774151094,714014.2316223908,604.7835016062065,0.00010835570039796478,-1.7691392407301098e-06,2.9326056611725016e-05,101325.0
1009.0,0.000445734323831835,0.0004252739141282763,194.82020881245788,516.6414418002402,46.003536198545525,730551.9180379062,608.7423015717314,0.00010659586832171826,-1.7504852023766755e-06,2.9326056611725016e-05,101325.0
1010.0,0.0004457335684185875,0.0004252731933905378,196.10198031573697,515.3547912490936,46.00795157244473,747568.6463471845,612.7484098352624,0.0001048548089894598,-1.7315941763477736e-06,2.9326056611725016e-05,101325.0
1011.0,0.00044573279789853306,0.0004252724582394356,197.39889375363833,514.0524637927723,46.01288952367124,765077.6841526311,616.8018657816659,0.00010313275811275302,-1.7124687201859309e-06,2.9326056611725016e-05,101325.0
1012.0,0.00044573201188545086,0.00042527170830647745,198.7109457629011,512.7344463361873,46.018366110615446,783092.4493527124,620.9026600976097,0.00010142994882972084,-1.69311142317176e-06,2.9326056611725016e-05,101325.0
1013.0,0.0004457312099843216,0.0004252709432147765,200.0381160996698,511.40074225347564,46.02439779059666,801626.4830920635,625.05073075995,9.974661167348216e-05,-1.6735249059734113e-06,2.9326056611725016e-05,101325.0
1014.0,0.00044573039179134533,0.0004252701625790684,201.38036627968796,510.0513727477084,46.03100141976282,820693.4188025179,629.2459587871072,9.808297454094264e-05,-1.6537118202917908e-06,2.9326056611725016e-05,101325.0
1015.0,0.00044572955689398775,0.0004252693660057552,202.7376381399842,508.6863782903579,46.03819425176021,840306.9469782691,633.4881637450226,9.643926266193853e-05,-1.6336748485015318e-06,2.9326056611725016e-05,101325.0
1016.0,0.00044572870487105784,0.0004252685530929797,204.10985231951477,507.3058201432037,46.045993935034815,860480.7753073096,637.7770989997657,9.481569856874654e-05,-1.613416703287873e-06,2.9326056611725016e-05,101325.0
1017.0,0.00044572783529282084,0.0004252677234307331,205.4969066564233,505.90978196516915,46.05441850861662,881228.5837608934,642.1124467094579,9.321250206595634e-05,-1.5929401272794027e-06,2.9326056611725016e-05,101325.0
1018.0,0.0004457269477211495,0.0004252668766009994,206.8986744998289,504.498371506341,46.063486396227496,902563.9742230386,646.4938125489725,9.16298902007105e-05,-1.5722478926767237e-06,2.9326056611725016e-05,101325.0
1019.0,0.00044572604170971833,0.00042526601217794067,208.31500293436585,503.0717223911244,46.073216398542236,924500.4142236459,650.9207201618404,9.006807723332188e-05,-1.5513428008771692e-06,2.9326056611725016e-05,101325.0
1020.0,0.00044572511680424434,0.00042526512972812676,209.74571091607933,501.6299959921157,46.0836276834212,947051.1743223864,655.3926053349758,8.852727460826592e-05,-1.5302276820955377e-06,2.9326056611725016e-05,101325.0
1021.0,0.0004457241725427793,0.00042526422881081406,211.19058731874054,500.173383395829,46.09473977392163,970229.2586764261,659.9088098932772,8.700769092555367e-05,-1.5089053949809105e-06,2.9326056611725016e-05,101325.0
1022.0,0.000445723208456058,0.00042526330897827796,212.64938889019012,498.70210746087776,46.10657253388326,994047.3283142691,664.4685753128549,8.550953191249032e-05,-1.4873788262296366e-06,2.9326056611725016e-05,101325.0
1023.0,0.0004457222240679075,0.00042526236977620313,214.1218381189596,497.21642496858476,46.11914615087253,1018517.6166313136,669.0710360536395,8.403300039582507e-05,-1.4656508901945473e-06,2.9326056611725016e-05,101325.0
1024.0,0.0004457212188957231,0.0004252614107441376,215.6076210121677,495.7166288652569,46.132481116258816,1043651.836621252,673.7152126144597,8.257829627428944e-05,-1.4437245284903684e-06,2.9326056611725016e-05,101325.0
1025.0,0.00044572019245101566,0.00042526043141601544,217.1063847865513,494.20305059451147,46.1465982021852,1069461.0793618984,678.4000043163693,8.114561649153528e-05,-1.4216027095954873e-06,2.9326056611725016e-05,101325.0
1026.0,0.0004457191442400375,0.00042525943132075314,218.61773547547932,492.67606251706036,46.16151843518668,1095955.7032862725,683.1241818230942,7.973515500947155e-05,-1.3992884284500674e-06,2.9326056611725016e-05,101325.0
1027.0,0.0004457180737644916,0.00042525840998292687,220.14123545592372,491.1360804142437,46.17726306619934,1123145.2137906072,687.8863794109834,7.834710278200485e-05,-1.376784706050579e-06,2.9326056611725016e-05,101325.0
1028.0,0.00044571698052233084,0.0004252573669235349,221.67640090063446,489.5835660703398,46.19385353669647,1151038.132762278,692.6850870048248,7.698164772918734e-05,-1.3540945890408031e-06,2.9326056611725016e-05,101325.0
1029.0,0.00044571586400865435,0.00042525630166085265,223.2226991621939,488.0190299272565,46.21131144068099,1179641.8576539683,697.5186420003483,7.563897471177627e-05,-1.3312211492993802e-06,2.9326056611725016e-05,101325.0
1030.0,0.0004457147237167063,0.00042525521371138575,224.77954609722178,486.4430338036174,46.229658482259254,1208962.5097876184,702.3852208992263,7.431926550620465e-05,-1.3081674835238936e-06,2.9326056611725016e-05,101325.0
1031.0,0.00044571355913898493,0.0004252541025909281,226.3463033407702,484.85619366849306,46.2489164285193,1239004.7716444463,707.2828307878988,7.302269877997364e-05,-1.2849367128116572e-06,2.9326056611725016e-05,101325.0
1032.0,0.00044571236976846754,0.0004252529678157308,227.9222755428967,483.25918245807486,46.26910705743688,1269771.7129881599,712.2093006976505,7.174945006746357e-05,-1.2615319822371661e-06,2.9326056611725016e-05,101325.0
1033.0,0.0004457111550999591,0.0004252518089037886,229.50670758153726,481.65273292145514,46.29025210053681,1301264.6057788162,717.162272890022,7.049969174616858e-05,-1.2379564604262872e-06,2.9326056611725016e-05,101325.0
1034.0,0.0004457099146315698,0.00042525062537624976,231.09878176811895,480.0376404793496,46.312373180044816,1333482.727967073,722.1391941188872,6.927359301335922e-05,-1.214213339127278e-06,2.9326056611725016e-05,101325.0
1035.0,0.00044570864786632874,0.0004252494167589557,232.6976150648561,478.41476607708285,46.33549174027696,1366423.1564148131,727.1373069283547,6.807131986317767e-05,-1.1903058327787043e-06,2.9326056611725016e-05,101325.0
1036.0,0.000445707354313939,0.00042524818258411545,234.3022563353537,476.7850390104606,46.35962897303113,1400080.5493703072,732.1536410540243,6.689303506416286e-05,-1.1662371780742222e-06,2.9326056611725016e-05,101325.0
1037.0,0.00044570603349268007,0.00042524692239212075,235.91168365299018,475.14945970028,46.38480573676764,1434446.919135487,737.1850050040284,6.573889813721521e-05,-1.1420106335243991e-06,2.9326056611725016e-05,101325.0
1038.0,0.0004457046849314616,0.0004252456357335056,237.52480169455038,473.5091023882024,46.41104246939521,1469511.3958017475,742.2279779056728,6.460906533399969e-05,-1.11762947901556e-06,2.9326056611725016e-05,101325.0
1039.0,0.0004457033081720333,0.00042524432217105467,239.14043924970252,471.8651177235521,46.43835909451483,1505259.9831992395,747.2789017132419,6.350368961579205e-05,-1.0930970153657431e-06,2.9326056611725016e-05,101325.0
1040.0,0.0004457019027713534,0.0004252429812820629,240.75734688013455,470.21873520733783,46.46677492101774,1541675.308503769,752.3338738826095,6.242292063277004e-05,-1.0684165638778197e-06,2.9326056611725016e-05,101325.0
1041.0,0.00044570046830411754,0.00042524161266074866,242.37419476543806,468.5712654564686,46.49630853598626,1578736.3672747097,757.3887406285353,6.136690470375403e-05,-1.0435914658898586e-06,2.9326056611725016e-05,101325.0
1042.0,0.0004456990043654486,0.0004252402159208198,243.98957077610842,466.92410224779104,46.526977690907216,1616418.2660557502,762.4390908907731,6.0335784796396114e-05,-1.0186250823227285e-06,2.9326056611725016e-05,101325.0
1043.0,0.0004456975105737465,0.0004252387906981926,245.60197881725296,465.2787242982796,46.55879918127865,1654691.9650552,767.4802511452115,5.932970050782606e-05,-9.935207932251139e-07,2.9326056611725016e-05,101325.0
1044.0,0.0004456959865736938,0.00042523733665385976,247.2098374896963,463.63669673453126,46.59178871977117,1693524.0238311335,772.5072812059461,5.83487880457521e-05,-9.682819973159127e-07,2.9326056611725016e-05,101325.0
1045.0,0.0004456944320394136,0.00042523585347690286,248.8114791180581,461.9996722017352,46.6259608031963,1732876.3533330995,777.5149711732205,5.7393180210019146e-05,-9.429121115240687e-07,2.9326056611725016e-05,101325.0
1046.0,0.0004456928466777702,0.00042523434088764204,250.40514919795905,460.3693915596041,46.661328573635465,1772705.97809005,782.4978396902451,5.6463006374631276e-05,-9.174145705260093e-07,2.9326056611725016e-05,101325.0
1047.0,0.000445691230231804,0.00042523279864091284,251.98900631667976,458.7476841104677,46.6979036741951,1812964.8127754487,787.4501336787022,5.555839247023628e-05,-8.917928262806409e-07,2.9326056611725016e-05,101325.0
1048.0,0.0004456895824842864,0.00042523122652945804,253.5611226032342,457.1364673029688,46.73569609997462,1853599.4578138944,792.3658297278744,5.467946096707619e-05,-8.660503475619936e-07,2.9326056611725016e-05,101325.0
1049.0,0.00044568790326137895,0.0004252296243874188,255.11948476479935,455.5377458536842,46.774714044964966,1894551.0191070393,797.2386373154143,5.3826330858406606e-05,-8.401906194896004e-07,2.9326056611725016e-05,101325.0
1050.0,0.0004456861924363767,0.0004252279920939063,256.66199576662837,453.9536102286643,46.814963745734474,1935754.957335199,802.06200403838,5.299911764438817e-05,-8.142171430567043e-07,2.9326056611725016e-05,101325.0
