eccentric_shaft_angle_deg,gas_torque_chamber_A_Nm,gas_torque_chamber_B_Nm,gas_torque_chamber_C_Nm,gas_torque_total_Nm,mean_mechanical_loss_torque_Nm,conditional_shaft_torque_Nm
-30.0,-90.30530940074466,-9.312815306187202,11.634509366997953,-87.98361533993392,4.098595965841337,-92.08221130577526
-29.0,-89.28120658249128,-9.44295068657597,11.606791153122083,-87.11736611594516,4.098595965841337,-91.2159620817865
-28.0,-88.12568686738103,-9.57185554386236,11.57767187775656,-86.11987053348683,4.098595965841337,-90.21846649932817
-27.0,-86.83447482402622,-9.699511553815082,11.547155194963688,-84.98683118287761,4.098595965841337,-89.08542714871895
-26.0,-85.40358563497306,-9.825900529646242,11.515244853530307,-83.714241311089,4.098595965841337,-87.81283727693034
-25.0,-83.82937762434939,-9.95100442541296,11.481944696660674,-82.29843735310168,4.098595965841337,-86.39703331894302
-24.0,-82.10860658743343,-10.074805339398672,11.447258661660223,-80.73615326517186,4.098595965841337,-84.8347492310132
-23.0,-80.23848136258137,-10.197285517474084,11.411190779610719,-79.02457610044473,4.098595965841337,-83.12317206628607
-22.0,-78.21671998910244,-10.318427356437494,11.373745175035417,-77.16140217050452,4.098595965841337,-81.25999813634586
-21.0,-76.04160569954855,-10.438213407334393,11.334926065554775,-75.14489304132817,4.098595965841337,-79.24348900716952
-20.0,-73.71204190464623,-10.556626378756247,11.294737761531987,-72.97393052187049,4.098595965841337,-77.07252648771183
-19.0,-71.22760524726996,-10.673649140117993,11.253184665708197,-70.64806972167975,4.098595965841337,-74.74666568752109
-18.0,-68.58859573224875,-10.789264724914265,11.210271272827057,-68.16758918433595,4.098595965841337,-72.2661851501773
-17.0,-65.79690559802732,-10.903456333953965,11.166002169248491,-65.5343597627328,4.098595965841337,-69.63295572857415
-16.0,-62.858214693277546,-11.016207338572983,11.120382032551303,-62.75403999929922,4.098595965841337,-66.85263596514056
-15.0,-59.77896646718918,-11.127501283824559,11.073415631124407,-59.83305211988933,4.098595965841337,-63.93164808573067
-14.0,-56.56540943449589,-11.237321891647339,11.025107823746517,-56.777623502396715,4.098595965841337,-60.87621946823805
-13.0,-53.223533223260546,-11.345653064010444,10.975463559154095,-53.5937227281169,4.098595965841337,-57.69231869395824
-12.0,-49.75900411047046,-11.452478886035347,10.924487875596949,-50.286995120908855,4.098595965841337,-54.385591086750196
-11.0,-46.17710151383999,-11.557783629094295,10.87218590038208,-46.86269924255221,4.098595965841337,-50.96129520839355
-10.0,-42.482657005297646,-11.661551753884616,10.818562849404488,-43.325645909777776,4.098595965841337,-47.42424187561912
-9.0,-38.67999747320158,-11.763767913478823,10.763624026665655,-39.68014136001475,4.098595965841337,-43.778737325856085
-8.0,-34.772894080596224,-11.864416956349864,10.707374823778881,-35.92993621316721,4.098595965841337,-40.02853217900855
-7.0,-30.764518641126767,-11.963483929371206,10.649820719461529,-32.07818185103644,4.098595965841337,-36.176777816877774
-6.0,-26.657408959393848,-12.060954080791232,10.590967279013853,-28.12739576117123,4.098595965841337,-32.22599172701257
-5.0,-22.45344455715553,-12.156812863181667,10.530820153784136,-24.079437266553064,4.098595965841337,-28.1780332323944
-4.0,-18.153834031492433,-12.251045936359294,10.469385080620002,-19.935494887231727,4.098595965841337,-24.034090853073064
-3.0,-13.759115068599689,-12.34363917028064,10.406667881305564,-15.696086357574766,4.098595965841337,-19.794682323416104
-2.0,-9.269167872189184,-12.434578647909197,10.342674461984215,-11.361072058114166,4.098595965841337,-15.459668023955503
-1.0,-4.683242465556373,-12.523850668054465,10.277410812566696,-6.92968232104414,4.098595965841337,-11.028278286885477
0.0,0.0,-12.611441748182507,10.210883006124362,-2.400558742058145,4.098595965841337,-6.499154707899482
1.0,4.782432140241462,-12.697338627197334,10.143097198267121,2.2281907113112487,4.098595965841337,-1.8704052545300884
2.0,9.666391993751844,-12.781528268192673,10.074059626506093,6.9589233520652645,4.098595965841337,2.8603273862239273
3.0,14.654602336053333,-12.863997861173461,10.003776609600127,11.79438108448,4.098595965841337,7.695785118638662
4.0,19.750078871512613,-12.944734825746677,9.932254546886735,16.737598592652674,4.098595965841337,12.639002626811337
5.0,24.95602881452234,-13.023726813780776,9.859499917596139,21.791801918337704,4.098595965841337,17.693205952496367
6.0,30.27574162387489,-13.100961712033174,9.785519280148863,26.96029919199058,4.098595965841337,22.861703226149242
7.0,35.712473858827835,-13.176427644745312,9.710319271436157,32.24636548551868,4.098595965841337,28.147769519677343
8.0,41.26933027588835,-13.250112976204548,9.633906606082968,37.65312390576677,4.098595965841337,33.554527939925435
9.0,46.94914337787701,-13.322006313272365,9.556288075693121,43.18342514029776,4.098595965841337,39.08482917445642
10.0,52.754353659816715,-13.39209650787834,9.477470548076251,48.83972770001462,4.098595965841337,44.74113173417328
11.0,58.686892770429424,-13.460372659479098,9.397460966456189,54.62398107740651,4.098595965841337,50.52538511156517
12.0,64.7480717265167,-13.526824117481738,9.316266348660243,60.537513957695204,4.098595965841337,56.43891799185387
13.0,70.93847618518924,-13.591440483631155,9.23389378628903,66.58092948784713,4.098595965841337,62.48233352200579
14.0,77.2578706023302,-13.65421161436046,9.150350443866488,72.75400943183622,4.098595965841337,68.65541346599488
15.0,83.70511289252242,-13.71512762310404,9.065643557969151,79.05562882738754,4.098595965841337,74.9570328615462
16.0,90.27808096439696,-13.774178882572501,8.979780436334996,85.48368251815945,4.098595965841337,81.38508655231811
17.0,96.9736122447063,-13.831356026988937,8.892768456950403,92.03502467466777,4.098595965841337,87.93642870882643
18.0,103.78745703304207,-13.886649954285717,8.804615067115405,98.70542214587176,4.098595965841337,94.60682618003042
19.0,110.71424625517687,-13.940051828261403,8.71532778248632,105.4895222094018,4.098595965841337,101.39092624356046
20.0,117.74747391394718,-13.991553080696905,8.624914186095205,112.38083501934548,4.098595965841337,108.28223905350414
21.0,124.8794942788518,-14.041145413430288,8.53338192734563,119.37173079276714,4.098595965841337,115.2731348269258
22.0,132.10153361446433,-14.088820800389751,8.440738720983944,126.45345153505852,4.098595965841337,122.35485556921718
23.0,139.40371602749764,-14.13457148958379,8.346992346045552,133.6161368839594,4.098595965841337,129.51754091811807
24.0,146.77510281589323,-14.178390005048245,8.252150644775327,140.84886345562032,4.098595965841337,136.750267489779
25.0,154.20374453249073,-14.220269148749265,8.156221521521518,148.139696905263,4.098595965841337,144.04110093942168
26.0,161.6767448314981,-14.260202002441758,8.059212941602329,155.47575577065868,4.098595965841337,151.37715980481735
27.0,169.18033504807565,-14.298181929482684,7.961132930144404,162.84328604873735,4.098595965841337,158.74469008289603
28.0,176.69995836909138,-14.334202576598264,7.861989570892258,170.22774536338537,4.098595965841337,166.12914939754404
29.0,184.22036238513755,-14.368257875604739,7.761791004988073,177.6138955145209,4.098595965841337,173.51529954867956
30.0,191.72569876845677,-14.40034204508214,7.660545429720251,184.98590215309488,4.098595965841337,180.88730618725356
31.0,199.19962879646653,-14.430449591999817,7.5582610972408295,192.32744030170753,4.098595965841337,188.2288443358662
32.0,206.62543343392744,-14.458575313293935,7.454946313249532,199.62180443388303,4.098595965841337,195.5232084680417
33.0,213.98612669626473,-14.484714297395628,7.3506094356443175,206.8520218345134,4.098595965841337,202.75342586867208
34.0,221.26457103998234,-14.508861925709569,7.245258873136833,214.0009679874096,4.098595965841337,209.90237202156828
35.0,228.44359356150812,-14.531013874042033,7.138903083831733,221.05148277129783,4.098595965841337,216.9528868054565
36.0,235.50610183130416,-14.551166113978336,7.03155057376864,227.98648629109448,4.098595965841337,223.88789032525315
37.0,242.43519824406562,-14.569314914208288,6.92320989542542,234.78909322528276,4.098595965841337,230.69049725944143
38.0,249.21429182684085,-14.58545684179989,6.813889646181427,241.44272463122238,4.098595965841337,237.34412866538105
39.0,255.8272065137382,-14.599588763420059,6.703598466739328,247.93121621705745,4.098595965841337,243.83262025121613
40.0,262.2582849674708,-14.611707846502119,6.592345039503938,254.23892216047258,4.098595965841337,250.14032619463126
41.0,268.49248710349207,-14.621811560359296,6.480138086916698,260.35081363004946,4.098595965841337,256.2522176642081
42.0,274.51548255111805,-14.629897677243937,6.366986369743655,266.25257124361775,4.098595965841337,262.1539752777764
43.0,280.313736367253,-14.635964273351489,6.252898685316056,271.93067077921756,4.098595965841337,267.8320748133762
44.0,285.8745874015562,-14.640009729769094,6.137883865720761,277.3724615375079,4.098595965841337,273.27386557166653
45.0,291.18631879665924,-14.642032733368046,6.021950775939305,282.5662368392305,4.098595965841337,278.46764087338914
46.0,296.23822019291845,-14.642032277639611,5.905108311933265,287.5012962272121,4.098595965841337,283.40270026137074
47.0,301.02064129371905,-14.64000766347373,5.787365398673828,292.16799902891916,4.098595965841337,288.0694030630778
48.0,305.52503653411287,-14.63595849988028,5.668730988113407,296.55780902234596,4.098595965841337,292.4592130565046
49.0,309.74400068208524,-14.629884704651953,5.549214057096898,300.6633300345302,4.098595965841337,296.56473406868884
50.0,313.671295287528,-14.621786504968894,5.428823605210098,304.47833238776917,4.098595965841337,300.3797364219278
51.0,317.3018659785093,-14.611664437944222,5.30756865256279,307.99777019312785,4.098595965841337,303.8991742272865
52.0,320.6318506871165,-14.599519351109993,5.185458237503341,311.21778957350983,4.098595965841337,307.1191936076685
53.0,323.65857896738675,-14.585352402843546,5.062501414262568,314.13572797880573,4.098595965841337,310.0371320129644
54.0,326.38056264505286,-14.569165062733507,4.938707250523238,316.75010483284257,4.098595965841337,312.6515088670012
55.0,328.7974781123238,-14.5509591118851,4.814084824911942,319.06060382535065,4.098595965841337,314.9620078595093
56.0,330.91014065009176,-14.530736643164476,4.688643224410489,321.0680472313378,4.098595965841337,316.96945126549645
57.0,332.7204712241516,-14.508500061381804,4.56239154168257,322.77436270445236,4.098595965841337,318.675766738611
58.0,334.2314562606263,-14.48425208341253,4.435338872312044,324.18254304952586,4.098595965841337,320.0839470836845
59.0,335.4471009582393,-14.457995738256715,4.307494311948844,325.2965995319314,4.098595965841337,321.19800356609005
60.0,336.37237674083343,-14.429734367036097,4.178866953358401,326.12150932715576,4.098595965841337,322.0229133613144
61.0,337.0131634921485,-14.399471622928548,4.049465883369354,326.6631577525893,4.098595965841337,322.56456178674796
62.0,337.3761872459543,-14.367211471039687,3.919300179715444,326.92827595463007,4.098595965841337,322.8296799887887
63.0,337.4689540279016,-14.33295818821159,3.7883789077659964,326.924374747456,4.098595965841337,322.82577878161464
64.0,337.29968056070004,-14.296716362767988,3.6567111171396665,326.6596753150717,4.098595965841337,322.56107934923034
65.0,336.87722255138175,-14.258490894196255,3.5243058381956196,326.1430374953811,4.098595965841337,322.04444152953977
66.0,336.2110012784765,-14.218286992765583,3.3911720783960853,325.383886364107,4.098595965841337,321.28529039826566
67.0,335.31092918804615,-14.176110179081489,3.257318818533287,324.39213782749795,4.098595965841337,320.2935418616566
68.0,334.1873351909628,-14.131966283576313,3.1227550088144618,323.17812391620095,4.098595965841337,319.0795279503596
69.0,332.8508903298972,-14.085861445935839,2.987489564796884,321.7525184487582,4.098595965841337,317.65392248291687
70.0,331.3125344537228,-14.037802114461632,2.8515313631650696,320.12626370242623,4.098595965841337,316.0276677365849
71.0,329.58340449993955,-13.987795045369376,2.7148892373418034,318.310498691912,4.098595965841337,314.21190272607066
72.0,327.6747649429843,-13.93584730202292,2.577571972924035,316.31648961388544,4.098595965841337,312.2178936480441
73.0,325.5979409186067,-13.881966254104109,2.439588302933323,314.1555629674359,4.098595965841337,310.05696700159456
74.0,323.3642544826548,-13.826159576718393,2.3009469028710123,311.83904180880745,4.098595965841337,307.7404458429661
75.0,320.984964407469,-13.768435249436296,2.161656385566991,309.37818554359967,4.098595965841337,305.2795895777583
76.0,318.4712098614766,-13.708801555270613,2.0217252958094463,306.78413360201546,4.098595965841337,302.6855376361741
77.0,315.83395825841933,-13.647267079589673,1.8811621047435183,304.0678532835732,4.098595965841337,299.96925731773183
78.0,313.0839575027801,-13.583840708966516,1.7399752040247307,301.2400919978383,4.098595965841337,297.14149603199695
79.0,310.2316927983004,-13.518531629964187,1.5981728997120415,298.31133406804827,4.098595965841337,294.2127381022069
80.0,307.28734812780226,-13.451349327857358,1.4557634058852489,295.29176220583014,4.098595965841337,291.1931662399888
81.0,304.2607724556467,-13.382303585290282,1.312754837968891,292.1912237083253,4.098595965841337,288.09262774248396
82.0,301.161450649792,-13.31140448087138,1.1691552057439962,289.01920137466465,4.098595965841337,284.9206054088233
83.0,297.9984790692241,-13.23866238770448,1.024972406028172,285.7847890875478,4.098595965841337,281.6861931217064
84.0,294.78054571507164,-13.164087971857262,0.8802142150016009,282.496671958216,4.098595965841337,278.39807599237463
85.0,291.51591480049933,-13.087692190766601,0.7348882801554891,279.16311088988823,4.098595965841337,275.0645149240469
86.0,288.21241555586215,-13.00948629158165,0.5890021118374528,275.79193137611793,4.098595965841337,271.6933354102766
87.0,284.8774350519092,-12.92948180944442,0.442563074366144,272.3905163168309,4.098595965841337,268.2919203509895
88.0,281.5179147952375,-12.847690565708449,0.29557837668412495,268.96580260621323,4.098595965841337,264.8672066403719
89.0,278.1403508268109,-12.764124666095645,0.14805506251668252,265.5242812232319,4.098595965841337,261.42568525739057
90.0,274.75079703618417,-12.678796498791884,4.683191197380054e-15,262.0720005373923,4.098595965841337,257.97340457155093
91.0,271.35487139102605,-12.591718732481205,-0.14858012926062694,258.61457252928426,4.098595965841337,254.51597656344293
92.0,267.95776477343685,-12.502904314319416,-0.29767884174593956,255.1571816173715,4.098595965841337,251.05858565153017
93.0,264.5642521111872,-12.412366467847166,-0.4472898642383999,251.70459577910165,4.098595965841337,247.60599981326033
94.0,260.96011463245054,-12.320118690842815,-0.5974071467512572,248.04258879485647,4.098595965841337,243.94399282901514
95.0,257.35586403667276,-12.226174753115513,-0.7480248762276295,244.38166440732962,4.098595965841337,240.2830684414883
96.0,253.79878791845616,-12.130548694238833,-0.8991374910737332,240.7691017331436,4.098595965841337,236.67050576730227
97.0,250.2887416283523,-12.033254821225167,-1.0507396965962326,237.20474711053092,4.098595965841337,233.1061511446896
98.0,246.82553163292943,-11.934307706141379,-1.2028264814212177,233.68839744536683,4.098595965841337,229.5898014795255
99.0,243.40891989847304,-11.83372218366592,-1.355393134980792,230.21980457982633,4.098595965841337,226.121208613985
100.0,240.0386279715395,-11.731513348587693,-1.5084352661635996,226.79867935678823,4.098595965841337,222.7000833909469
101.0,236.71434077497508,-11.627696553247066,-1.661948823235128,223.4246953984929,4.098595965841337,219.32609943265157
102.0,233.43571013704306,-11.522287404919243,-1.815930115146356,220.09749261697746,4.098595965841337,215.99889665113614
103.0,230.2023580703613,-11.4153017631402,-1.970375834363501,216.8166804728576,4.098595965841337,212.71808450701627
104.0,227.0138798164394,-11.30675573697547,-2.125283081365339,213.58184099809858,4.098595965841337,209.48324503225726
105.0,223.8698466707338,-11.196665682231995,-2.280649390972275,210.39253159752954,4.098595965841337,206.2939356316882
106.0,220.76980860229295,-11.085048198613064,-2.4364727606893237,207.24828764299056,4.098595965841337,203.14969167714924
107.0,217.71329668126458,-10.97192012681657,-2.5927516812630147,204.14862487318499,4.098595965841337,200.05002890734366
108.0,214.6998253267586,-10.857298545576606,-2.7494851696723748,201.09304161150962,4.098595965841337,196.9944456456683
109.0,211.72889438683606,-10.741200768648353,-2.906672804790111,198.0810208133976,4.098595965841337,193.98242484755627
110.0,208.79999106168225,-10.622539349620146,-3.0643147659600225,195.11313694610206,4.098595965841337,191.01454098026073
111.0,205.91259168036572,-10.501107128391793,-3.2224118747351627,192.18907267723876,4.098595965841337,188.09047671139743
112.0,203.06616334095128,-10.377692354211938,-3.380965639990693,189.30750534674863,4.098595965841337,185.2089093809073
113.0,200.26016542313363,-10.252695027565464,-3.539978306542851,186.4674920890253,4.098595965841337,182.368896123184
114.0,197.49405098199605,-10.126319555299748,-3.699452907220454,183.66827851947585,4.098595965841337,179.56968255363452
115.0,194.76726803095954,-9.998673089923786,-3.859393317949825,180.90920162308592,4.098595965841337,176.8106056572446
116.0,192.07926072148277,-9.869815395803581,-4.019804314621706,178.1896410110575,4.098595965841337,174.09104504521616
117.0,189.42947042659534,-9.739783714533466,-4.180691628875146,175.50899508318673,4.098595965841337,171.4103991173454
118.0,186.81733673489688,-9.608604888519439,-4.342061996446526,172.86666984993093,4.098595965841337,168.7680738840896
119.0,184.242298361229,-9.47630112132721,-4.5039231838997384,170.26207405600204,4.098595965841337,166.1634780901607
120.0,181.70379397982842,-9.342892638980702,-4.666283960551227,167.69461738029648,4.098595965841337,163.59602141445515
121.0,179.20126298539418,-9.208398883803921,-4.829153930900538,165.16371017068974,4.098595965841337,161.0651142048484
122.0,176.73414618714764,-9.072839034316988,-4.992542978191039,162.66876417463962,4.098595965841337,158.5701682087983
123.0,174.30188644063261,-8.936232225835681,-5.156459378512871,160.20919483628407,4.098595965841337,156.11059887044274
124.0,171.90392922169102,-8.798597643347094,-5.320900308209663,157.78443127013423,4.098595965841337,153.6858353042929
125.0,169.53972314675738,-8.659954563034567,-5.485711080136495,155.3940575035863,4.098595965841337,151.29546153774498
126.0,167.2087204433409,-8.520322375914066,-5.651089473054725,153.0373085943721,4.098595965841337,148.93871262853077
127.0,164.91037737430608,-8.379720608766576,-5.817188420349823,150.71346834518968,4.098595965841337,146.61487237934836
128.0,162.64415461932256,-8.238168950740642,-5.984084235670815,148.4219014329111,4.098595965841337,144.3233054670698
129.0,160.40951761662924,-8.095687292855045,-6.151842392217392,146.1619879315568,4.098595965841337,142.06339196571548
130.0,158.20593686804466,-7.952295790196789,-6.320525242699051,143.9331158351488,4.098595965841337,139.83451986930748
131.0,156.0328882099595,-7.80801496339237,-6.490117458900192,141.73475578766696,4.098595965841337,137.63615982182563
132.0,153.8898530528602,-7.662865870145567,-6.660578329995006,139.5664088527196,4.098595965841337,135.46781288687828
133.0,151.77631859176117,-7.51687040763836,-6.831931676347705,137.42751650777512,4.098595965841337,133.3289205419338
134.0,149.69177798975906,-7.370051873404163,-7.004201574285693,135.3175245420692,4.098595965841337,131.21892857622788
135.0,147.63573053677138,-7.222436072161156,-7.1774123636902605,133.23588210091998,4.098595965841337,129.13728613507865
136.0,145.60768178538186,-7.0740536742539595,-7.351588655649861,131.18203945547805,4.098595965841337,127.08344348963671
137.0,143.60714366557974,-6.924945754484058,-7.526755340197808,129.15544257089786,4.098595965841337,125.05684660505652
138.0,141.63363458005873,-6.775178587709241,-7.702937594148777,127.15551839820071,4.098595965841337,123.05692243235937
139.0,139.68667948162428,-6.6248911802366575,-7.880160889042808,125.18162741234481,4.098595965841337,121.08303144650347
140.0,137.7658099341514,-6.47450410883152,-8.058450999203307,123.23285482611658,4.098595965841337,119.13425886027524
141.0,135.87056415843213,-6.327268780727039,-8.237834009914053,121.30546136779103,4.098595965841337,117.20686540194968
142.0,134.000487064161,-6.186787009992131,-8.418336325720338,119.39536372844854,4.098595965841337,115.2967677626072
143.0,132.1551302692153,-6.039130608731463,-8.599984678857284,117.51601498162655,4.098595965841337,113.41741901578521
144.0,130.33405210730845,-5.889655486011053,-8.78280613780948,115.66159048348791,4.098595965841337,111.56299451764657
145.0,128.5368176250156,-5.741465572339117,-8.966828116005118,113.82852393667136,4.098595965841337,109.72992797083002
146.0,126.76299856910065,-5.587135711768476,-9.152078380647955,112.02378447668421,4.098595965841337,107.92518851084287
147.0,125.01217336500777,-5.4302820006510695,-9.338585061689951,110.24330630266674,4.098595965841337,106.1447103368254
148.0,123.28392708731658,-5.271911404185623,-9.526376660948296,108.48563902218265,4.098595965841337,104.38704305634131
149.0,121.57785142290442,-5.11241920153944,-9.715482061368812,106.74995015999616,4.098595965841337,102.65135419415482
150.0,119.89354462750372,-4.952019060415037,-9.90593053643942,105.03559503064926,4.098595965841337,100.93699906480792
151.0,118.20543115826527,-4.790850849026456,-10.097751759756381,103.31682854948244,4.098595965841337,99.2182325836411
152.0,116.49003780477673,-4.629016873906963,-10.290975814745833,101.57004511612394,4.098595965841337,97.4714491502826
153.0,114.75007248560429,-4.466596885862243,-10.485633204543277,99.79784239519877,4.098595965841337,95.69924642935743
154.0,112.98817554359205,-4.3036550521203285,-10.681754862034314,98.0027656294374,4.098595965841337,93.90416966359606
155.0,111.20691684188334,-4.1402431115558995,-10.879372160058509,96.18730157026893,4.098595965841337,92.08870560442759
156.0,109.40879325562008,-3.9764011662563674,-11.078516921778924,94.35387516758479,4.098595965841337,90.25527920174345
157.0,107.59622654172958,-3.8121564944725685,-11.27922143122039,92.50484861603661,4.098595965841337,88.40625265019527
158.0,105.77156156876006,-3.6475202187881135,-11.481518443977977,90.64252290599397,4.098595965841337,86.54392694015263
159.0,103.93706488842491,-3.4824801906066956,-11.68544119809822,88.76914349972,4.098595965841337,84.67054753387866
160.0,102.09492363034494,-3.3169642010566456,-11.891023425135527,86.88693600415276,4.098595965841337,82.78834003831142
161.0,100.24724470142714,-3.151465151688815,-12.098299361384795,84.99748018835353,4.098595965841337,80.8988842225122
162.0,98.39605427137992,-2.9876756489175715,-12.307303759292784,83.10107486316957,4.098595965841337,79.00247889732823
163.0,96.54329752602098,-2.8229895664972413,-12.518071899049817,81.20223606047392,4.098595965841337,77.10364009463258
164.0,94.6908386702794,-2.657452160472338,-12.730639600362496,79.30274690944458,4.098595965841337,75.20415094360324
165.0,92.84046116311532,-2.491407897306938,-12.945043234409447,77.40401003139894,4.098595965841337,73.3054140655576
166.0,90.9938681669707,-2.3251305346606825,-13.161319735980804,75.5074178963292,4.098595965841337,71.40882193048786
167.0,89.15268319481372,-2.158752663566886,-13.379506615802118,73.61442391544472,4.098595965841337,69.51582794960338
168.0,87.31845093833527,-1.9923054240005331,-13.599641973042843,71.72650354129189,4.098595965841337,67.62790757545055
169.0,85.49263826139834,-1.8257942605116946,-13.821764508010501,69.84507949287614,4.098595965841337,65.7464835270348
170.0,83.67663534341443,-1.6592368222800125,-14.045913535029369,67.97148498610505,4.098595965841337,63.87288902026371
171.0,81.87175695792206,-1.4926657087231152,-14.272128995503785,66.10696225369517,4.098595965841337,62.00836628785383
172.0,80.07924387226703,-1.3261218025764743,-14.500451471165018,64.25267059852553,4.098595965841337,60.154074632684186
173.0,78.3002643549208,-1.1596492340036264,-14.730922197500501,62.40969292341667,4.098595965841337,58.31109695757533
174.0,76.5359157776223,-0.9932928792795559,-14.963583077363412,60.57903982097933,4.098595965841337,56.48044385513799
175.0,74.78722630018126,-0.8270972251572148,-15.198476694761052,58.76165238026299,4.098595965841337,54.663056414421646
176.0,73.05515662643484,-0.6611057932499195,-15.435646328818294,56.95840450436663,4.098595965841337,52.859808538525286
177.0,71.34060182050165,-0.4953607710756726,-15.675135967913507,55.170105081512474,4.098595965841337,51.071509115671134
178.0,69.64439317312043,-0.32990271710166397,-15.916990323982917,53.39750013203586,4.098595965841337,49.29890416619452
179.0,67.96730010849615,-0.16477029214759378,-16.161254846988555,51.64127496936,4.098595965841337,47.54267900351866
180.0,66.31003212269955,-3.464380546665228e-15,-16.407975739544227,49.902056383155326,4.098595965841337,45.803460417313985
181.0,64.67324074527424,0.16437406869481483,-16.6571999716942,48.18041484227486,4.098595965841337,44.081818876433516
182.0,63.057521516298316,0.3283204906230042,-16.908975295836772,46.476866711084554,4.098595965841337,42.37827074524321
183.0,61.4634159717205,0.49181076128169304,-17.16335026178489,44.79187647121731,4.098595965841337,40.69328050537597
184.0,59.89141363034788,0.6548195417601976,-17.420374231955655,43.12585894015242,4.098595965841337,39.027262974311085
185.0,58.34195397639513,0.817324898142161,-17.68009739667785,41.47918147785944,4.098595965841337,37.3805855120181
186.0,56.815428432019466,0.9793085304647142,-17.942570789606627,39.85216617287755,4.098595965841337,35.75357020703622
187.0,55.312182314758154,1.14075598807637,-18.20784630323361,38.245091999600916,4.098595965841337,34.146496033759576
188.0,53.8325167752536,1.3016568684768608,-18.47597670447743,36.65819693925303,4.098595965841337,32.55960097341169
189.0,52.3766907110993,1.4620049974499882,-18.747015650340703,35.09168005820858,4.098595965841337,30.993084092367244
190.0,50.94492265306461,1.6217985898358487,-19.021017703616423,33.545703539284034,4.098595965841337,29.447107573442697
191.0,49.53739262035869,1.7810403933340675,-19.298038348624768,32.02039466506798,4.098595965841337,27.921798699226645
192.0,48.15424394197372,1.939737823867568,-19.57813400696083,30.515847758880454,4.098595965841337,26.417251793039117
193.0,46.79558504150644,2.0979031140919258,-19.861362053231083,29.032126102367286,4.098595965841337,24.93353013652595
194.0,45.461491183193665,2.2555535265729802,-20.14778083075411,27.569263879012535,4.098595965841337,23.470667913171198
195.0,44.15200617721285,2.412711758504568,-20.437449667198813,26.127268268518606,4.098595965841337,22.02867230267727
196.0,42.86714404259436,2.569406877544346,-20.73042889013233,24.706122030006377,4.098595965841337,20.60752606416504
197.0,41.60689062636775,2.725676823323523,-21.026779842445155,23.30578760724612,4.098595965841337,19.207191641404783
198.0,40.37120517781971,2.8815762781252126,-21.326564897619583,21.926216558325343,4.098595965841337,17.827620592484006
199.0,39.16002187697965,3.0372086101415827,-21.629847474804507,20.567383012316725,4.098595965841337,16.468787046475388
200.0,37.97325131666862,3.1929477745433332,-21.936692053655808,19.22950703755615,4.098595965841337,15.130911071714813
201.0,36.81078193764941,3.351121515389469,-22.247164188898548,17.914739264140326,4.098595965841337,13.81614329829899
202.0,35.672481416602,3.507290103318927,-22.56133052456389,16.618440995357037,4.098595965841337,12.5198450295157
203.0,34.558198006820284,3.662591031594579,-22.879258807848164,15.3415302305667,4.098595965841337,11.242934264725363
204.0,33.467761831680214,3.814870218562895,-23.2010179025394,14.081614147703707,4.098595965841337,9.98301818186237
205.0,32.4009861310722,3.9657576496500075,-23.526677801950537,12.840065978771673,4.098595965841337,8.741470012930336
206.0,31.35766846111914,4.116126111093974,-23.85630964129402,11.617484930919098,4.098595965841337,7.51888896507776
207.0,30.337591847616736,4.261080438825596,-24.189985709427017,10.408686577015313,4.098595965841337,6.310090611173976
208.0,29.340525893736434,4.4142136948451665,-24.52777945989208,9.22696012868952,4.098595965841337,5.128364162848182
209.0,28.366227842625293,4.5676258802045,-24.86976552116999,8.064088201659803,4.098595965841337,3.9654922358184663
210.0,27.414443595617733,4.7166357843366535,-25.216019706056912,6.915059673897474,4.098595965841337,2.816463708056137
211.0,26.484908686847614,4.86333409601826,-25.566619020069773,5.781623762796102,4.098595965841337,1.6830277969547645
212.0,25.577349215111784,5.008333216172861,-25.921641668767144,4.6640407625175015,4.098595965841337,0.5654447966761644
213.0,24.69148273389165,5.151753257320084,-26.28116706296312,3.562068928248614,4.098595965841337,-0.5365270375927231
214.0,23.827019100484637,5.293592720354871,-26.645275822163967,2.47533599867554,4.098595965841337,-1.6232599671657972
215.0,22.983661285238515,5.4338188742892255,-27.014049779744752,1.4034303797829892,4.098595965841337,-2.695165586058348
216.0,22.161106141912846,5.5723891803431815,-27.38757198505869,0.3459233371973376,4.098595965841337,-3.7526726286439995
217.0,21.359045140218438,5.709256949539995,-27.76592670353472,-0.6976246137762878,4.098595965841337,-4.796220579617625
218.0,20.57716506160615,5.844373075999198,-28.14919941489176,-1.7276612772864155,4.098595965841337,-5.826257243127753
219.0,19.81514865939171,5.977686677827045,-28.53747680929916,-2.7446414720804064,4.098595965841337,-6.8432374379217435
220.0,19.072675284312638,6.109145396501977,-28.930846781297245,-3.749026100482631,4.098595965841337,-7.847622066323968
221.0,18.349421476620204,6.238695575363334,-29.32939842127941,-4.741281369295873,4.098595965841337,-8.83987733513721
222.0,17.6450615258104,6.366282388856779,-29.733222004320968,-5.721878089653789,4.098595965841337,-9.820474055495126
223.0,16.95926799909578,6.491849948439751,-30.142408976127115,-6.691291028591586,4.098595965841337,-10.789886994432923
224.0,16.29171223971551,6.615341395772508,-30.557051935851767,-7.649998300363752,4.098595965841337,-11.748594266205089
225.0,15.642064836172032,6.736698988266823,-30.977244615523613,-8.598480791084757,4.098595965841337,-12.697076756926094
226.0,15.009996063471972,6.855864179842747,-31.403081855795445,-9.537221612480725,4.098595965841337,-13.635817578322062
227.0,14.395176297435885,6.9727776987450065,-31.83465957771219,-10.4667055815313,4.098595965841337,-14.565301547372638
228.0,13.797276403125826,7.087379623755074,-32.27207475017055,-11.387418723289652,4.098595965841337,-15.48601468913099
229.0,13.215968098422163,7.199609459827311,-32.71542535272114,-12.299847794471667,4.098595965841337,-16.398443760313004
230.0,12.65092429376295,7.30940621396963,-33.16481033333595,-13.204479825603372,4.098595965841337,-17.30307579144471
231.0,12.101819409038056,7.416708472034449,-33.62032956073982,-14.101801679667314,4.098595965841337,-18.20039764550865
232.0,11.56833083178906,7.52145447696377,-34.082083770874384,-14.992298462121553,4.098595965841337,-19.09089442796289
233.0,11.050177728686851,7.623582208931656,-34.55017450703218,-15.876414569413676,4.098595965841337,-19.975010535255013
234.0,10.547135763760561,7.72302946774303,-35.02470405316509,-16.754538821661498,4.098595965841337,-20.853134787502835
235.0,10.058976544455643,7.819733957774881,-35.50577535983924,-17.627064857608715,4.098595965841337,-21.725660823450053
236.0,9.585463209492474,7.913633375682804,-35.993491962266404,-18.494395377091127,4.098595965841337,-22.592991342932464
237.0,9.126350534268566,8.004665501039774,-36.487957889806125,-19.356941854497784,4.098595965841337,-23.45553782033912
238.0,8.681385038872362,8.095006085651747,-36.98927756628793,-20.21288644176382,4.098595965841337,-24.31148240760516
239.0,8.250305096295332,8.186488520589446,-37.49755570045839,-21.060762083573614,4.098595965841337,-25.15935804941495
240.0,7.8328410405101545,8.278638138127796,-38.01289716580929,-21.901417987171342,4.098595965841337,-26.00001395301268
241.0,7.428715274177634,8.371084624123874,-38.53540686899255,-22.735606970691045,4.098595965841337,-26.83420293653238
242.0,7.037642375693444,8.463534878812306,-39.06518960597031,-23.564012351464562,4.098595965841337,-27.6626083173059
243.0,6.65932920522903,8.555754118398523,-39.60234990499359,-24.387266581366035,4.098595965841337,-28.485862547207372
244.0,6.293475009360961,8.64755234461489,-40.14699185543904,-25.20596450146319,4.098595965841337,-29.304560467304526
245.0,5.939771523819749,8.73877443444858,-40.699218921466624,-26.020672963198294,4.098595965841337,-30.11926892903963
246.0,5.597903073822513,8.829292742797277,-41.259133739393434,-26.831937922773644,4.098595965841337,-30.93053388861498
247.0,5.267546671385515,8.919001492304295,-41.8268378976032,-27.640289733913388,4.098595965841337,-31.738885699754725
248.0,4.948372108943685,9.007812460677885,-42.40243169773204,-28.44624712811047,4.098595965841337,-32.54484309395181
249.0,4.640042048535906,9.095651626731081,-42.98601389578757,-29.250320220520585,4.098595965841337,-33.34891618636192
250.0,4.342212105749314,9.182456535673372,-43.57768142177231,-30.053012780349626,4.098595965841337,-34.15160874619096
251.0,4.054530927556926,9.268174211160567,-44.17752907628493,-30.854823937567435,4.098595965841337,-34.95341990340877
252.0,3.776640263132701,9.352759487788957,-44.78564920247754,-31.656249451555887,4.098595965841337,-35.75484541739722
253.0,3.5081750266929475,9.436173670187292,-45.40213133164118,-32.45778263476094,4.098595965841337,-36.55637860060227
254.0,3.248763351398893,9.518383448084691,-46.02706180058209,-33.259915001098506,4.098595965841337,-37.358510966939846
255.0,2.998026633370687,9.599360013604787,-46.66052333883537,-34.063136691859896,4.098595965841337,-38.161732657701236
256.0,2.7555795649201777,9.679078339463008,-47.30259462364188,-34.867936719258694,4.098595965841337,-38.966532685100034
257.0,2.5210301562254216,9.757516586010059,-47.953349800483764,-35.67480305824829,4.098595965841337,-39.77339902408963
258.0,2.2939797448658727,9.834655612051785,-48.61285796684325,-36.484222609925595,4.098595965841337,-40.582818575766936
259.0,2.0740229929481218,9.910478569696023,-49.28118261670685,-37.2966810540627,4.098595965841337,-41.39527701990404
260.0,1.8607478720268624,9.984970567565739,-49.9583810431913,-38.1126626035987,4.098595965841337,-42.211258569440034
261.0,1.653735636739681,10.058118389885237,-50.644503696514434,-38.932649669889514,4.098595965841337,-43.031245635730855
262.0,1.4525607891464167,10.129910261418344,-51.33959349437785,-39.75712244381309,4.098595965841337,-43.85571840965443
263.0,1.2567910373878137,10.200335650179698,-52.043685081660776,-40.58655839409327,4.098595965841337,-44.6851543599346
264.0,1.0659872547784897,10.269385101375777,-52.75680403615747,-41.4214316800032,4.098595965841337,-45.520027645844536
265.0,0.8797034493979323,10.33705009725349,-53.47896601691492,-42.26221247026349,4.098595965841337,-46.36080843610483
266.0,0.6974867606828583,10.403322938509291,-54.210175851549074,-43.10936615235693,4.098595965841337,-47.20796211819827
267.0,0.5188775104579313,10.468196643695645,-54.95042655873451,-43.96335240458094,4.098595965841337,-48.06194837042227
268.0,0.3434093553356323,10.531664863693454,-55.69969830188011,-44.824624082851024,4.098595965841337,-48.92322004869236
269.0,0.17060962428021523,10.593721808831043,-56.457957269812354,-45.693625836701095,4.098595965841337,-49.79222180254243
270.0,1.785842194450572e-15,10.654362186646154,-57.22515448010571,-46.570792293459554,4.098595965841337,-50.66938825930089
271.0,-0.16890213119776115,10.713581148627728,-58.00122450051335,-47.45654548308339,4.098595965841337,-51.55514144892473
272.0,-0.33658092619311836,10.771374244551593,-58.78608408376763,-48.35129076540916,4.098595965841337,-52.4498867312505
273.0,-0.5035160320996555,10.82773738325325,-59.57963071084895,-49.255409359695356,4.098595965841337,-53.35400532553669
274.0,-0.6701675025893475,10.882666798869106,-60.38174103765266,-50.1692417413729,4.098595965841337,-54.26783770721424
275.0,-0.8369339826397245,10.936159021732918,-61.19226923983023,-51.09304420073704,4.098595965841337,-55.19164016657838
276.0,-1.0040038185595908,10.988210853243638,-62.01104525044149,-52.026838215757444,4.098595965841337,-56.12543418159878
277.0,-1.170944398135754,11.038819344127505,-62.837872884940595,-52.96999793894884,4.098595965841337,-57.06859390479018
278.0,-1.3377626029918814,11.087981775607128,-63.67252784792107,-53.92230867530582,4.098595965841337,-58.020904641147155
279.0,-1.5044511501517546,11.135695643064246,-64.51475561598767,-54.88351112307518,4.098595965841337,-58.98210708891652
280.0,-1.6709720270882702,11.181958641846036,-65.36426919109832,-55.85328257634055,4.098595965841337,-59.95187854218189
281.0,-1.8372960242655008,11.226768654916459,-66.22074671874066,-56.8312740880897,4.098595965841337,-60.92987005393104
282.0,-2.0034001208290824,11.270123742098868,-67.08382896538534,-57.817105344115554,4.098595965841337,-61.91570130995689
283.0,-2.169263270945411,11.312022130692823,-67.95311664979728,-58.81035779004987,4.098595965841337,-62.908953755891204
284.0,-2.3348649057235975,11.352462207279654,-68.82816762299838,-59.81057032144232,4.098595965841337,-63.909166287283654
285.0,-2.500184530171845,11.39144251055756,-69.70849389197977,-60.817235911594054,4.098595965841337,-64.9158318774354
286.0,-2.665201624557916,11.42896172507007,-70.59355848266033,-61.82979838214817,4.098595965841337,-65.92839434798951
287.0,-2.829895623572286,11.465018675710114,-71.48277213810486,-62.847649085967035,4.098595965841337,-66.94624505180838
288.0,-2.9942459151641683,11.49961232289878,-72.37548984866457,-63.87012344092996,4.098595965841337,-67.9687194067713
289.0,-3.158231844296143,11.532741758351507,-73.27100721150391,-64.89649729744855,4.098595965841337,-68.99509326328989
290.0,-3.3218327178255103,11.564406201356217,-74.16855661794517,-65.92598313441447,4.098595965841337,-70.0245791002558
291.0,-3.485027809541441,11.594604995498155,-75.06730326822762,-66.95772608227091,4.098595965841337,-71.05632204811225
292.0,-3.6477963651265615,11.623337605774903,-75.96634101466019,-67.99079977401185,4.098595965841337,-72.08939573985319
293.0,-3.8101176070037055,11.650603616052377,-76.86468803576784,-69.02420202671917,4.098595965841337,-73.1227979925605
294.0,-3.971970739075183,11.676402726819106,-77.76128234592922,-70.0568503581853,4.098595965841337,-74.15544632402664
295.0,-4.1333349513694975,11.700734753201651,-78.6549771471984,-71.08757734536624,4.098595965841337,-75.18617331120758
296.0,-4.294189424608866,11.723599623208779,-79.5445360325298,-72.1151258339299,4.098595965841337,-76.21372179977124
297.0,-4.454513334707949,11.744997376175789,-80.42862805251866,-73.13814401105083,4.098595965841337,-77.23673997689217
298.0,-4.614285857211824,11.764928161384786,-81.30582266105924,-74.15518035688628,4.098595965841337,-78.25377632272762
299.0,-4.77348617167897,11.783392236838639,-82.17458455904419,-75.16467849388452,4.098595965841337,-79.26327445972586
300.0,-4.932093466014055,11.800389968170027,-83.03326845941793,-76.16497195726195,4.098595965841337,-80.2635679231033
301.0,-5.090086940754202,11.815921827668836,-83.8801138015846,-77.15427891466996,4.098595965841337,-81.2528748805113
302.0,-5.247445813311741,11.829988393413077,-84.7132394483919,-78.13069686829057,4.098595965841337,-82.22929283413191
303.0,-5.404149322175964,11.842590348490676,-85.53063840468786,-79.09219737837316,4.098595965841337,-83.1907933442145
304.0,-5.560176731076192,11.853728480300672,-86.33017260281498,-80.0366208535905,4.098595965841337,-84.13521681943185
305.0,-5.715507333107938,11.863403679923788,-87.1095678073657,-80.96167146054985,4.098595965841337,-85.06026742639119
306.0,-5.870120454823898,11.871616941553587,-87.86640869910309,-81.8649122123734,4.098595965841337,-85.96350817821474
307.0,-6.023995460291358,11.878369361980472,-88.598134206132,-82.74376030444289,4.098595965841337,-86.84235627028423
308.0,-6.177111755117325,11.883662140121453,-89.30203315919064,-83.59548277418651,4.098595965841337,-87.69407874002785
309.0,-6.329448790442576,11.88749657658973,-89.9752403572775,-84.41719257113034,4.098595965841337,-88.51578853697168
310.0,-6.480986066905987,11.889874073298547,-90.61473313968942,-85.20584513329686,4.098595965841337,-89.3044410991382
311.0,-6.631703138579909,11.89079613309465,-91.21732857084695,-85.9582355763322,4.098595965841337,-90.05683154217354
312.0,-6.781579616877753,11.890264359416804,-91.77968135492178,-86.67099661238272,4.098595965841337,-90.76959257822406
313.0,-6.930595174434619,11.888280455975956,-92.29828260812218,-87.34059732658085,4.098595965841337,-91.43919329242219
314.0,-7.078729548961736,11.884846226453258,-92.76945962736389,-87.96334294987237,4.098595965841337,-92.06193891571371
315.0,-7.225962547075497,11.879963574213228,-93.18937680474538,-88.53537577760764,4.098595965841337,-92.63397174344898
316.0,-7.372274048101819,11.87363450202915,-93.5540378474983,-89.05267739357096,4.098595965841337,-93.1512733594123
317.0,-7.517644007856368,11.865861111818539,-93.85928947258384,-89.51107236862167,4.098595965841337,-93.60966833446301
318.0,-7.662052462401213,11.856645604386204,-94.10082675349965,-89.90623361151465,4.098595965841337,-94.00482957735599
319.0,-7.805479531778596,11.845990279173334,-94.27420030372143,-90.2336895563267,4.098595965841337,-94.33228552216804
320.0,-7.947905423722061,11.833897534010598,-94.374825486064,-90.48883337577546,4.098595965841337,-94.5874293416168
321.0,-8.089310437345498,11.820369864873896,-94.39799383957138,-90.66693441204299,4.098595965841337,-94.76553037788433
322.0,-8.229674966810478,11.805409865641264,-94.33888691475103,-90.76315201592024,4.098595965841337,-94.86174798176158
323.0,-8.368979504972176,11.789020227849788,-94.19259270343142,-90.7725519805538,4.098595965841337,-94.87114794639514
324.0,-8.507204647004118,11.77120374045122,-93.95412484056727,-90.69012574712018,4.098595965841337,-94.78872171296152
325.0,-8.644331094002204,11.75196328956557,-93.61844474126475,-90.51081254570138,4.098595965841337,-94.60940851154272
326.0,-8.780339656567973,11.731301858231447,-93.18048681645863,-90.22952461479515,4.098595965841337,-94.3281205806365
327.0,-8.915211258371428,11.709222526152473,-92.63518688436118,-89.84117561658013,4.098595965841337,-93.93977158242147
328.0,-9.048926939693622,11.685728469439175,-91.97751386141678,-89.34071233167123,4.098595965841337,-93.43930829751257
329.0,-9.18146786094892,11.66082296034523,-91.20250477549256,-88.72314967609624,4.098595965841337,-92.82174564193758
330.0,-9.312815306187202,11.634509366997953,-90.30530940074466,-87.9836153399339,4.098595965841337,-92.08221130577525
331.0,-9.44295068657597,11.606791153122083,-89.28120658249128,-87.11736611594516,4.098595965841337,-91.2159620817865
332.0,-9.57185554386236,11.57767187775656,-88.12568686738103,-86.11987053348683,4.098595965841337,-90.21846649932817
333.0,-9.699511553815082,11.547155194963688,-86.83447482402622,-84.98683118287761,4.098595965841337,-89.08542714871895
334.0,-9.825900529646242,11.515244853530307,-85.40358563497306,-83.71424131108898,4.098595965841337,-87.81283727693032
335.0,-9.95100442541296,11.481944696660674,-83.82937762434939,-82.29843735310168,4.098595965841337,-86.39703331894302
336.0,-10.074805339398672,11.447258661660223,-82.10860658743343,-80.73615326517188,4.098595965841337,-84.83474923101322
337.0,-10.197285517474084,11.411190779610719,-80.23848136258137,-79.02457610044473,4.098595965841337,-83.12317206628607
338.0,-10.318427356437494,11.373745175035417,-78.21671998910244,-77.16140217050452,4.098595965841337,-81.25999813634586
339.0,-10.438213407334393,11.334926065554775,-76.04160569954855,-75.14489304132817,4.098595965841337,-79.24348900716952
340.0,-10.556626378756247,11.294737761531987,-73.71204190464623,-72.97393052187049,4.098595965841337,-77.07252648771183
341.0,-10.673649140117993,11.253184665708197,-71.22760524726996,-70.64806972167976,4.098595965841337,-74.7466656875211
342.0,-10.789264724914265,11.210271272827057,-68.58859573224875,-68.16758918433595,4.098595965841337,-72.2661851501773
343.0,-10.903456333953965,11.166002169248491,-65.79690559802732,-65.53435976273279,4.098595965841337,-69.63295572857413
344.0,-11.016207338572983,11.120382032551303,-62.858214693277546,-62.75403999929922,4.098595965841337,-66.85263596514056
345.0,-11.127501283824559,11.073415631124407,-59.77896646718918,-59.83305211988933,4.098595965841337,-63.93164808573067
346.0,-11.237321891647339,11.025107823746517,-56.56540943449589,-56.777623502396715,4.098595965841337,-60.87621946823805
347.0,-11.345653064010444,10.975463559154095,-53.223533223260546,-53.593722728116894,4.098595965841337,-57.69231869395823
348.0,-11.452478886035347,10.924487875596949,-49.75900411047046,-50.286995120908855,4.098595965841337,-54.385591086750196
349.0,-11.557783629094295,10.87218590038208,-46.17710151383999,-46.86269924255221,4.098595965841337,-50.96129520839355
350.0,-11.661551753884616,10.818562849404488,-42.482657005297646,-43.325645909777776,4.098595965841337,-47.42424187561912
351.0,-11.763767913478823,10.763624026665655,-38.67999747320158,-39.68014136001475,4.098595965841337,-43.778737325856085
352.0,-11.864416956349864,10.707374823778881,-34.772894080596224,-35.92993621316721,4.098595965841337,-40.02853217900855
353.0,-11.963483929371206,10.649820719461529,-30.764518641126767,-32.07818185103645,4.098595965841337,-36.17677781687779
354.0,-12.060954080791232,10.590967279013853,-26.657408959393848,-28.12739576117123,4.098595965841337,-32.22599172701257
355.0,-12.156812863181667,10.530820153784136,-22.45344455715553,-24.079437266553064,4.098595965841337,-28.1780332323944
356.0,-12.251045936359294,10.469385080620002,-18.153834031492433,-19.935494887231727,4.098595965841337,-24.034090853073064
357.0,-12.34363917028064,10.406667881305564,-13.759115068599689,-15.696086357574766,4.098595965841337,-19.794682323416104
358.0,-12.434578647909197,10.342674461984215,-9.269167872189184,-11.361072058114166,4.098595965841337,-15.459668023955503
359.0,-12.523850668054465,10.277410812566696,-4.683242465556373,-6.929682321044141,4.098595965841337,-11.028278286885477
360.0,-12.611441748182507,10.210883006124362,0.0,-2.400558742058145,4.098595965841337,-6.499154707899482
361.0,-12.697338627197334,10.143097198267121,4.782432140241462,2.2281907113112487,4.098595965841337,-1.8704052545300884
362.0,-12.781528268192673,10.074059626506093,9.666391993751844,6.9589233520652645,4.098595965841337,2.8603273862239273
363.0,-12.863997861173461,10.003776609600127,14.654602336053333,11.79438108448,4.098595965841337,7.695785118638662
364.0,-12.944734825746677,9.932254546886735,19.750078871512613,16.737598592652674,4.098595965841337,12.639002626811337
365.0,-13.023726813780776,9.859499917596139,24.95602881452234,21.791801918337704,4.098595965841337,17.693205952496367
366.0,-13.100961712033174,9.785519280148863,30.27574162387489,26.96029919199058,4.098595965841337,22.861703226149242
367.0,-13.176427644745312,9.710319271436157,35.712473858827835,32.24636548551868,4.098595965841337,28.147769519677343
368.0,-13.250112976204548,9.633906606082968,41.26933027588835,37.65312390576677,4.098595965841337,33.554527939925435
369.0,-13.322006313272365,9.556288075693121,46.94914337787701,43.183425140297764,4.098595965841337,39.08482917445643
370.0,-13.39209650787834,9.477470548076251,52.754353659816715,48.83972770001463,4.098595965841337,44.741131734173294
371.0,-13.460372659479098,9.397460966456189,58.686892770429424,54.62398107740651,4.098595965841337,50.52538511156517
372.0,-13.526824117481738,9.316266348660243,64.7480717265167,60.537513957695204,4.098595965841337,56.43891799185387
373.0,-13.591440483631155,9.23389378628903,70.93847618518924,66.58092948784711,4.098595965841337,62.482333522005774
374.0,-13.65421161436046,9.150350443866488,77.2578706023302,72.75400943183622,4.098595965841337,68.65541346599488
375.0,-13.71512762310404,9.065643557969151,83.70511289252242,79.05562882738754,4.098595965841337,74.9570328615462
376.0,-13.774178882572501,8.979780436334996,90.27808096439696,85.48368251815945,4.098595965841337,81.38508655231811
377.0,-13.831356026988937,8.892768456950403,96.9736122447063,92.03502467466777,4.098595965841337,87.93642870882643
378.0,-13.886649954285717,8.804615067115405,103.78745703304207,98.70542214587176,4.098595965841337,94.60682618003042
379.0,-13.940051828261403,8.71532778248632,110.71424625517687,105.4895222094018,4.098595965841337,101.39092624356046
380.0,-13.991553080696905,8.624914186095205,117.74747391394718,112.38083501934548,4.098595965841337,108.28223905350414
381.0,-14.041145413430288,8.53338192734563,124.8794942788518,119.37173079276714,4.098595965841337,115.2731348269258
382.0,-14.088820800389751,8.440738720983944,132.10153361446433,126.45345153505852,4.098595965841337,122.35485556921718
383.0,-14.13457148958379,8.346992346045552,139.40371602749764,133.6161368839594,4.098595965841337,129.51754091811807
384.0,-14.178390005048245,8.252150644775327,146.77510281589323,140.84886345562032,4.098595965841337,136.750267489779
385.0,-14.220269148749265,8.156221521521518,154.20374453249073,148.13969690526298,4.098595965841337,144.04110093942165
386.0,-14.260202002441758,8.059212941602329,161.6767448314981,155.47575577065868,4.098595965841337,151.37715980481735
387.0,-14.298181929482684,7.961132930144404,169.18033504807565,162.84328604873735,4.098595965841337,158.74469008289603
388.0,-14.334202576598264,7.861989570892258,176.69995836909138,170.22774536338537,4.098595965841337,166.12914939754404
389.0,-14.368257875604739,7.761791004988073,184.22036238513755,177.6138955145209,4.098595965841337,173.51529954867956
390.0,-14.40034204508214,7.660545429720251,191.72569876845677,184.98590215309488,4.098595965841337,180.88730618725356
391.0,-14.430449591999817,7.5582610972408295,199.19962879646653,192.32744030170753,4.098595965841337,188.2288443358662
392.0,-14.458575313293935,7.454946313249532,206.62543343392744,199.62180443388303,4.098595965841337,195.5232084680417
393.0,-14.484714297395628,7.3506094356443175,213.98612669626473,206.85202183451344,4.098595965841337,202.7534258686721
394.0,-14.508861925709569,7.245258873136833,221.26457103998234,214.0009679874096,4.098595965841337,209.90237202156828
395.0,-14.531013874042033,7.138903083831733,228.44359356150812,221.05148277129783,4.098595965841337,216.9528868054565
396.0,-14.551166113978336,7.03155057376864,235.50610183130416,227.98648629109448,4.098595965841337,223.88789032525315
397.0,-14.569314914208288,6.92320989542542,242.43519824406562,234.78909322528276,4.098595965841337,230.69049725944143
398.0,-14.58545684179989,6.813889646181427,249.21429182684085,241.44272463122238,4.098595965841337,237.34412866538105
399.0,-14.599588763420059,6.703598466739328,255.8272065137382,247.93121621705745,4.098595965841337,243.83262025121613
400.0,-14.611707846502119,6.592345039503938,262.2582849674708,254.2389221604726,4.098595965841337,250.14032619463129
401.0,-14.621811560359296,6.480138086916698,268.49248710349207,260.35081363004946,4.098595965841337,256.2522176642081
402.0,-14.629897677243937,6.366986369743655,274.51548255111805,266.25257124361775,4.098595965841337,262.1539752777764
403.0,-14.635964273351489,6.252898685316056,280.313736367253,271.93067077921756,4.098595965841337,267.8320748133762
404.0,-14.640009729769094,6.137883865720761,285.8745874015562,277.3724615375079,4.098595965841337,273.27386557166653
405.0,-14.642032733368046,6.021950775939305,291.18631879665924,282.5662368392305,4.098595965841337,278.46764087338914
406.0,-14.642032277639611,5.905108311933265,296.23822019291845,287.5012962272121,4.098595965841337,283.40270026137074
407.0,-14.64000766347373,5.787365398673828,301.02064129371905,292.16799902891916,4.098595965841337,288.0694030630778
408.0,-14.63595849988028,5.668730988113407,305.52503653411287,296.557809022346,4.098595965841337,292.45921305650467
409.0,-14.629884704651953,5.549214057096898,309.74400068208524,300.6633300345302,4.098595965841337,296.56473406868884
410.0,-14.621786504968894,5.428823605210098,313.671295287528,304.47833238776917,4.098595965841337,300.3797364219278
411.0,-14.611664437944222,5.30756865256279,317.3018659785093,307.99777019312785,4.098595965841337,303.8991742272865
412.0,-14.599519351109993,5.185458237503341,320.6318506871165,311.2177895735099,4.098595965841337,307.11919360766854
413.0,-14.585352402843546,5.062501414262568,323.65857896738675,314.1357279788058,4.098595965841337,310.03713201296443
414.0,-14.569165062733507,4.938707250523238,326.38056264505286,316.75010483284257,4.098595965841337,312.6515088670012
415.0,-14.5509591118851,4.814084824911942,328.7974781123238,319.06060382535065,4.098595965841337,314.9620078595093
416.0,-14.530736643164476,4.688643224410489,330.91014065009176,321.0680472313378,4.098595965841337,316.96945126549645
417.0,-14.508500061381804,4.56239154168257,332.7204712241516,322.77436270445236,4.098595965841337,318.675766738611
418.0,-14.48425208341253,4.435338872312044,334.2314562606263,324.1825430495258,4.098595965841337,320.08394708368445
419.0,-14.457995738256715,4.307494311948844,335.4471009582393,325.2965995319314,4.098595965841337,321.19800356609005
420.0,-14.429734367036097,4.178866953358401,336.37237674083343,326.12150932715576,4.098595965841337,322.0229133613144
421.0,-14.399471622928548,4.049465883369354,337.0131634921485,326.6631577525893,4.098595965841337,322.56456178674796
422.0,-14.367211471039687,3.919300179715444,337.3761872459543,326.92827595463007,4.098595965841337,322.8296799887887
423.0,-14.33295818821159,3.7883789077659964,337.4689540279016,326.924374747456,4.098595965841337,322.82577878161464
424.0,-14.296716362767988,3.6567111171396665,337.29968056070004,326.6596753150717,4.098595965841337,322.56107934923034
425.0,-14.258490894196255,3.5243058381956196,336.87722255138175,326.1430374953811,4.098595965841337,322.04444152953977
426.0,-14.218286992765583,3.3911720783960853,336.2110012784765,325.383886364107,4.098595965841337,321.28529039826566
427.0,-14.176110179081489,3.257318818533287,335.31092918804615,324.39213782749795,4.098595965841337,320.2935418616566
428.0,-14.131966283576313,3.1227550088144618,334.1873351909628,323.17812391620095,4.098595965841337,319.0795279503596
429.0,-14.085861445935839,2.987489564796884,332.8508903298972,321.7525184487582,4.098595965841337,317.65392248291687
430.0,-14.037802114461632,2.8515313631650696,331.3125344537228,320.12626370242623,4.098595965841337,316.0276677365849
431.0,-13.987795045369376,2.7148892373418034,329.58340449993955,318.31049869191196,4.098595965841337,314.2119027260706
432.0,-13.93584730202292,2.577571972924035,327.6747649429843,316.31648961388544,4.098595965841337,312.2178936480441
433.0,-13.881966254104109,2.439588302933323,325.5979409186067,314.1555629674359,4.098595965841337,310.05696700159456
434.0,-13.826159576718393,2.3009469028710123,323.3642544826548,311.83904180880745,4.098595965841337,307.7404458429661
435.0,-13.768435249436296,2.161656385566991,320.984964407469,309.3781855435997,4.098595965841337,305.2795895777584
436.0,-13.708801555270613,2.0217252958094463,318.4712098614766,306.78413360201546,4.098595965841337,302.6855376361741
437.0,-13.647267079589673,1.8811621047435183,315.83395825841933,304.0678532835732,4.098595965841337,299.96925731773183
438.0,-13.583840708966516,1.7399752040247307,313.0839575027801,301.2400919978383,4.098595965841337,297.14149603199695
439.0,-13.518531629964187,1.5981728997120415,310.2316927983004,298.31133406804827,4.098595965841337,294.2127381022069
440.0,-13.451349327857358,1.4557634058852489,307.28734812780226,295.29176220583014,4.098595965841337,291.1931662399888
441.0,-13.382303585290282,1.312754837968891,304.2607724556467,292.1912237083253,4.098595965841337,288.09262774248396
442.0,-13.31140448087138,1.1691552057439962,301.161450649792,289.01920137466465,4.098595965841337,284.9206054088233
443.0,-13.23866238770448,1.024972406028172,297.9984790692241,285.78478908754784,4.098595965841337,281.6861931217065
444.0,-13.164087971857262,0.8802142150016009,294.78054571507164,282.496671958216,4.098595965841337,278.39807599237463
445.0,-13.087692190766601,0.7348882801554891,291.51591480049933,279.16311088988823,4.098595965841337,275.0645149240469
446.0,-13.00948629158165,0.5890021118374528,288.21241555586215,275.79193137611793,4.098595965841337,271.6933354102766
447.0,-12.92948180944442,0.442563074366144,284.8774350519092,272.3905163168309,4.098595965841337,268.2919203509895
448.0,-12.847690565708449,0.29557837668412495,281.5179147952375,268.9658026062132,4.098595965841337,264.8672066403718
449.0,-12.764124666095645,0.14805506251668252,278.1403508268109,265.5242812232319,4.098595965841337,261.42568525739057
450.0,-12.678796498791884,4.683191197380054e-15,274.75079703618417,262.0720005373923,4.098595965841337,257.97340457155093
451.0,-12.591718732481205,-0.14858012926062694,271.35487139102605,258.6145725292842,4.098595965841337,254.51597656344288
452.0,-12.502904314319416,-0.29767884174593956,267.95776477343685,255.1571816173715,4.098595965841337,251.05858565153017
453.0,-12.412366467847166,-0.4472898642383999,264.5642521111872,251.70459577910165,4.098595965841337,247.60599981326033
454.0,-12.320118690842815,-0.5974071467512572,260.96011463245054,248.04258879485647,4.098595965841337,243.94399282901514
455.0,-12.226174753115513,-0.7480248762276295,257.35586403667276,244.38166440732962,4.098595965841337,240.2830684414883
456.0,-12.130548694238833,-0.8991374910737332,253.79878791845616,240.7691017331436,4.098595965841337,236.67050576730227
457.0,-12.033254821225167,-1.0507396965962326,250.2887416283523,237.20474711053092,4.098595965841337,233.1061511446896
458.0,-11.934307706141379,-1.2028264814212177,246.82553163292943,233.68839744536683,4.098595965841337,229.5898014795255
459.0,-11.83372218366592,-1.355393134980792,243.40891989847304,230.21980457982633,4.098595965841337,226.121208613985
460.0,-11.731513348587693,-1.5084352661635996,240.0386279715395,226.79867935678823,4.098595965841337,222.7000833909469
461.0,-11.627696553247066,-1.661948823235128,236.71434077497508,223.4246953984929,4.098595965841337,219.32609943265157
462.0,-11.522287404919243,-1.815930115146356,233.43571013704306,220.09749261697746,4.098595965841337,215.99889665113614
463.0,-11.4153017631402,-1.970375834363501,230.2023580703613,216.8166804728576,4.098595965841337,212.71808450701627
464.0,-11.30675573697547,-2.125283081365339,227.0138798164394,213.5818409980986,4.098595965841337,209.4832450322573
465.0,-11.196665682231995,-2.280649390972275,223.8698466707338,210.39253159752954,4.098595965841337,206.2939356316882
466.0,-11.085048198613064,-2.4364727606893237,220.76980860229295,207.24828764299056,4.098595965841337,203.14969167714924
467.0,-10.97192012681657,-2.5927516812630147,217.71329668126458,204.14862487318499,4.098595965841337,200.05002890734366
468.0,-10.857298545576606,-2.7494851696723748,214.6998253267586,201.09304161150962,4.098595965841337,196.9944456456683
469.0,-10.741200768648353,-2.906672804790111,211.72889438683606,198.0810208133976,4.098595965841337,193.98242484755627
470.0,-10.622539349620146,-3.0643147659600225,208.79999106168225,195.1131369461021,4.098595965841337,191.01454098026076
471.0,-10.501107128391793,-3.2224118747351627,205.91259168036572,192.18907267723876,4.098595965841337,188.09047671139743
472.0,-10.377692354211938,-3.380965639990693,203.06616334095128,189.30750534674866,4.098595965841337,185.20890938090733
473.0,-10.252695027565464,-3.539978306542851,200.26016542313363,186.4674920890253,4.098595965841337,182.368896123184
474.0,-10.126319555299748,-3.699452907220454,197.49405098199605,183.66827851947585,4.098595965841337,179.56968255363452
475.0,-9.998673089923786,-3.859393317949825,194.76726803095954,180.90920162308592,4.098595965841337,176.8106056572446
476.0,-9.869815395803581,-4.019804314621706,192.07926072148277,178.1896410110575,4.098595965841337,174.09104504521616
477.0,-9.739783714533466,-4.180691628875146,189.42947042659534,175.50899508318673,4.098595965841337,171.4103991173454
478.0,-9.608604888519439,-4.342061996446526,186.81733673489688,172.86666984993093,4.098595965841337,168.7680738840896
479.0,-9.47630112132721,-4.5039231838997384,184.242298361229,170.26207405600204,4.098595965841337,166.1634780901607
480.0,-9.342892638980702,-4.666283960551227,181.70379397982842,167.69461738029648,4.098595965841337,163.59602141445515
481.0,-9.208398883803921,-4.829153930900538,179.20126298539418,165.1637101706897,4.098595965841337,161.06511420484838
482.0,-9.072839034316988,-4.992542978191039,176.73414618714764,162.66876417463962,4.098595965841337,158.5701682087983
483.0,-8.936232225835681,-5.156459378512871,174.30188644063261,160.20919483628407,4.098595965841337,156.11059887044274
484.0,-8.798597643347094,-5.320900308209663,171.90392922169102,157.78443127013426,4.098595965841337,153.68583530429294
485.0,-8.659954563034567,-5.485711080136495,169.53972314675738,155.3940575035863,4.098595965841337,151.29546153774498
486.0,-8.520322375914066,-5.651089473054725,167.2087204433409,153.0373085943721,4.098595965841337,148.93871262853077
487.0,-8.379720608766576,-5.817188420349823,164.91037737430608,150.71346834518968,4.098595965841337,146.61487237934836
488.0,-8.238168950740642,-5.984084235670815,162.64415461932256,148.4219014329111,4.098595965841337,144.3233054670698
489.0,-8.095687292855045,-6.151842392217392,160.40951761662924,146.1619879315568,4.098595965841337,142.06339196571548
490.0,-7.952295790196789,-6.320525242699051,158.20593686804466,143.9331158351488,4.098595965841337,139.83451986930748
491.0,-7.80801496339237,-6.490117458900192,156.0328882099595,141.73475578766696,4.098595965841337,137.63615982182563
492.0,-7.662865870145567,-6.660578329995006,153.8898530528602,139.5664088527196,4.098595965841337,135.46781288687828
493.0,-7.51687040763836,-6.831931676347705,151.77631859176117,137.4275165077751,4.098595965841337,133.32892054193377
494.0,-7.370051873404163,-7.004201574285693,149.69177798975906,135.3175245420692,4.098595965841337,131.21892857622788
495.0,-7.222436072161156,-7.1774123636902605,147.63573053677138,133.23588210091995,4.098595965841337,129.13728613507863
496.0,-7.0740536742539595,-7.351588655649861,145.60768178538186,131.18203945547805,4.098595965841337,127.08344348963671
497.0,-6.924945754484058,-7.526755340197808,143.60714366557974,129.1554425708979,4.098595965841337,125.05684660505655
498.0,-6.775178587709241,-7.702937594148777,141.63363458005873,127.15551839820071,4.098595965841337,123.05692243235937
499.0,-6.6248911802366575,-7.880160889042808,139.68667948162428,125.18162741234482,4.098595965841337,121.08303144650348
500.0,-6.47450410883152,-8.058450999203307,137.7658099341514,123.23285482611658,4.098595965841337,119.13425886027524
501.0,-6.327268780727039,-8.237834009914053,135.87056415843213,121.30546136779104,4.098595965841337,117.2068654019497
502.0,-6.186787009992131,-8.418336325720338,134.000487064161,119.39536372844853,4.098595965841337,115.29676776260719
503.0,-6.039130608731463,-8.599984678857284,132.1551302692153,117.51601498162655,4.098595965841337,113.41741901578521
504.0,-5.889655486011053,-8.78280613780948,130.33405210730845,115.66159048348791,4.098595965841337,111.56299451764657
505.0,-5.741465572339117,-8.966828116005118,128.5368176250156,113.82852393667136,4.098595965841337,109.72992797083002
506.0,-5.587135711768476,-9.152078380647955,126.76299856910065,112.02378447668421,4.098595965841337,107.92518851084287
507.0,-5.4302820006510695,-9.338585061689951,125.01217336500777,110.24330630266675,4.098595965841337,106.14471033682541
508.0,-5.271911404185623,-9.526376660948296,123.28392708731658,108.48563902218267,4.098595965841337,104.38704305634133
509.0,-5.11241920153944,-9.715482061368812,121.57785142290442,106.74995015999616,4.098595965841337,102.65135419415482
510.0,-4.952019060415037,-9.90593053643942,119.89354462750372,105.03559503064926,4.098595965841337,100.93699906480792
511.0,-4.790850849026456,-10.097751759756381,118.20543115826527,103.31682854948244,4.098595965841337,99.2182325836411
512.0,-4.629016873906963,-10.290975814745833,116.49003780477673,101.57004511612394,4.098595965841337,97.4714491502826
513.0,-4.466596885862243,-10.485633204543277,114.75007248560429,99.79784239519877,4.098595965841337,95.69924642935743
514.0,-4.3036550521203285,-10.681754862034314,112.98817554359205,98.0027656294374,4.098595965841337,93.90416966359606
515.0,-4.1402431115558995,-10.879372160058509,111.20691684188334,96.18730157026893,4.098595965841337,92.08870560442759
516.0,-3.9764011662563674,-11.078516921778924,109.40879325562008,94.35387516758479,4.098595965841337,90.25527920174345
517.0,-3.8121564944725685,-11.27922143122039,107.59622654172958,92.50484861603661,4.098595965841337,88.40625265019527
518.0,-3.6475202187881135,-11.481518443977977,105.77156156876006,90.64252290599397,4.098595965841337,86.54392694015263
519.0,-3.4824801906066956,-11.68544119809822,103.93706488842491,88.76914349972,4.098595965841337,84.67054753387866
520.0,-3.3169642010566456,-11.891023425135527,102.09492363034494,86.88693600415276,4.098595965841337,82.78834003831142
521.0,-3.151465151688815,-12.098299361384795,100.24724470142714,84.99748018835352,4.098595965841337,80.89888422251218
522.0,-2.9876756489175715,-12.307303759292784,98.39605427137992,83.10107486316957,4.098595965841337,79.00247889732823
523.0,-2.8229895664972413,-12.518071899049817,96.54329752602098,81.20223606047392,4.098595965841337,77.10364009463258
524.0,-2.657452160472338,-12.730639600362496,94.6908386702794,79.30274690944458,4.098595965841337,75.20415094360324
525.0,-2.491407897306938,-12.945043234409447,92.84046116311532,77.40401003139894,4.098595965841337,73.3054140655576
526.0,-2.3251305346606825,-13.161319735980804,90.9938681669707,75.50741789632922,4.098595965841337,71.40882193048787
527.0,-2.158752663566886,-13.379506615802118,89.15268319481372,73.61442391544472,4.098595965841337,69.51582794960338
528.0,-1.9923054240005331,-13.599641973042843,87.31845093833527,71.7265035412919,4.098595965841337,67.62790757545056
529.0,-1.8257942605116946,-13.821764508010501,85.49263826139834,69.84507949287615,4.098595965841337,65.74648352703481
530.0,-1.6592368222800125,-14.045913535029369,83.67663534341443,67.97148498610505,4.098595965841337,63.87288902026371
531.0,-1.4926657087231152,-14.272128995503785,81.87175695792206,66.10696225369516,4.098595965841337,62.00836628785382
532.0,-1.3261218025764743,-14.500451471165018,80.07924387226703,64.25267059852554,4.098595965841337,60.1540746326842
533.0,-1.1596492340036264,-14.730922197500501,78.3002643549208,62.40969292341667,4.098595965841337,58.31109695757533
534.0,-0.9932928792795559,-14.963583077363412,76.5359157776223,60.579039820979325,4.098595965841337,56.48044385513799
535.0,-0.8270972251572148,-15.198476694761052,74.78722630018126,58.761652380262994,4.098595965841337,54.66305641442166
536.0,-0.6611057932499195,-15.435646328818294,73.05515662643484,56.95840450436663,4.098595965841337,52.859808538525286
537.0,-0.4953607710756726,-15.675135967913507,71.34060182050165,55.17010508151247,4.098595965841337,51.071509115671134
538.0,-0.32990271710166397,-15.916990323982917,69.64439317312043,53.39750013203585,4.098595965841337,49.29890416619452
539.0,-0.16477029214759378,-16.161254846988555,67.96730010849615,51.64127496936,4.098595965841337,47.54267900351866
540.0,-3.464380546665228e-15,-16.407975739544227,66.31003212269955,49.902056383155326,4.098595965841337,45.803460417313985
541.0,0.16437406869481483,-16.6571999716942,64.67324074527424,48.18041484227486,4.098595965841337,44.081818876433516
542.0,0.3283204906230042,-16.908975295836772,63.057521516298316,46.47686671108455,4.098595965841337,42.37827074524321
543.0,0.49181076128169304,-17.16335026178489,61.4634159717205,44.79187647121731,4.098595965841337,40.69328050537597
544.0,0.6548195417601976,-17.420374231955655,59.89141363034788,43.12585894015242,4.098595965841337,39.027262974311085
545.0,0.817324898142161,-17.68009739667785,58.34195397639513,41.47918147785944,4.098595965841337,37.3805855120181
546.0,0.9793085304647142,-17.942570789606627,56.815428432019466,39.85216617287755,4.098595965841337,35.75357020703622
547.0,1.14075598807637,-18.20784630323361,55.312182314758154,38.245091999600916,4.098595965841337,34.146496033759576
548.0,1.3016568684768608,-18.47597670447743,53.8325167752536,36.65819693925303,4.098595965841337,32.55960097341169
549.0,1.4620049974499882,-18.747015650340703,52.3766907110993,35.09168005820858,4.098595965841337,30.993084092367244
550.0,1.6217985898358487,-19.021017703616423,50.94492265306461,33.545703539284034,4.098595965841337,29.447107573442697
551.0,1.7810403933340675,-19.298038348624768,49.53739262035869,32.02039466506798,4.098595965841337,27.921798699226645
552.0,1.939737823867568,-19.57813400696083,48.15424394197372,30.515847758880454,4.098595965841337,26.417251793039117
553.0,2.0979031140919258,-19.861362053231083,46.79558504150644,29.032126102367286,4.098595965841337,24.93353013652595
554.0,2.2555535265729802,-20.14778083075411,45.461491183193665,27.569263879012535,4.098595965841337,23.470667913171198
555.0,2.412711758504568,-20.437449667198813,44.15200617721285,26.127268268518602,4.098595965841337,22.028672302677265
556.0,2.569406877544346,-20.73042889013233,42.86714404259436,24.706122030006377,4.098595965841337,20.60752606416504
557.0,2.725676823323523,-21.026779842445155,41.60689062636775,23.305787607246117,4.098595965841337,19.20719164140478
558.0,2.8815762781252126,-21.326564897619583,40.37120517781971,21.92621655832534,4.098595965841337,17.827620592484003
559.0,3.0372086101415827,-21.629847474804507,39.16002187697965,20.567383012316725,4.098595965841337,16.468787046475388
560.0,3.1929477745433332,-21.936692053655808,37.97325131666862,19.22950703755615,4.098595965841337,15.130911071714813
561.0,3.351121515389469,-22.247164188898548,36.81078193764941,17.91473926414033,4.098595965841337,13.816143298298993
562.0,3.507290103318927,-22.56133052456389,35.672481416602,16.618440995357034,4.098595965841337,12.519845029515697
563.0,3.662591031594579,-22.879258807848164,34.558198006820284,15.3415302305667,4.098595965841337,11.242934264725363
564.0,3.814870218562895,-23.2010179025394,33.467761831680214,14.081614147703707,4.098595965841337,9.98301818186237
565.0,3.9657576496500075,-23.526677801950537,32.4009861310722,12.840065978771673,4.098595965841337,8.741470012930336
566.0,4.116126111093974,-23.85630964129402,31.35766846111914,11.617484930919098,4.098595965841337,7.51888896507776
567.0,4.261080438825596,-24.189985709427017,30.337591847616736,10.408686577015317,4.098595965841337,6.31009061117398
568.0,4.4142136948451665,-24.52777945989208,29.340525893736434,9.22696012868952,4.098595965841337,5.128364162848182
569.0,4.5676258802045,-24.86976552116999,28.366227842625293,8.0640882016598,4.098595965841337,3.9654922358184628
570.0,4.7166357843366535,-25.216019706056912,27.414443595617733,6.915059673897474,4.098595965841337,2.816463708056137
571.0,4.86333409601826,-25.566619020069773,26.484908686847614,5.781623762796102,4.098595965841337,1.6830277969547645
572.0,5.008333216172861,-25.921641668767144,25.577349215111784,4.6640407625175015,4.098595965841337,0.5654447966761644
573.0,5.151753257320084,-26.28116706296312,24.69148273389165,3.562068928248614,4.098595965841337,-0.5365270375927231
574.0,5.293592720354871,-26.645275822163967,23.827019100484637,2.4753359986755434,4.098595965841337,-1.6232599671657937
575.0,5.4338188742892255,-27.014049779744752,22.983661285238515,1.4034303797829892,4.098595965841337,-2.695165586058348
576.0,5.5723891803431815,-27.38757198505869,22.161106141912846,0.34592333719734114,4.098595965841337,-3.752672628643996
577.0,5.709256949539995,-27.76592670353472,21.359045140218438,-0.6976246137762878,4.098595965841337,-4.796220579617625
578.0,5.844373075999198,-28.14919941489176,20.57716506160615,-1.7276612772864155,4.098595965841337,-5.826257243127753
579.0,5.977686677827045,-28.53747680929916,19.81514865939171,-2.7446414720804064,4.098595965841337,-6.8432374379217435
580.0,6.109145396501977,-28.930846781297245,19.072675284312638,-3.749026100482631,4.098595965841337,-7.847622066323968
581.0,6.238695575363334,-29.32939842127941,18.349421476620204,-4.741281369295873,4.098595965841337,-8.83987733513721
582.0,6.366282388856779,-29.733222004320968,17.6450615258104,-5.721878089653789,4.098595965841337,-9.820474055495126
583.0,6.491849948439751,-30.142408976127115,16.95926799909578,-6.691291028591586,4.098595965841337,-10.789886994432923
584.0,6.615341395772508,-30.557051935851767,16.29171223971551,-7.649998300363752,4.098595965841337,-11.748594266205089
585.0,6.736698988266823,-30.977244615523613,15.642064836172032,-8.598480791084757,4.098595965841337,-12.697076756926094
586.0,6.855864179842747,-31.403081855795445,15.009996063471972,-9.537221612480726,4.098595965841337,-13.635817578322063
587.0,6.9727776987450065,-31.83465957771219,14.395176297435885,-10.4667055815313,4.098595965841337,-14.565301547372638
588.0,7.087379623755074,-32.27207475017055,13.797276403125826,-11.387418723289654,4.098595965841337,-15.486014689130991
589.0,7.199609459827311,-32.71542535272114,13.215968098422163,-12.299847794471667,4.098595965841337,-16.398443760313004
590.0,7.30940621396963,-33.16481033333595,12.65092429376295,-13.20447982560337,4.098595965841337,-17.303075791444705
591.0,7.416708472034449,-33.62032956073982,12.101819409038056,-14.101801679667313,4.098595965841337,-18.20039764550865
592.0,7.52145447696377,-34.082083770874384,11.56833083178906,-14.992298462121555,4.098595965841337,-19.090894427962894
593.0,7.623582208931656,-34.55017450703218,11.050177728686851,-15.876414569413676,4.098595965841337,-19.975010535255013
594.0,7.72302946774303,-35.02470405316509,10.547135763760561,-16.754538821661498,4.098595965841337,-20.853134787502835
595.0,7.819733957774881,-35.50577535983924,10.058976544455643,-17.62706485760872,4.098595965841337,-21.725660823450056
596.0,7.913633375682804,-35.993491962266404,9.585463209492474,-18.494395377091127,4.098595965841337,-22.592991342932464
597.0,8.004665501039774,-36.487957889806125,9.126350534268566,-19.356941854497784,4.098595965841337,-23.45553782033912
598.0,8.095006085651747,-36.98927756628793,8.681385038872362,-20.21288644176382,4.098595965841337,-24.31148240760516
599.0,8.186488520589446,-37.49755570045839,8.250305096295332,-21.060762083573614,4.098595965841337,-25.15935804941495
600.0,8.278638138127796,-38.01289716580929,7.8328410405101545,-21.901417987171342,4.098595965841337,-26.00001395301268
601.0,8.371084624123874,-38.53540686899255,7.428715274177634,-22.735606970691045,4.098595965841337,-26.83420293653238
602.0,8.463534878812306,-39.06518960597031,7.037642375693444,-23.564012351464562,4.098595965841337,-27.6626083173059
603.0,8.555754118398523,-39.60234990499359,6.65932920522903,-24.387266581366035,4.098595965841337,-28.485862547207372
604.0,8.64755234461489,-40.14699185543904,6.293475009360961,-25.20596450146319,4.098595965841337,-29.304560467304526
605.0,8.73877443444858,-40.699218921466624,5.939771523819749,-26.020672963198294,4.098595965841337,-30.11926892903963
606.0,8.829292742797277,-41.259133739393434,5.597903073822513,-26.83193792277364,4.098595965841337,-30.930533888614978
607.0,8.919001492304295,-41.8268378976032,5.267546671385515,-27.640289733913388,4.098595965841337,-31.738885699754725
608.0,9.007812460677885,-42.40243169773204,4.948372108943685,-28.44624712811047,4.098595965841337,-32.54484309395181
609.0,9.095651626731081,-42.98601389578757,4.640042048535906,-29.25032022052058,4.098595965841337,-33.34891618636192
610.0,9.182456535673372,-43.57768142177231,4.342212105749314,-30.053012780349622,4.098595965841337,-34.15160874619096
611.0,9.268174211160567,-44.17752907628493,4.054530927556926,-30.85482393756743,4.098595965841337,-34.95341990340877
612.0,9.352759487788957,-44.78564920247754,3.776640263132701,-31.656249451555883,4.098595965841337,-35.75484541739722
613.0,9.436173670187292,-45.40213133164118,3.5081750266929475,-32.45778263476094,4.098595965841337,-36.55637860060227
614.0,9.518383448084691,-46.02706180058209,3.248763351398893,-33.259915001098506,4.098595965841337,-37.358510966939846
615.0,9.599360013604787,-46.66052333883537,2.998026633370687,-34.063136691859896,4.098595965841337,-38.161732657701236
616.0,9.679078339463008,-47.30259462364188,2.7555795649201777,-34.8679367192587,4.098595965841337,-38.966532685100034
617.0,9.757516586010059,-47.953349800483764,2.5210301562254216,-35.67480305824829,4.098595965841337,-39.77339902408963
618.0,9.834655612051785,-48.61285796684325,2.2939797448658727,-36.484222609925595,4.098595965841337,-40.582818575766936
619.0,9.910478569696023,-49.28118261670685,2.0740229929481218,-37.2966810540627,4.098595965841337,-41.39527701990404
620.0,9.984970567565739,-49.9583810431913,1.8607478720268624,-38.1126626035987,4.098595965841337,-42.211258569440034
621.0,10.058118389885237,-50.644503696514434,1.653735636739681,-38.932649669889514,4.098595965841337,-43.031245635730855
622.0,10.129910261418344,-51.33959349437785,1.4525607891464167,-39.75712244381309,4.098595965841337,-43.85571840965443
623.0,10.200335650179698,-52.043685081660776,1.2567910373878137,-40.58655839409327,4.098595965841337,-44.6851543599346
624.0,10.269385101375777,-52.75680403615747,1.0659872547784897,-41.4214316800032,4.098595965841337,-45.520027645844536
625.0,10.33705009725349,-53.47896601691492,0.8797034493979323,-42.2622124702635,4.098595965841337,-46.36080843610483
626.0,10.403322938509291,-54.210175851549074,0.6974867606828583,-43.10936615235693,4.098595965841337,-47.20796211819827
627.0,10.468196643695645,-54.95042655873451,0.5188775104579313,-43.96335240458094,4.098595965841337,-48.06194837042227
628.0,10.531664863693454,-55.69969830188011,0.3434093553356323,-44.824624082851024,4.098595965841337,-48.92322004869236
629.0,10.593721808831043,-56.457957269812354,0.17060962428021523,-45.693625836701095,4.098595965841337,-49.79222180254243
630.0,10.654362186646154,-57.22515448010571,1.785842194450572e-15,-46.570792293459554,4.098595965841337,-50.66938825930089
631.0,10.713581148627728,-58.00122450051335,-0.16890213119776115,-47.45654548308338,4.098595965841337,-51.555141448924715
632.0,10.771374244551593,-58.78608408376763,-0.33658092619311836,-48.35129076540916,4.098595965841337,-52.4498867312505
633.0,10.82773738325325,-59.57963071084895,-0.5035160320996555,-49.255409359695356,4.098595965841337,-53.35400532553669
634.0,10.882666798869106,-60.38174103765266,-0.6701675025893475,-50.1692417413729,4.098595965841337,-54.26783770721424
635.0,10.936159021732918,-61.19226923983023,-0.8369339826397245,-51.09304420073704,4.098595965841337,-55.19164016657838
636.0,10.988210853243638,-62.01104525044149,-1.0040038185595908,-52.026838215757444,4.098595965841337,-56.12543418159878
637.0,11.038819344127505,-62.837872884940595,-1.170944398135754,-52.96999793894884,4.098595965841337,-57.06859390479018
638.0,11.087981775607128,-63.67252784792107,-1.3377626029918814,-53.92230867530582,4.098595965841337,-58.020904641147155
639.0,11.135695643064246,-64.51475561598767,-1.5044511501517546,-54.88351112307517,4.098595965841337,-58.98210708891651
640.0,11.181958641846036,-65.36426919109832,-1.6709720270882702,-55.85328257634055,4.098595965841337,-59.95187854218189
641.0,11.226768654916459,-66.22074671874066,-1.8372960242655008,-56.8312740880897,4.098595965841337,-60.92987005393104
642.0,11.270123742098868,-67.08382896538534,-2.0034001208290824,-57.817105344115554,4.098595965841337,-61.91570130995689
643.0,11.312022130692823,-67.95311664979728,-2.169263270945411,-58.81035779004986,4.098595965841337,-62.908953755891204
644.0,11.352462207279654,-68.82816762299838,-2.3348649057235975,-59.81057032144232,4.098595965841337,-63.909166287283654
645.0,11.39144251055756,-69.70849389197977,-2.500184530171845,-60.817235911594054,4.098595965841337,-64.9158318774354
646.0,11.42896172507007,-70.59355848266033,-2.665201624557916,-61.82979838214818,4.098595965841337,-65.92839434798951
647.0,11.465018675710114,-71.48277213810486,-2.829895623572286,-62.847649085967035,4.098595965841337,-66.94624505180838
648.0,11.49961232289878,-72.37548984866457,-2.9942459151641683,-63.87012344092996,4.098595965841337,-67.9687194067713
649.0,11.532741758351507,-73.27100721150391,-3.158231844296143,-64.89649729744855,4.098595965841337,-68.99509326328989
650.0,11.564406201356217,-74.16855661794517,-3.3218327178255103,-65.92598313441447,4.098595965841337,-70.0245791002558
651.0,11.594604995498155,-75.06730326822762,-3.485027809541441,-66.9577260822709,4.098595965841337,-71.05632204811224
652.0,11.623337605774903,-75.96634101466019,-3.6477963651265615,-67.99079977401185,4.098595965841337,-72.08939573985319
653.0,11.650603616052377,-76.86468803576784,-3.8101176070037055,-69.02420202671917,4.098595965841337,-73.1227979925605
654.0,11.676402726819106,-77.76128234592922,-3.971970739075183,-70.0568503581853,4.098595965841337,-74.15544632402664
655.0,11.700734753201651,-78.6549771471984,-4.1333349513694975,-71.08757734536623,4.098595965841337,-75.18617331120757
656.0,11.723599623208779,-79.5445360325298,-4.294189424608866,-72.11512583392988,4.098595965841337,-76.21372179977122
657.0,11.744997376175789,-80.42862805251866,-4.454513334707949,-73.13814401105083,4.098595965841337,-77.23673997689217
658.0,11.764928161384786,-81.30582266105924,-4.614285857211824,-74.15518035688628,4.098595965841337,-78.25377632272762
659.0,11.783392236838639,-82.17458455904419,-4.77348617167897,-75.16467849388452,4.098595965841337,-79.26327445972586
660.0,11.800389968170027,-83.03326845941793,-4.932093466014055,-76.16497195726195,4.098595965841337,-80.2635679231033
661.0,11.815921827668836,-83.8801138015846,-5.090086940754202,-77.15427891466997,4.098595965841337,-81.25287488051131
662.0,11.829988393413077,-84.7132394483919,-5.247445813311741,-78.13069686829057,4.098595965841337,-82.22929283413191
663.0,11.842590348490676,-85.53063840468786,-5.404149322175964,-79.09219737837316,4.098595965841337,-83.1907933442145
664.0,11.853728480300672,-86.33017260281498,-5.560176731076192,-80.0366208535905,4.098595965841337,-84.13521681943185
665.0,11.863403679923788,-87.1095678073657,-5.715507333107938,-80.96167146054985,4.098595965841337,-85.06026742639119
666.0,11.871616941553587,-87.86640869910309,-5.870120454823898,-81.86491221237341,4.098595965841337,-85.96350817821475
667.0,11.878369361980472,-88.598134206132,-6.023995460291358,-82.74376030444289,4.098595965841337,-86.84235627028423
668.0,11.883662140121453,-89.30203315919064,-6.177111755117325,-83.59548277418651,4.098595965841337,-87.69407874002785
669.0,11.88749657658973,-89.9752403572775,-6.329448790442576,-84.41719257113034,4.098595965841337,-88.51578853697168
670.0,11.889874073298547,-90.61473313968942,-6.480986066905987,-85.20584513329686,4.098595965841337,-89.3044410991382
671.0,11.89079613309465,-91.21732857084695,-6.631703138579909,-85.9582355763322,4.098595965841337,-90.05683154217354
672.0,11.890264359416804,-91.77968135492178,-6.781579616877753,-86.67099661238272,4.098595965841337,-90.76959257822406
673.0,11.888280455975956,-92.29828260812218,-6.930595174434619,-87.34059732658083,4.098595965841337,-91.43919329242217
674.0,11.884846226453258,-92.76945962736389,-7.078729548961736,-87.96334294987236,4.098595965841337,-92.0619389157137
675.0,11.879963574213228,-93.18937680474538,-7.225962547075497,-88.53537577760765,4.098595965841337,-92.633971743449
676.0,11.87363450202915,-93.5540378474983,-7.372274048101819,-89.05267739357096,4.098595965841337,-93.1512733594123
677.0,11.865861111818539,-93.85928947258384,-7.517644007856368,-89.51107236862167,4.098595965841337,-93.60966833446301
678.0,11.856645604386204,-94.10082675349965,-7.662052462401213,-89.90623361151466,4.098595965841337,-94.004829577356
679.0,11.845990279173334,-94.27420030372143,-7.805479531778596,-90.2336895563267,4.098595965841337,-94.33228552216804
680.0,11.833897534010598,-94.374825486064,-7.947905423722061,-90.48883337577546,4.098595965841337,-94.5874293416168
681.0,11.820369864873896,-94.39799383957138,-8.089310437345498,-90.66693441204299,4.098595965841337,-94.76553037788433
682.0,11.805409865641264,-94.33888691475103,-8.229674966810478,-90.76315201592024,4.098595965841337,-94.86174798176158
683.0,11.789020227849788,-94.19259270343142,-8.368979504972176,-90.7725519805538,4.098595965841337,-94.87114794639514
684.0,11.77120374045122,-93.95412484056727,-8.507204647004118,-90.69012574712018,4.098595965841337,-94.78872171296152
685.0,11.75196328956557,-93.61844474126475,-8.644331094002204,-90.51081254570138,4.098595965841337,-94.60940851154272
686.0,11.731301858231447,-93.18048681645863,-8.780339656567973,-90.22952461479515,4.098595965841337,-94.3281205806365
687.0,11.709222526152473,-92.63518688436118,-8.915211258371428,-89.84117561658013,4.098595965841337,-93.93977158242147
688.0,11.685728469439175,-91.97751386141678,-9.048926939693622,-89.34071233167123,4.098595965841337,-93.43930829751257
689.0,11.66082296034523,-91.20250477549256,-9.18146786094892,-88.72314967609626,4.098595965841337,-92.8217456419376
690.0,11.634509366997953,-90.30530940074466,-9.312815306187202,-87.9836153399339,4.098595965841337,-92.08221130577525
691.0,11.606791153122083,-89.28120658249128,-9.44295068657597,-87.11736611594516,4.098595965841337,-91.2159620817865
692.0,11.57767187775656,-88.12568686738103,-9.57185554386236,-86.11987053348683,4.098595965841337,-90.21846649932817
693.0,11.547155194963688,-86.83447482402622,-9.699511553815082,-84.98683118287761,4.098595965841337,-89.08542714871895
694.0,11.515244853530307,-85.40358563497306,-9.825900529646242,-83.714241311089,4.098595965841337,-87.81283727693034
695.0,11.481944696660674,-83.82937762434939,-9.95100442541296,-82.29843735310168,4.098595965841337,-86.39703331894302
696.0,11.447258661660223,-82.10860658743343,-10.074805339398672,-80.73615326517188,4.098595965841337,-84.83474923101322
697.0,11.411190779610719,-80.23848136258137,-10.197285517474084,-79.02457610044473,4.098595965841337,-83.12317206628607
698.0,11.373745175035417,-78.21671998910244,-10.318427356437494,-77.16140217050452,4.098595965841337,-81.25999813634586
699.0,11.334926065554775,-76.04160569954855,-10.438213407334393,-75.14489304132817,4.098595965841337,-79.24348900716952
700.0,11.294737761531987,-73.71204190464623,-10.556626378756247,-72.97393052187049,4.098595965841337,-77.07252648771183
701.0,11.253184665708197,-71.22760524726996,-10.673649140117993,-70.64806972167976,4.098595965841337,-74.7466656875211
702.0,11.210271272827057,-68.58859573224875,-10.789264724914265,-68.16758918433595,4.098595965841337,-72.2661851501773
703.0,11.166002169248491,-65.79690559802732,-10.903456333953965,-65.53435976273279,4.098595965841337,-69.63295572857413
704.0,11.120382032551303,-62.858214693277546,-11.016207338572983,-62.75403999929922,4.098595965841337,-66.85263596514056
705.0,11.073415631124407,-59.77896646718918,-11.127501283824559,-59.83305211988933,4.098595965841337,-63.93164808573067
706.0,11.025107823746517,-56.56540943449589,-11.237321891647339,-56.777623502396715,4.098595965841337,-60.87621946823805
707.0,10.975463559154095,-53.223533223260546,-11.345653064010444,-53.593722728116894,4.098595965841337,-57.69231869395823
708.0,10.924487875596949,-49.75900411047046,-11.452478886035347,-50.286995120908855,4.098595965841337,-54.385591086750196
709.0,10.87218590038208,-46.17710151383999,-11.557783629094295,-46.86269924255221,4.098595965841337,-50.96129520839355
710.0,10.818562849404488,-42.482657005297646,-11.661551753884616,-43.325645909777776,4.098595965841337,-47.42424187561912
711.0,10.763624026665655,-38.67999747320158,-11.763767913478823,-39.68014136001475,4.098595965841337,-43.778737325856085
712.0,10.707374823778881,-34.772894080596224,-11.864416956349864,-35.92993621316721,4.098595965841337,-40.02853217900855
713.0,10.649820719461529,-30.764518641126767,-11.963483929371206,-32.07818185103645,4.098595965841337,-36.17677781687779
714.0,10.590967279013853,-26.657408959393848,-12.060954080791232,-28.12739576117123,4.098595965841337,-32.22599172701257
715.0,10.530820153784136,-22.45344455715553,-12.156812863181667,-24.079437266553064,4.098595965841337,-28.1780332323944
716.0,10.469385080620002,-18.153834031492433,-12.251045936359294,-19.935494887231727,4.098595965841337,-24.034090853073064
717.0,10.406667881305564,-13.759115068599689,-12.34363917028064,-15.696086357574766,4.098595965841337,-19.794682323416104
718.0,10.342674461984215,-9.269167872189184,-12.434578647909197,-11.361072058114166,4.098595965841337,-15.459668023955503
719.0,10.277410812566696,-4.683242465556373,-12.523850668054465,-6.929682321044141,4.098595965841337,-11.028278286885477
720.0,10.210883006124362,0.0,-12.611441748182507,-2.400558742058145,4.098595965841337,-6.499154707899482
721.0,10.143097198267121,4.782432140241462,-12.697338627197334,2.228190711311248,4.098595965841337,-1.8704052545300893
722.0,10.074059626506093,9.666391993751844,-12.781528268192673,6.958923352065263,4.098595965841337,2.8603273862239256
723.0,10.003776609600127,14.654602336053333,-12.863997861173461,11.79438108448,4.098595965841337,7.695785118638662
724.0,9.932254546886735,19.750078871512613,-12.944734825746677,16.737598592652674,4.098595965841337,12.639002626811337
725.0,9.859499917596139,24.95602881452234,-13.023726813780776,21.791801918337704,4.098595965841337,17.693205952496367
726.0,9.785519280148863,30.27574162387489,-13.100961712033174,26.96029919199058,4.098595965841337,22.861703226149242
727.0,9.710319271436157,35.712473858827835,-13.176427644745312,32.24636548551868,4.098595965841337,28.147769519677343
728.0,9.633906606082968,41.26933027588835,-13.250112976204548,37.65312390576677,4.098595965841337,33.554527939925435
729.0,9.556288075693121,46.94914337787701,-13.322006313272365,43.18342514029776,4.098595965841337,39.08482917445642
730.0,9.477470548076251,52.754353659816715,-13.39209650787834,48.83972770001463,4.098595965841337,44.741131734173294
731.0,9.397460966456189,58.686892770429424,-13.460372659479098,54.62398107740652,4.098595965841337,50.525385111565186
732.0,9.316266348660243,64.7480717265167,-13.526824117481738,60.53751395769521,4.098595965841337,56.43891799185387
733.0,9.23389378628903,70.93847618518924,-13.591440483631155,66.58092948784711,4.098595965841337,62.482333522005774
734.0,9.150350443866488,77.2578706023302,-13.65421161436046,72.75400943183622,4.098595965841337,68.65541346599488
735.0,9.065643557969151,83.70511289252242,-13.71512762310404,79.05562882738754,4.098595965841337,74.9570328615462
736.0,8.979780436334996,90.27808096439696,-13.774178882572501,85.48368251815945,4.098595965841337,81.38508655231811
737.0,8.892768456950403,96.9736122447063,-13.831356026988937,92.03502467466777,4.098595965841337,87.93642870882643
738.0,8.804615067115405,103.78745703304207,-13.886649954285717,98.70542214587176,4.098595965841337,94.60682618003042
739.0,8.71532778248632,110.71424625517687,-13.940051828261403,105.4895222094018,4.098595965841337,101.39092624356046
740.0,8.624914186095205,117.74747391394718,-13.991553080696905,112.38083501934548,4.098595965841337,108.28223905350414
741.0,8.53338192734563,124.8794942788518,-14.041145413430288,119.37173079276715,4.098595965841337,115.27313482692581
742.0,8.440738720983944,132.10153361446433,-14.088820800389751,126.45345153505852,4.098595965841337,122.35485556921718
743.0,8.346992346045552,139.40371602749764,-14.13457148958379,133.6161368839594,4.098595965841337,129.51754091811807
744.0,8.252150644775327,146.77510281589323,-14.178390005048245,140.84886345562032,4.098595965841337,136.750267489779
745.0,8.156221521521518,154.20374453249073,-14.220269148749265,148.139696905263,4.098595965841337,144.04110093942168
746.0,8.059212941602329,161.6767448314981,-14.260202002441758,155.47575577065868,4.098595965841337,151.37715980481735
747.0,7.961132930144404,169.18033504807565,-14.298181929482684,162.84328604873735,4.098595965841337,158.74469008289603
748.0,7.861989570892258,176.69995836909138,-14.334202576598264,170.22774536338537,4.098595965841337,166.12914939754404
749.0,7.761791004988073,184.22036238513755,-14.368257875604739,177.6138955145209,4.098595965841337,173.51529954867956
750.0,7.660545429720251,191.72569876845677,-14.40034204508214,184.98590215309488,4.098595965841337,180.88730618725356
751.0,7.5582610972408295,199.19962879646653,-14.430449591999817,192.32744030170755,4.098595965841337,188.22884433586623
752.0,7.454946313249532,206.62543343392744,-14.458575313293935,199.62180443388303,4.098595965841337,195.5232084680417
753.0,7.3506094356443175,213.98612669626473,-14.484714297395628,206.8520218345134,4.098595965841337,202.75342586867208
754.0,7.245258873136833,221.26457103998234,-14.508861925709569,214.0009679874096,4.098595965841337,209.90237202156828
755.0,7.138903083831733,228.44359356150812,-14.531013874042033,221.05148277129783,4.098595965841337,216.9528868054565
756.0,7.03155057376864,235.50610183130416,-14.551166113978336,227.98648629109448,4.098595965841337,223.88789032525315
757.0,6.92320989542542,242.43519824406562,-14.569314914208288,234.78909322528276,4.098595965841337,230.69049725944143
758.0,6.813889646181427,249.21429182684085,-14.58545684179989,241.4427246312224,4.098595965841337,237.34412866538108
759.0,6.703598466739328,255.8272065137382,-14.599588763420059,247.93121621705745,4.098595965841337,243.83262025121613
760.0,6.592345039503938,262.2582849674708,-14.611707846502119,254.23892216047258,4.098595965841337,250.14032619463126
761.0,6.480138086916698,268.49248710349207,-14.621811560359296,260.3508136300495,4.098595965841337,256.25221766420816
762.0,6.366986369743655,274.51548255111805,-14.629897677243937,266.25257124361775,4.098595965841337,262.1539752777764
763.0,6.252898685316056,280.313736367253,-14.635964273351489,271.93067077921756,4.098595965841337,267.8320748133762
764.0,6.137883865720761,285.8745874015562,-14.640009729769094,277.3724615375079,4.098595965841337,273.27386557166653
765.0,6.021950775939305,291.18631879665924,-14.642032733368046,282.5662368392305,4.098595965841337,278.46764087338914
766.0,5.905108311933265,296.23822019291845,-14.642032277639611,287.5012962272121,4.098595965841337,283.40270026137074
767.0,5.787365398673828,301.02064129371905,-14.64000766347373,292.16799902891916,4.098595965841337,288.0694030630778
768.0,5.668730988113407,305.52503653411287,-14.63595849988028,296.55780902234596,4.098595965841337,292.4592130565046
769.0,5.549214057096898,309.74400068208524,-14.629884704651953,300.6633300345302,4.098595965841337,296.56473406868884
770.0,5.428823605210098,313.671295287528,-14.621786504968894,304.47833238776917,4.098595965841337,300.3797364219278
771.0,5.30756865256279,317.3018659785093,-14.611664437944222,307.99777019312785,4.098595965841337,303.8991742272865
772.0,5.185458237503341,320.6318506871165,-14.599519351109993,311.21778957350983,4.098595965841337,307.1191936076685
773.0,5.062501414262568,323.65857896738675,-14.585352402843546,314.13572797880573,4.098595965841337,310.0371320129644
774.0,4.938707250523238,326.38056264505286,-14.569165062733507,316.75010483284257,4.098595965841337,312.6515088670012
775.0,4.814084824911942,328.7974781123238,-14.5509591118851,319.06060382535065,4.098595965841337,314.9620078595093
776.0,4.688643224410489,330.91014065009176,-14.530736643164476,321.0680472313378,4.098595965841337,316.96945126549645
777.0,4.56239154168257,332.7204712241516,-14.508500061381804,322.77436270445236,4.098595965841337,318.675766738611
778.0,4.435338872312044,334.2314562606263,-14.48425208341253,324.18254304952586,4.098595965841337,320.0839470836845
779.0,4.307494311948844,335.4471009582393,-14.457995738256715,325.2965995319314,4.098595965841337,321.19800356609005
780.0,4.178866953358401,336.37237674083343,-14.429734367036097,326.12150932715576,4.098595965841337,322.0229133613144
781.0,4.049465883369354,337.0131634921485,-14.399471622928548,326.6631577525893,4.098595965841337,322.56456178674796
782.0,3.919300179715444,337.3761872459543,-14.367211471039687,326.92827595463007,4.098595965841337,322.8296799887887
783.0,3.7883789077659964,337.4689540279016,-14.33295818821159,326.924374747456,4.098595965841337,322.82577878161464
784.0,3.6567111171396665,337.29968056070004,-14.296716362767988,326.6596753150717,4.098595965841337,322.56107934923034
785.0,3.5243058381956196,336.87722255138175,-14.258490894196255,326.1430374953811,4.098595965841337,322.04444152953977
786.0,3.3911720783960853,336.2110012784765,-14.218286992765583,325.383886364107,4.098595965841337,321.28529039826566
787.0,3.257318818533287,335.31092918804615,-14.176110179081489,324.39213782749795,4.098595965841337,320.2935418616566
788.0,3.1227550088144618,334.1873351909628,-14.131966283576313,323.17812391620095,4.098595965841337,319.0795279503596
789.0,2.987489564796884,332.8508903298972,-14.085861445935839,321.7525184487582,4.098595965841337,317.65392248291687
790.0,2.8515313631650696,331.3125344537228,-14.037802114461632,320.12626370242623,4.098595965841337,316.0276677365849
791.0,2.7148892373418034,329.58340449993955,-13.987795045369376,318.310498691912,4.098595965841337,314.21190272607066
792.0,2.577571972924035,327.6747649429843,-13.93584730202292,316.31648961388544,4.098595965841337,312.2178936480441
793.0,2.439588302933323,325.5979409186067,-13.881966254104109,314.1555629674359,4.098595965841337,310.05696700159456
794.0,2.3009469028710123,323.3642544826548,-13.826159576718393,311.83904180880745,4.098595965841337,307.7404458429661
795.0,2.161656385566991,320.984964407469,-13.768435249436296,309.37818554359967,4.098595965841337,305.2795895777583
796.0,2.0217252958094463,318.4712098614766,-13.708801555270613,306.78413360201546,4.098595965841337,302.6855376361741
797.0,1.8811621047435183,315.83395825841933,-13.647267079589673,304.0678532835732,4.098595965841337,299.96925731773183
798.0,1.7399752040247307,313.0839575027801,-13.583840708966516,301.2400919978383,4.098595965841337,297.14149603199695
799.0,1.5981728997120415,310.2316927983004,-13.518531629964187,298.31133406804827,4.098595965841337,294.2127381022069
800.0,1.4557634058852489,307.28734812780226,-13.451349327857358,295.29176220583014,4.098595965841337,291.1931662399888
801.0,1.312754837968891,304.2607724556467,-13.382303585290282,292.1912237083253,4.098595965841337,288.09262774248396
802.0,1.1691552057439962,301.161450649792,-13.31140448087138,289.01920137466465,4.098595965841337,284.9206054088233
803.0,1.024972406028172,297.9984790692241,-13.23866238770448,285.7847890875478,4.098595965841337,281.6861931217064
804.0,0.8802142150016009,294.78054571507164,-13.164087971857262,282.496671958216,4.098595965841337,278.39807599237463
805.0,0.7348882801554891,291.51591480049933,-13.087692190766601,279.16311088988823,4.098595965841337,275.0645149240469
806.0,0.5890021118374528,288.21241555586215,-13.00948629158165,275.79193137611793,4.098595965841337,271.6933354102766
807.0,0.442563074366144,284.8774350519092,-12.92948180944442,272.3905163168309,4.098595965841337,268.2919203509895
808.0,0.29557837668412495,281.5179147952375,-12.847690565708449,268.96580260621323,4.098595965841337,264.8672066403719
809.0,0.14805506251668252,278.1403508268109,-12.764124666095645,265.5242812232319,4.098595965841337,261.42568525739057
810.0,4.683191197380054e-15,274.75079703618417,-12.678796498791884,262.0720005373923,4.098595965841337,257.97340457155093
811.0,-0.14858012926062694,271.35487139102605,-12.591718732481205,258.61457252928426,4.098595965841337,254.51597656344293
812.0,-0.29767884174593956,267.95776477343685,-12.502904314319416,255.1571816173715,4.098595965841337,251.05858565153017
813.0,-0.4472898642383999,264.5642521111872,-12.412366467847166,251.70459577910162,4.098595965841337,247.6059998132603
814.0,-0.5974071467512572,260.96011463245054,-12.320118690842815,248.04258879485647,4.098595965841337,243.94399282901514
815.0,-0.7480248762276295,257.35586403667276,-12.226174753115513,244.3816644073296,4.098595965841337,240.28306844148827
816.0,-0.8991374910737332,253.79878791845616,-12.130548694238833,240.7691017331436,4.098595965841337,236.67050576730227
817.0,-1.0507396965962326,250.2887416283523,-12.033254821225167,237.20474711053092,4.098595965841337,233.1061511446896
818.0,-1.2028264814212177,246.82553163292943,-11.934307706141379,233.68839744536683,4.098595965841337,229.5898014795255
819.0,-1.355393134980792,243.40891989847304,-11.83372218366592,230.21980457982633,4.098595965841337,226.121208613985
820.0,-1.5084352661635996,240.0386279715395,-11.731513348587693,226.79867935678823,4.098595965841337,222.7000833909469
821.0,-1.661948823235128,236.71434077497508,-11.627696553247066,223.4246953984929,4.098595965841337,219.32609943265157
822.0,-1.815930115146356,233.43571013704306,-11.522287404919243,220.09749261697746,4.098595965841337,215.99889665113614
823.0,-1.970375834363501,230.2023580703613,-11.4153017631402,216.8166804728576,4.098595965841337,212.71808450701627
824.0,-2.125283081365339,227.0138798164394,-11.30675573697547,213.5818409980986,4.098595965841337,209.4832450322573
825.0,-2.280649390972275,223.8698466707338,-11.196665682231995,210.3925315975295,4.098595965841337,206.29393563168819
826.0,-2.4364727606893237,220.76980860229295,-11.085048198613064,207.24828764299056,4.098595965841337,203.14969167714924
827.0,-2.5927516812630147,217.71329668126458,-10.97192012681657,204.14862487318499,4.098595965841337,200.05002890734366
828.0,-2.7494851696723748,214.6998253267586,-10.857298545576606,201.09304161150962,4.098595965841337,196.9944456456683
829.0,-2.906672804790111,211.72889438683606,-10.741200768648353,198.0810208133976,4.098595965841337,193.98242484755627
830.0,-3.0643147659600225,208.79999106168225,-10.622539349620146,195.11313694610206,4.098595965841337,191.01454098026073
831.0,-3.2224118747351627,205.91259168036572,-10.501107128391793,192.18907267723876,4.098595965841337,188.09047671139743
832.0,-3.380965639990693,203.06616334095128,-10.377692354211938,189.30750534674863,4.098595965841337,185.2089093809073
833.0,-3.539978306542851,200.26016542313363,-10.252695027565464,186.4674920890253,4.098595965841337,182.368896123184
834.0,-3.699452907220454,197.49405098199605,-10.126319555299748,183.66827851947585,4.098595965841337,179.56968255363452
835.0,-3.859393317949825,194.76726803095954,-9.998673089923786,180.90920162308592,4.098595965841337,176.8106056572446
836.0,-4.019804314621706,192.07926072148277,-9.869815395803581,178.1896410110575,4.098595965841337,174.09104504521616
837.0,-4.180691628875146,189.42947042659534,-9.739783714533466,175.50899508318673,4.098595965841337,171.4103991173454
838.0,-4.342061996446526,186.81733673489688,-9.608604888519439,172.86666984993093,4.098595965841337,168.7680738840896
839.0,-4.5039231838997384,184.242298361229,-9.47630112132721,170.26207405600206,4.098595965841337,166.16347809016074
840.0,-4.666283960551227,181.70379397982842,-9.342892638980702,167.69461738029648,4.098595965841337,163.59602141445515
841.0,-4.829153930900538,179.20126298539418,-9.208398883803921,165.16371017068974,4.098595965841337,161.0651142048484
842.0,-4.992542978191039,176.73414618714764,-9.072839034316988,162.66876417463962,4.098595965841337,158.5701682087983
843.0,-5.156459378512871,174.30188644063261,-8.936232225835681,160.20919483628407,4.098595965841337,156.11059887044274
844.0,-5.320900308209663,171.90392922169102,-8.798597643347094,157.78443127013423,4.098595965841337,153.6858353042929
845.0,-5.485711080136495,169.53972314675738,-8.659954563034567,155.3940575035863,4.098595965841337,151.29546153774498
846.0,-5.651089473054725,167.2087204433409,-8.520322375914066,153.0373085943721,4.098595965841337,148.93871262853077
847.0,-5.817188420349823,164.91037737430608,-8.379720608766576,150.71346834518968,4.098595965841337,146.61487237934836
848.0,-5.984084235670815,162.64415461932256,-8.238168950740642,148.4219014329111,4.098595965841337,144.3233054670698
849.0,-6.151842392217392,160.40951761662924,-8.095687292855045,146.1619879315568,4.098595965841337,142.06339196571548
850.0,-6.320525242699051,158.20593686804466,-7.952295790196789,143.9331158351488,4.098595965841337,139.83451986930748
851.0,-6.490117458900192,156.0328882099595,-7.80801496339237,141.73475578766696,4.098595965841337,137.63615982182563
852.0,-6.660578329995006,153.8898530528602,-7.662865870145567,139.5664088527196,4.098595965841337,135.46781288687828
853.0,-6.831931676347705,151.77631859176117,-7.51687040763836,137.42751650777512,4.098595965841337,133.3289205419338
854.0,-7.004201574285693,149.69177798975906,-7.370051873404163,135.3175245420692,4.098595965841337,131.21892857622788
855.0,-7.1774123636902605,147.63573053677138,-7.222436072161156,133.23588210091998,4.098595965841337,129.13728613507865
856.0,-7.351588655649861,145.60768178538186,-7.0740536742539595,131.18203945547805,4.098595965841337,127.08344348963671
857.0,-7.526755340197808,143.60714366557974,-6.924945754484058,129.15544257089786,4.098595965841337,125.05684660505652
858.0,-7.702937594148777,141.63363458005873,-6.775178587709241,127.15551839820071,4.098595965841337,123.05692243235937
859.0,-7.880160889042808,139.68667948162428,-6.6248911802366575,125.18162741234482,4.098595965841337,121.08303144650348
860.0,-8.058450999203307,137.7658099341514,-6.47450410883152,123.23285482611658,4.098595965841337,119.13425886027524
861.0,-8.237834009914053,135.87056415843213,-6.327268780727039,121.30546136779104,4.098595965841337,117.2068654019497
862.0,-8.418336325720338,134.000487064161,-6.186787009992131,119.39536372844854,4.098595965841337,115.2967677626072
863.0,-8.599984678857284,132.1551302692153,-6.039130608731463,117.51601498162655,4.098595965841337,113.41741901578521
864.0,-8.78280613780948,130.33405210730845,-5.889655486011053,115.66159048348793,4.098595965841337,111.56299451764659
865.0,-8.966828116005118,128.5368176250156,-5.741465572339117,113.82852393667136,4.098595965841337,109.72992797083002
866.0,-9.152078380647955,126.76299856910065,-5.587135711768476,112.02378447668421,4.098595965841337,107.92518851084287
867.0,-9.338585061689951,125.01217336500777,-5.4302820006510695,110.24330630266674,4.098595965841337,106.1447103368254
868.0,-9.526376660948296,123.28392708731658,-5.271911404185623,108.48563902218265,4.098595965841337,104.38704305634131
869.0,-9.715482061368812,121.57785142290442,-5.11241920153944,106.74995015999616,4.098595965841337,102.65135419415482
870.0,-9.90593053643942,119.89354462750372,-4.952019060415037,105.03559503064926,4.098595965841337,100.93699906480792
871.0,-10.097751759756381,118.20543115826527,-4.790850849026456,103.31682854948244,4.098595965841337,99.2182325836411
872.0,-10.290975814745833,116.49003780477673,-4.629016873906963,101.57004511612394,4.098595965841337,97.4714491502826
873.0,-10.485633204543277,114.75007248560429,-4.466596885862243,99.79784239519877,4.098595965841337,95.69924642935743
874.0,-10.681754862034314,112.98817554359205,-4.3036550521203285,98.0027656294374,4.098595965841337,93.90416966359606
875.0,-10.879372160058509,111.20691684188334,-4.1402431115558995,96.18730157026893,4.098595965841337,92.08870560442759
876.0,-11.078516921778924,109.40879325562008,-3.9764011662563674,94.35387516758479,4.098595965841337,90.25527920174345
877.0,-11.27922143122039,107.59622654172958,-3.8121564944725685,92.50484861603661,4.098595965841337,88.40625265019527
878.0,-11.481518443977977,105.77156156876006,-3.6475202187881135,90.64252290599397,4.098595965841337,86.54392694015263
879.0,-11.68544119809822,103.93706488842491,-3.4824801906066956,88.76914349972,4.098595965841337,84.67054753387866
880.0,-11.891023425135527,102.09492363034494,-3.3169642010566456,86.88693600415276,4.098595965841337,82.78834003831142
881.0,-12.098299361384795,100.24724470142714,-3.151465151688815,84.99748018835353,4.098595965841337,80.8988842225122
882.0,-12.307303759292784,98.39605427137992,-2.9876756489175715,83.10107486316957,4.098595965841337,79.00247889732823
883.0,-12.518071899049817,96.54329752602098,-2.8229895664972413,81.20223606047392,4.098595965841337,77.10364009463258
884.0,-12.730639600362496,94.6908386702794,-2.657452160472338,79.30274690944458,4.098595965841337,75.20415094360324
885.0,-12.945043234409447,92.84046116311532,-2.491407897306938,77.40401003139894,4.098595965841337,73.3054140655576
886.0,-13.161319735980804,90.9938681669707,-2.3251305346606825,75.50741789632922,4.098595965841337,71.40882193048787
887.0,-13.379506615802118,89.15268319481372,-2.158752663566886,73.61442391544472,4.098595965841337,69.51582794960338
888.0,-13.599641973042843,87.31845093833527,-1.9923054240005331,71.72650354129189,4.098595965841337,67.62790757545055
889.0,-13.821764508010501,85.49263826139834,-1.8257942605116946,69.84507949287614,4.098595965841337,65.7464835270348
890.0,-14.045913535029369,83.67663534341443,-1.6592368222800125,67.97148498610505,4.098595965841337,63.87288902026371
891.0,-14.272128995503785,81.87175695792206,-1.4926657087231152,66.10696225369517,4.098595965841337,62.00836628785383
892.0,-14.500451471165018,80.07924387226703,-1.3261218025764743,64.25267059852553,4.098595965841337,60.154074632684186
893.0,-14.730922197500501,78.3002643549208,-1.1596492340036264,62.40969292341667,4.098595965841337,58.31109695757533
894.0,-14.963583077363412,76.5359157776223,-0.9932928792795559,60.579039820979325,4.098595965841337,56.48044385513799
895.0,-15.198476694761052,74.78722630018126,-0.8270972251572148,58.76165238026299,4.098595965841337,54.663056414421646
896.0,-15.435646328818294,73.05515662643484,-0.6611057932499195,56.95840450436663,4.098595965841337,52.859808538525286
897.0,-15.675135967913507,71.34060182050165,-0.4953607710756726,55.17010508151247,4.098595965841337,51.071509115671134
898.0,-15.916990323982917,69.64439317312043,-0.32990271710166397,53.39750013203586,4.098595965841337,49.29890416619452
899.0,-16.161254846988555,67.96730010849615,-0.16477029214759378,51.64127496936,4.098595965841337,47.54267900351866
900.0,-16.407975739544227,66.31003212269955,-3.464380546665228e-15,49.902056383155326,4.098595965841337,45.803460417313985
901.0,-16.6571999716942,64.67324074527424,0.16437406869481483,48.18041484227486,4.098595965841337,44.081818876433516
902.0,-16.908975295836772,63.057521516298316,0.3283204906230042,46.47686671108455,4.098595965841337,42.37827074524321
903.0,-17.16335026178489,61.4634159717205,0.49181076128169304,44.7918764712173,4.098595965841337,40.69328050537597
904.0,-17.420374231955655,59.89141363034788,0.6548195417601976,43.12585894015242,4.098595965841337,39.027262974311085
905.0,-17.68009739667785,58.34195397639513,0.817324898142161,41.47918147785944,4.098595965841337,37.3805855120181
906.0,-17.942570789606627,56.815428432019466,0.9793085304647142,39.85216617287755,4.098595965841337,35.75357020703622
907.0,-18.20784630323361,55.312182314758154,1.14075598807637,38.245091999600916,4.098595965841337,34.146496033759576
908.0,-18.47597670447743,53.8325167752536,1.3016568684768608,36.65819693925304,4.098595965841337,32.559600973411705
909.0,-18.747015650340703,52.3766907110993,1.4620049974499882,35.09168005820859,4.098595965841337,30.99308409236725
910.0,-19.021017703616423,50.94492265306461,1.6217985898358487,33.545703539284034,4.098595965841337,29.447107573442697
911.0,-19.298038348624768,49.53739262035869,1.7810403933340675,32.02039466506799,4.098595965841337,27.921798699226652
912.0,-19.57813400696083,48.15424394197372,1.939737823867568,30.515847758880454,4.098595965841337,26.417251793039117
913.0,-19.861362053231083,46.79558504150644,2.0979031140919258,29.032126102367286,4.098595965841337,24.93353013652595
914.0,-20.14778083075411,45.461491183193665,2.2555535265729802,27.569263879012535,4.098595965841337,23.470667913171198
915.0,-20.437449667198813,44.15200617721285,2.412711758504568,26.127268268518602,4.098595965841337,22.028672302677265
916.0,-20.73042889013233,42.86714404259436,2.569406877544346,24.706122030006377,4.098595965841337,20.60752606416504
917.0,-21.026779842445155,41.60689062636775,2.725676823323523,23.305787607246117,4.098595965841337,19.20719164140478
918.0,-21.326564897619583,40.37120517781971,2.8815762781252126,21.92621655832534,4.098595965841337,17.827620592484003
919.0,-21.629847474804507,39.16002187697965,3.0372086101415827,20.567383012316725,4.098595965841337,16.468787046475388
920.0,-21.936692053655808,37.97325131666862,3.1929477745433332,19.22950703755615,4.098595965841337,15.130911071714813
921.0,-22.247164188898548,36.81078193764941,3.351121515389469,17.91473926414033,4.098595965841337,13.816143298298993
922.0,-22.56133052456389,35.672481416602,3.507290103318927,16.618440995357034,4.098595965841337,12.519845029515697
923.0,-22.879258807848164,34.558198006820284,3.662591031594579,15.341530230566699,4.098595965841337,11.242934264725362
924.0,-23.2010179025394,33.467761831680214,3.814870218562895,14.081614147703707,4.098595965841337,9.98301818186237
925.0,-23.526677801950537,32.4009861310722,3.9657576496500075,12.840065978771673,4.098595965841337,8.741470012930336
926.0,-23.85630964129402,31.35766846111914,4.116126111093974,11.617484930919096,4.098595965841337,7.518888965077759
927.0,-24.189985709427017,30.337591847616736,4.261080438825596,10.408686577015315,4.098595965841337,6.310090611173978
928.0,-24.52777945989208,29.340525893736434,4.4142136948451665,9.22696012868952,4.098595965841337,5.128364162848182
929.0,-24.86976552116999,28.366227842625293,4.5676258802045,8.0640882016598,4.098595965841337,3.9654922358184628
930.0,-25.216019706056912,27.414443595617733,4.7166357843366535,6.915059673897475,4.098595965841337,2.816463708056138
931.0,-25.566619020069773,26.484908686847614,4.86333409601826,5.781623762796102,4.098595965841337,1.6830277969547645
932.0,-25.921641668767144,25.577349215111784,5.008333216172861,4.6640407625175015,4.098595965841337,0.5654447966761644
933.0,-26.28116706296312,24.69148273389165,5.151753257320084,3.562068928248613,4.098595965841337,-0.536527037592724
934.0,-26.645275822163967,23.827019100484637,5.293592720354871,2.4753359986755417,4.098595965841337,-1.6232599671657955
935.0,-27.014049779744752,22.983661285238515,5.4338188742892255,1.4034303797829883,4.098595965841337,-2.6951655860583488
936.0,-27.38757198505869,22.161106141912846,5.5723891803431815,0.34592333719733936,4.098595965841337,-3.7526726286439978
937.0,-27.76592670353472,21.359045140218438,5.709256949539995,-0.6976246137762878,4.098595965841337,-4.796220579617625
938.0,-28.14919941489176,20.57716506160615,5.844373075999198,-1.7276612772864146,4.098595965841337,-5.826257243127752
939.0,-28.53747680929916,19.81514865939171,5.977686677827045,-2.7446414720804055,4.098595965841337,-6.843237437921743
940.0,-28.930846781297245,19.072675284312638,6.109145396501977,-3.74902610048263,4.098595965841337,-7.847622066323967
941.0,-29.32939842127941,18.349421476620204,6.238695575363334,-4.741281369295873,4.098595965841337,-8.83987733513721
942.0,-29.733222004320968,17.6450615258104,6.366282388856779,-5.721878089653788,4.098595965841337,-9.820474055495126
943.0,-30.142408976127115,16.95926799909578,6.491849948439751,-6.691291028591585,4.098595965841337,-10.789886994432923
944.0,-30.557051935851767,16.29171223971551,6.615341395772508,-7.649998300363751,4.098595965841337,-11.748594266205089
945.0,-30.977244615523613,15.642064836172032,6.736698988266823,-8.598480791084757,4.098595965841337,-12.697076756926094
946.0,-31.403081855795445,15.009996063471972,6.855864179842747,-9.537221612480728,4.098595965841337,-13.635817578322065
947.0,-31.83465957771219,14.395176297435885,6.9727776987450065,-10.4667055815313,4.098595965841337,-14.565301547372638
948.0,-32.27207475017055,13.797276403125826,7.087379623755074,-11.387418723289652,4.098595965841337,-15.48601468913099
949.0,-32.71542535272114,13.215968098422163,7.199609459827311,-12.299847794471667,4.098595965841337,-16.398443760313004
950.0,-33.16481033333595,12.65092429376295,7.30940621396963,-13.204479825603372,4.098595965841337,-17.30307579144471
951.0,-33.62032956073982,12.101819409038056,7.416708472034449,-14.101801679667313,4.098595965841337,-18.20039764550865
952.0,-34.082083770874384,11.56833083178906,7.52145447696377,-14.992298462121552,4.098595965841337,-19.090894427962887
953.0,-34.55017450703218,11.050177728686851,7.623582208931656,-15.876414569413676,4.098595965841337,-19.975010535255013
954.0,-35.02470405316509,10.547135763760561,7.72302946774303,-16.754538821661498,4.098595965841337,-20.853134787502835
955.0,-35.50577535983924,10.058976544455643,7.819733957774881,-17.627064857608715,4.098595965841337,-21.725660823450053
956.0,-35.993491962266404,9.585463209492474,7.913633375682804,-18.494395377091127,4.098595965841337,-22.592991342932464
957.0,-36.487957889806125,9.126350534268566,8.004665501039774,-19.356941854497784,4.098595965841337,-23.45553782033912
958.0,-36.98927756628793,8.681385038872362,8.095006085651747,-20.21288644176382,4.098595965841337,-24.31148240760516
959.0,-37.49755570045839,8.250305096295332,8.186488520589446,-21.060762083573614,4.098595965841337,-25.15935804941495
960.0,-38.01289716580929,7.8328410405101545,8.278638138127796,-21.901417987171342,4.098595965841337,-26.00001395301268
961.0,-38.53540686899255,7.428715274177634,8.371084624123874,-22.735606970691045,4.098595965841337,-26.83420293653238
962.0,-39.06518960597031,7.037642375693444,8.463534878812306,-23.564012351464562,4.098595965841337,-27.6626083173059
963.0,-39.60234990499359,6.65932920522903,8.555754118398523,-24.387266581366035,4.098595965841337,-28.485862547207372
964.0,-40.14699185543904,6.293475009360961,8.64755234461489,-25.20596450146319,4.098595965841337,-29.304560467304526
965.0,-40.699218921466624,5.939771523819749,8.73877443444858,-26.020672963198294,4.098595965841337,-30.11926892903963
966.0,-41.259133739393434,5.597903073822513,8.829292742797277,-26.83193792277364,4.098595965841337,-30.930533888614978
967.0,-41.8268378976032,5.267546671385515,8.919001492304295,-27.640289733913384,4.098595965841337,-31.73888569975472
968.0,-42.40243169773204,4.948372108943685,9.007812460677885,-28.44624712811047,4.098595965841337,-32.54484309395181
969.0,-42.98601389578757,4.640042048535906,9.095651626731081,-29.250320220520585,4.098595965841337,-33.34891618636192
970.0,-43.57768142177231,4.342212105749314,9.182456535673372,-30.053012780349626,4.098595965841337,-34.15160874619096
971.0,-44.17752907628493,4.054530927556926,9.268174211160567,-30.854823937567435,4.098595965841337,-34.95341990340877
972.0,-44.78564920247754,3.776640263132701,9.352759487788957,-31.656249451555887,4.098595965841337,-35.75484541739722
973.0,-45.40213133164118,3.5081750266929475,9.436173670187292,-32.45778263476094,4.098595965841337,-36.55637860060227
974.0,-46.02706180058209,3.248763351398893,9.518383448084691,-33.259915001098506,4.098595965841337,-37.358510966939846
975.0,-46.66052333883537,2.998026633370687,9.599360013604787,-34.063136691859896,4.098595965841337,-38.161732657701236
976.0,-47.30259462364188,2.7555795649201777,9.679078339463008,-34.867936719258694,4.098595965841337,-38.966532685100034
977.0,-47.953349800483764,2.5210301562254216,9.757516586010059,-35.67480305824829,4.098595965841337,-39.77339902408963
978.0,-48.61285796684325,2.2939797448658727,9.834655612051785,-36.484222609925595,4.098595965841337,-40.582818575766936
979.0,-49.28118261670685,2.0740229929481218,9.910478569696023,-37.2966810540627,4.098595965841337,-41.39527701990404
980.0,-49.9583810431913,1.8607478720268624,9.984970567565739,-38.1126626035987,4.098595965841337,-42.211258569440034
981.0,-50.644503696514434,1.653735636739681,10.058118389885237,-38.932649669889514,4.098595965841337,-43.031245635730855
982.0,-51.33959349437785,1.4525607891464167,10.129910261418344,-39.75712244381309,4.098595965841337,-43.85571840965443
983.0,-52.043685081660776,1.2567910373878137,10.200335650179698,-40.58655839409327,4.098595965841337,-44.6851543599346
984.0,-52.75680403615747,1.0659872547784897,10.269385101375777,-41.4214316800032,4.098595965841337,-45.520027645844536
985.0,-53.47896601691492,0.8797034493979323,10.33705009725349,-42.2622124702635,4.098595965841337,-46.36080843610483
986.0,-54.210175851549074,0.6974867606828583,10.403322938509291,-43.10936615235693,4.098595965841337,-47.20796211819827
987.0,-54.95042655873451,0.5188775104579313,10.468196643695645,-43.96335240458093,4.098595965841337,-48.06194837042227
988.0,-55.69969830188011,0.3434093553356323,10.531664863693454,-44.82462408285103,4.098595965841337,-48.92322004869237
989.0,-56.457957269812354,0.17060962428021523,10.593721808831043,-45.693625836701095,4.098595965841337,-49.79222180254243
990.0,-57.22515448010571,1.785842194450572e-15,10.654362186646154,-46.570792293459554,4.098595965841337,-50.66938825930089
991.0,-58.00122450051335,-0.16890213119776115,10.713581148627728,-47.45654548308339,4.098595965841337,-51.55514144892473
992.0,-58.78608408376763,-0.33658092619311836,10.771374244551593,-48.35129076540916,4.098595965841337,-52.4498867312505
993.0,-59.57963071084895,-0.5035160320996555,10.82773738325325,-49.255409359695356,4.098595965841337,-53.35400532553669
994.0,-60.38174103765266,-0.6701675025893475,10.882666798869106,-50.1692417413729,4.098595965841337,-54.26783770721424
995.0,-61.19226923983023,-0.8369339826397245,10.936159021732918,-51.09304420073704,4.098595965841337,-55.19164016657838
996.0,-62.01104525044149,-1.0040038185595908,10.988210853243638,-52.026838215757444,4.098595965841337,-56.12543418159878
997.0,-62.837872884940595,-1.170944398135754,11.038819344127505,-52.96999793894885,4.098595965841337,-57.06859390479019
998.0,-63.67252784792107,-1.3377626029918814,11.087981775607128,-53.92230867530582,4.098595965841337,-58.020904641147155
999.0,-64.51475561598767,-1.5044511501517546,11.135695643064246,-54.88351112307517,4.098595965841337,-58.98210708891651
1000.0,-65.36426919109832,-1.6709720270882702,11.181958641846036,-55.85328257634055,4.098595965841337,-59.95187854218189
1001.0,-66.22074671874066,-1.8372960242655008,11.226768654916459,-56.8312740880897,4.098595965841337,-60.92987005393104
1002.0,-67.08382896538534,-2.0034001208290824,11.270123742098868,-57.817105344115554,4.098595965841337,-61.91570130995689
1003.0,-67.95311664979728,-2.169263270945411,11.312022130692823,-58.81035779004986,4.098595965841337,-62.908953755891204
1004.0,-68.82816762299838,-2.3348649057235975,11.352462207279654,-59.81057032144231,4.098595965841337,-63.909166287283654
1005.0,-69.70849389197977,-2.500184530171845,11.39144251055756,-60.81723591159406,4.098595965841337,-64.9158318774354
1006.0,-70.59355848266033,-2.665201624557916,11.42896172507007,-61.829798382148184,4.098595965841337,-65.92839434798952
1007.0,-71.48277213810486,-2.829895623572286,11.465018675710114,-62.847649085967035,4.098595965841337,-66.94624505180838
1008.0,-72.37548984866457,-2.9942459151641683,11.49961232289878,-63.87012344092996,4.098595965841337,-67.9687194067713
1009.0,-73.27100721150391,-3.158231844296143,11.532741758351507,-64.89649729744855,4.098595965841337,-68.99509326328989
1010.0,-74.16855661794517,-3.3218327178255103,11.564406201356217,-65.92598313441447,4.098595965841337,-70.0245791002558
1011.0,-75.06730326822762,-3.485027809541441,11.594604995498155,-66.9577260822709,4.098595965841337,-71.05632204811224
1012.0,-75.96634101466019,-3.6477963651265615,11.623337605774903,-67.99079977401185,4.098595965841337,-72.08939573985319
1013.0,-76.86468803576784,-3.8101176070037055,11.650603616052377,-69.02420202671917,4.098595965841337,-73.1227979925605
1014.0,-77.76128234592922,-3.971970739075183,11.676402726819106,-70.0568503581853,4.098595965841337,-74.15544632402664
1015.0,-78.6549771471984,-4.1333349513694975,11.700734753201651,-71.08757734536624,4.098595965841337,-75.18617331120758
1016.0,-79.5445360325298,-4.294189424608866,11.723599623208779,-72.11512583392988,4.098595965841337,-76.21372179977122
1017.0,-80.42862805251866,-4.454513334707949,11.744997376175789,-73.13814401105083,4.098595965841337,-77.23673997689217
1018.0,-81.30582266105924,-4.614285857211824,11.764928161384786,-74.15518035688628,4.098595965841337,-78.25377632272762
1019.0,-82.17458455904419,-4.77348617167897,11.783392236838639,-75.16467849388452,4.098595965841337,-79.26327445972586
1020.0,-83.03326845941793,-4.932093466014055,11.800389968170027,-76.16497195726195,4.098595965841337,-80.2635679231033
1021.0,-83.8801138015846,-5.090086940754202,11.815921827668836,-77.15427891466997,4.098595965841337,-81.25287488051131
1022.0,-84.7132394483919,-5.247445813311741,11.829988393413077,-78.13069686829057,4.098595965841337,-82.22929283413191
1023.0,-85.53063840468786,-5.404149322175964,11.842590348490676,-79.09219737837316,4.098595965841337,-83.1907933442145
1024.0,-86.33017260281498,-5.560176731076192,11.853728480300672,-80.0366208535905,4.098595965841337,-84.13521681943185
1025.0,-87.1095678073657,-5.715507333107938,11.863403679923788,-80.96167146054985,4.098595965841337,-85.06026742639119
1026.0,-87.86640869910309,-5.870120454823898,11.871616941553587,-81.86491221237341,4.098595965841337,-85.96350817821475
1027.0,-88.598134206132,-6.023995460291358,11.878369361980472,-82.74376030444289,4.098595965841337,-86.84235627028423
1028.0,-89.30203315919064,-6.177111755117325,11.883662140121453,-83.59548277418651,4.098595965841337,-87.69407874002785
1029.0,-89.9752403572775,-6.329448790442576,11.88749657658973,-84.41719257113034,4.098595965841337,-88.51578853697168
1030.0,-90.61473313968942,-6.480986066905987,11.889874073298547,-85.20584513329686,4.098595965841337,-89.3044410991382
1031.0,-91.21732857084695,-6.631703138579909,11.89079613309465,-85.9582355763322,4.098595965841337,-90.05683154217354
1032.0,-91.77968135492178,-6.781579616877753,11.890264359416804,-86.67099661238272,4.098595965841337,-90.76959257822406
1033.0,-92.29828260812218,-6.930595174434619,11.888280455975956,-87.34059732658083,4.098595965841337,-91.43919329242217
1034.0,-92.76945962736389,-7.078729548961736,11.884846226453258,-87.96334294987236,4.098595965841337,-92.0619389157137
1035.0,-93.18937680474538,-7.225962547075497,11.879963574213228,-88.53537577760764,4.098595965841337,-92.63397174344898
1036.0,-93.5540378474983,-7.372274048101819,11.87363450202915,-89.05267739357096,4.098595965841337,-93.1512733594123
1037.0,-93.85928947258384,-7.517644007856368,11.865861111818539,-89.51107236862165,4.098595965841337,-93.609668334463
1038.0,-94.10082675349965,-7.662052462401213,11.856645604386204,-89.90623361151465,4.098595965841337,-94.00482957735599
1039.0,-94.27420030372143,-7.805479531778596,11.845990279173334,-90.2336895563267,4.098595965841337,-94.33228552216804
1040.0,-94.374825486064,-7.947905423722061,11.833897534010598,-90.48883337577546,4.098595965841337,-94.5874293416168
1041.0,-94.39799383957138,-8.089310437345498,11.820369864873896,-90.66693441204299,4.098595965841337,-94.76553037788433
1042.0,-94.33888691475103,-8.229674966810478,11.805409865641264,-90.76315201592024,4.098595965841337,-94.86174798176158
1043.0,-94.19259270343142,-8.368979504972176,11.789020227849788,-90.7725519805538,4.098595965841337,-94.87114794639514
1044.0,-93.95412484056727,-8.507204647004118,11.77120374045122,-90.69012574712016,4.098595965841337,-94.7887217129615
1045.0,-93.61844474126475,-8.644331094002204,11.75196328956557,-90.51081254570138,4.098595965841337,-94.60940851154272
1046.0,-93.18048681645863,-8.780339656567973,11.731301858231447,-90.22952461479515,4.098595965841337,-94.3281205806365
1047.0,-92.63518688436118,-8.915211258371428,11.709222526152473,-89.84117561658013,4.098595965841337,-93.93977158242147
1048.0,-91.97751386141678,-9.048926939693622,11.685728469439175,-89.34071233167123,4.098595965841337,-93.43930829751257
1049.0,-91.20250477549256,-9.18146786094892,11.66082296034523,-88.72314967609626,4.098595965841337,-92.8217456419376
1050.0,-90.30530940074466,-9.312815306187202,11.634509366997953,-87.98361533993392,4.098595965841337,-92.08221130577526
