sample,d_mm,overlap_deg,ign_btdc_deg,eoi_deg,lambda,combustion_efficiency_scale,friction_scale_multiplier,Vmin_cm3,CR,power_kW,eta_b,BSFC_g_kWh,pmax_MPa,Tmax_K,state_relative_residual,converged
0,147.66638575926268,31.955871956636173,20.00064087291028,617.7173131326771,0.9810383286320346,1.0263328794569415,1.0732544885932453,38.57560325414109,11.607663102305981,48.003337537276906,0.3512663019998847,235.60079694089856,4.953569011890374,2866.7383971391937,6.165160972805505e-06,True
1,136.3258742339796,154.18680633201902,17.873891305641436,580.6025215699445,1.1350569883907342,1.010560865860797,1.0757077583577177,73.80124057388953,6.544581637194303,31.335302732757,0.28671259238903396,288.64661994811104,2.661099771702162,2533.358193838977,1.0956348142287315e-06,True
2,149.19035060038186,92.47779579133066,28.085892176758882,609.3493039545489,1.0553984928633346,1.0211940121444414,1.04907766716226,33.80036395327568,13.106289856931872,46.72527007423503,0.3732839569880779,221.7041990162421,6.091941564803031,2694.4079540759753,2.817854550598297e-07,True
3,134.98123681363586,122.98433901118102,25.15869995565049,613.5764991955764,1.1230606029376071,1.0195754049380563,1.042763544941364,77.9459762039658,6.24975147167799,34.00749666231051,0.2962558975542773,279.34843280037285,2.972856799826052,2665.771306033007,5.347492660026323e-06,True
4,141.98044369008804,92.09047957830539,24.71587397538657,572.2955040570582,1.0802751687928103,1.015010520416434,0.9303227644279589,56.30127580404098,8.267988112958129,39.1265836339942,0.32673130015086704,253.29260052967584,3.8117614647613594,2665.3490032304467,4.980297233014174e-06,True
5,141.1140881789779,129.59918611695815,24.504841579506373,573.7436761205139,1.0970184912087608,1.015426743285005,1.0970234142462816,58.99030779162516,7.936681950085377,36.40252938371068,0.3182193550912546,260.0678411466292,3.555568529478206,2604.1974265125373,8.205790799004166e-07,True
6,132.98818938642722,132.5350768169051,22.78382570451992,613.4678706474081,0.9590853039050719,1.0018021601435245,1.0945207832715198,84.07863223747438,5.866837059532533,37.57593740612,0.2830094807718838,292.4234921880999,3.002661720155909,2963.25173775008,3.243875973534206e-06,True
7,146.55498940395535,112.76556184405499,22.22857853633764,587.1264350811517,1.0137378232737133,1.009203229572059,1.0226495143159322,42.051369114797616,10.730884199538538,44.439766859214025,0.3444969737057582,240.23032713297783,4.645926697279588,2746.536125559336,1.5210098712304437e-05,True
8,149.6801959918871,134.08538969136399,14.085298148865743,605.1478632817496,1.009180653660482,0.9895213021821345,1.0090700078324646,32.263152064829534,13.683106798303745,43.076301342874515,0.3383937819059441,244.56306561997576,4.499864575732388,2614.4590987418123,2.7111125704238013e-06,True
9,134.6222011442401,121.78935378934639,12.081043328616405,596.2668701002904,1.0729687157309888,1.023444251778404,0.9027714827483839,79.05166829660448,6.176323436373617,34.396627590916665,0.28170574224158784,293.77683263084583,2.574316457026326,2747.6687016939627,3.146962352629297e-06,True
10,138.136597666642,123.78387346957662,16.91000101945064,605.0482761591427,1.0623779702746385,1.0006485736616193,1.0401499266971277,68.21008090957287,6.999069313971723,35.78239549726896,0.2922254445067149,283.20128258972846,2.9758143229277305,2696.5761422928267,1.8958394019116006e-06,True
11,137.72650866789422,55.030747440856906,13.127104221323274,597.9847093645459,1.0742371754661142,1.0270109126039175,0.9310714984663309,69.4773635383486,6.889644949786953,38.06440595809176,0.2949695229927545,280.56668312708376,2.9544163307303886,2820.575831682202,1.3579382267316895e-05,True
12,136.73110431667592,107.31090250900314,20.404913911268824,591.8827799123591,1.0864157562022547,1.0260411183560858,0.9573562380693347,72.55095897934503,6.640132246972005,36.858419096967104,0.3016675245904762,274.3371889367368,3.067320451324003,2762.8739716284485,4.326316186980196e-06,True
13,135.22104358452137,46.32612900933035,27.678911467800326,606.7755183528909,1.0807306285273377,0.9656217179005964,0.9758561019615829,77.20722993601366,6.299982963088736,36.88419541393258,0.2856949918416247,289.674733729783,3.258461143362211,2767.4965151010542,1.33751202394168e-06,True
14,144.91085312247293,58.7573634197826,20.967831643652254,580.9538548526026,1.0301725519240683,0.9763121424661477,1.0201290098140097,47.18315635416476,9.672522885426423,41.9889668460345,0.32115757032709746,257.68852530975965,4.158414846269803,2705.3900710746684,5.121322096228838e-06,True
15,132.5963681856819,20.441887017028503,26.43574745116213,572.0408659317769,1.1214131910112912,0.966471908669315,1.0701249001297095,85.28282713031399,5.7981172418555635,33.129950753090014,0.2713284648176786,305.01267438071983,2.8692440558958205,2648.6654138989184,2.344444072608419e-06,True
16,142.704913273595,151.06338294122446,21.559856266634128,589.7599958367058,1.0113828196357437,0.9901655319274175,1.0389591644377731,54.05033972799409,8.570664779304117,39.51698456696925,0.3163906085792034,261.57104049735995,3.7394185863512965,2720.479728136084,1.6732050884614165e-05,True
17,148.7480590009025,114.51407258005806,25.717986123580694,612.1569047445298,1.0363020719312221,1.0369296877731393,0.9417325604650391,35.18736951910944,12.629087620940851,46.85502110878034,0.37511809451118555,220.62017775361517,5.644279371542421,2725.4846309120558,4.655370958799549e-06,True
18,134.5081763371217,107.79228040777546,26.962547906969125,593.7787043252429,1.1199626638910103,1.0360650637012256,1.0805323048027373,79.40273394700311,6.153437204835581,35.91689126303997,0.30171512544286305,274.29390743397613,3.1294867286739763,2778.7062820437086,7.024508651508603e-06,True
19,136.66556597494298,68.96010108064468,20.575888594061603,594.7245999865935,0.9672459411453649,0.9844245792388799,1.0380738059201553,72.75320661184738,6.624453166322871,41.159212439212226,0.2895892886241437,285.77928791098043,3.3394833676358613,2997.763104502461,1.0371962431671628e-05,True
20,136.163984030962,55.54308899014391,11.268191932291764,590.613505332198,1.0950666541023237,0.9651770048534818,0.9672493615750846,74.30057414654475,6.507319532700761,33.761525750693956,0.2662700756752117,310.8070648937722,2.6054168208189177,2647.439055281968,1.757250813185779e-05,True
21,144.0219526965801,85.10035650945055,16.67327557841322,607.4069146507502,0.9578444012469512,0.9993305727331289,1.0050073464318345,49.95279066200127,9.191674536402234,44.55539312048125,0.3197683377098027,258.8080523618338,3.931891013264411,2895.1625122176238,1.720077960225526e-06,True
22,133.37686993574886,59.74132058256716,23.630008169730925,618.1682887159951,0.98761362240638,1.0040910035899817,1.0218111758134252,82.8836279268753,5.937006421209797,39.38011235099279,0.2871521627333331,288.2047619000865,3.160323673961303,2994.582035258725,1.8400785127133893e-05,True
23,141.0229796200317,145.0982151108017,29.97207781153721,597.0442785825277,1.1037574656588764,0.9847282888319331,1.0838747186174629,59.27292327647623,7.903607594642559,36.44955136429693,0.31516334958190034,262.5896088471068,3.8137451874537933,2616.036109576045,4.3293843941808965e-07,True
24,138.28675909867835,106.66100158040993,19.27780833342402,604.4134496419198,0.9711327553586715,0.9839944099933449,1.0597173553579287,67.74589214296607,7.040174397948838,39.91540211101312,0.2932360200383321,282.22528964496547,3.310962566511733,2894.2570155998515,3.180322451029846e-06,True
25,139.77858238474263,57.01807329358296,13.809102956652698,589.4202234977226,0.9627141043200854,0.999159944321064,0.9486987241174513,63.129800236463474,7.481835864448004,42.34984581365714,0.2968684978526826,278.77198587343247,3.331300369814021,2981.1692875594376,8.426069620695106e-06,True
26,148.04293595353758,60.737463798962736,19.546735404816758,581.7059868036044,0.9599136266773901,1.0149924691520327,1.0514175360627622,37.396711011437446,11.942058598762811,48.82469558142786,0.3503592160914295,236.21077137031426,5.024606805263092,2877.364178792898,1.5301143187755775e-06,True
27,148.86821322007864,62.359787009799135,10.238340892512674,570.5359224266649,0.9848913938496081,0.9928695210704276,1.0851459741790386,34.81066257310582,12.754932915419033,42.80952927242393,0.32480214358720727,254.79702743228665,4.049312523506794,2656.4245580633296,1.0473661493684221e-06,True
28,145.89940800554558,40.53123702374346,11.184123318100998,586.1426677560573,1.114716235817289,1.0212564356275942,0.9187739649348001,44.09903312478824,10.27904705144512,39.60929167001018,0.3226927581165502,256.4625905232258,3.538702531929577,2611.1920965477,7.719476407081062e-06,True
29,134.67736067161593,39.58266607102863,28.028758049604868,581.9743806263439,1.0429443047584162,0.9690567305121933,0.9665933906801005,78.88182520337917,6.187468751301379,38.074337731055614,0.2859452230367672,289.42123883291436,3.3087410146457317,2848.7484376690513,1.4086850957239857e-06,True
30,149.38033132299762,87.72129335010628,21.332622966339844,593.1975762080388,1.0650146910944756,1.0132738990847172,0.928224874074812,33.204309902651936,13.323611136259922,45.35960355436802,0.36152820766661287,228.91331557169096,5.286565069657058,2631.171252084046,1.2332070319709097e-07,True
31,140.7945408389231,134.68981880740702,14.920863344808605,612.8523757785068,1.0523616818871093,0.98679750297465,0.9366744911398797,59.9813904034786,7.8220659863932696,35.84585208920754,0.2971809545561243,278.47888439979334,3.051207897691366,2611.79147112665,5.876932057261261e-07,True
32,145.4340366441739,104.193944792294,21.00663593675957,601.2339052932314,1.1498332372198277,1.0017150214109796,0.9543884862240232,45.55144143927748,9.983184513131787,38.264058620492534,0.33205403703298203,249.23238828575057,3.972590972095391,2505.5476753134712,5.484671193576803e-07,True
33,133.15085980464562,99.05908407698752,26.17544575269584,616.1289077449596,0.9834292077071104,0.996981309529389,1.082444503251809,83.57855585285206,5.8959568529585145,38.309705910986224,0.2861173952054871,289.24707856444246,3.167788114394148,2959.0326941056155,9.413339775392517e-06,True
34,140.16725111560964,155.96257655560734,16.186278291328353,586.7739041082402,1.038225832498352,0.9600293204191461,0.963713592790367,61.92579749472861,7.607860049327255,34.67657646377306,0.28781108113044945,287.54494220514425,2.990099992685298,2586.4947244379377,2.616152310365119e-07,True
35,140.3952574620279,23.091029412030885,18.46324135191064,594.3061800501453,1.116594572190528,0.9937786331860647,0.9535252320236113,61.21922160454327,7.684126203554657,37.84002724069558,0.3018064369118603,274.2109198745289,3.318963355260366,2677.817655636489,1.8052265836173918e-05,True
36,141.73481829739617,37.64873438172692,13.601448167674853,580.835486979334,1.0098934010323828,0.992253083325466,1.0534764039808566,57.063959759941554,8.170848378023006,40.47135676432385,0.2989987027759219,276.7858854279941,3.365690024017256,2815.4255955712197,1.264074259636427e-05,True
37,134.81470490883797,33.15326730201386,29.05148289406984,608.8658977248364,0.9666299067065822,0.9722329202014593,0.9297394024737712,78.45888244962892,6.215432472554704,41.932717906181495,0.29045793531403813,284.92463323537015,3.5878107225874345,3058.8535879018964,1.2213014589396808e-06,True
38,142.19153910351918,161.50290189898547,22.698286874433357,612.9437345798368,1.1187268753596245,1.0159250462233171,0.9994210432010494,55.64561760540804,8.353624973485394,35.539856126724295,0.3225311185167798,256.5911192390871,3.4920759369549916,2541.9299569668738,1.8214851562129204e-05,True
39,137.13626437718233,117.30107890036881,26.34723361071639,592.03237511629,1.053837751593416,0.981844999356116,0.9952344035646044,71.30032869122745,6.739061948230447,36.99842916967382,0.2967391491979537,278.89350263805994,3.326748936540726,2749.8877044699534,3.047493559946407e-06,True
40,141.5781346531153,62.468394681430404,18.362377346376785,590.7577926373839,1.136634564342141,1.0376208300821645,1.0289850066774864,57.5503483747539,8.110243723001561,38.54574024806299,0.31976855059580844,258.80788006029746,3.447473186836649,2684.0722266821485,9.986531489887482e-06,True
41,137.38164592809107,89.2328483514163,11.627123012874312,576.8594903559001,1.0662532648551426,0.9832406513850817,0.9895471830829543,70.54261817076072,6.800706209934174,34.1902882118627,0.27623653801435943,299.5933169613977,2.6848460058209738,2643.8266745425526,7.905415061584384e-06,True
42,137.96531925098932,95.03299085988473,13.96163322460082,576.570372912538,1.09667205112021,1.0275696504209766,0.9503303224562805,68.73944912330676,6.952869982331658,35.36141143826604,0.2959879743098579,279.60129421683365,2.840177406557255,2670.3333765937773,4.1617767238460945e-06,True
43,144.71575788524785,86.93544944710244,26.079437676633212,611.0989932479764,1.1110736353068384,0.9766813926550743,0.9274352063512625,47.791321674709174,9.562161265874577,39.271663175036004,0.32841427748680313,251.99458842948968,4.267859611612922,2562.8378754942332,1.7254080083834578e-06,True
44,148.6485342554647,137.94745624400312,15.921274796016949,615.9706021964267,1.0101148722394515,1.0174043057946893,1.050374594589685,35.49934782787367,12.526887909947753,43.14078520840943,0.34574737651677123,239.36152899670887,4.44388847291777,2653.1991808266976,4.231607640187751e-06,True
45,143.06621559308434,41.50124761458858,22.630369713940297,587.8915373746966,1.054071995175895,0.9926757089797857,1.0574987896576655,52.92697420353966,8.731350779935209,41.799565719164214,0.319600311006782,258.9441181360397,4.0255784828902,2767.659654591055,1.167120479127664e-05,True
46,132.69301813443653,43.29810281808419,25.958567727204255,581.2669512413695,1.0573480468223166,0.9872673512946949,1.096937187248757,84.98583324869162,5.81488487723272,36.684731477065974,0.27938911512513837,296.2127592286035,3.0619568724043367,2858.3759440934814,1.5529006952022044e-06,True
47,146.41468372815712,157.25581782118056,19.375335656053675,618.547997038987,0.9920309171019731,1.0255853941688222,1.0537630769410045,42.489764619913444,10.630484116552882,42.32578807190387,0.34323730439030803,241.11196432060092,4.256623873211172,2722.130915104551,2.5474523048693937e-06,True
48,133.94353278662368,114.05448800861656,25.50095952038984,596.1294148839119,1.1317700928817027,0.9897955008360818,0.9697179836214124,81.14057753158811,6.04306249396421,33.459727508916174,0.2855435936723817,289.828322272249,2.885439256411663,2646.943680821594,6.299955890726513e-06,True
49,143.3084683002365,99.9277105004416,14.003730961231469,589.2272458178253,1.0200115711858455,0.9907408109164475,0.9838890497887314,52.17345962555809,8.843010722787007,39.942036427083025,0.30749477610334053,269.13829801727195,3.450511638766499,2721.550266677106,1.2399120779413586e-06,True
50,144.18961600533123,118.06660071498179,16.440805154555722,618.324330649869,1.1268665103143236,1.0173258959110965,1.0236628040843365,49.430641779380686,9.278205351135819,36.370258174576264,0.3213552673349432,257.5299959324994,3.44614185722356,2500.91200549165,3.615631224740699e-07,True
51,133.75618618353283,133.34288494614475,24.453775646340404,612.5066849606452,1.1338632493952367,1.033928310024396,0.9390354461468395,81.71696499184206,6.007491447204358,33.47841886431915,0.2971904642468173,278.46997345420874,2.836773720581635,2669.2490343722475,4.376952454152095e-06,True
52,145.78994539271125,101.81681741078337,18.01780322331143,605.3605241376492,1.110659427272525,1.0025777460654088,0.9929389355640874,44.44074743837435,10.207698494620896,39.14298473826373,0.3287659988974769,251.72499883560897,3.8927197003844203,2550.324043446494,4.774970408535061e-07,True
53,132.7461903875926,131.93908144135318,24.64116015523654,591.1866475952951,1.1227134834259282,0.9662134127001768,1.0912107244935083,84.82242919984894,5.824160391870453,31.237857530884188,0.27014452080128526,306.34943268211356,2.6883100313952255,2587.939672694353,5.507246023736109e-06,True
54,135.31337858477218,125.30000999647116,19.40381890407916,599.9523259196449,1.060820942662962,1.0031481687098798,0.958793161684196,76.92273346029033,6.319584794778334,35.44771637630158,0.28831665584902033,287.04072071712875,2.875126115753129,2747.6103257756317,3.0458449074119618e-06,True
55,134.44840339185805,102.54062538013328,28.14382320238789,583.4981297402429,0.9947176629137158,0.9786256964026245,0.9783261103591016,79.58674941711051,6.141521751863043,38.53566228426937,0.2893025305880872,286.06255369223845,3.308445428843423,2909.7499340387726,5.966795453392423e-06,True
56,148.29501577401936,24.46246991148538,20.373848582325778,584.1680469210177,1.062822698933882,0.9955444303612246,1.046995719248642,36.607141860140246,12.17806478450321,44.06634324567045,0.3430708707916427,241.22893470578848,4.870046433604859,2655.5615924488307,7.595114734356729e-06,True
57,142.3681970378818,30.98685223897281,17.069359702440096,573.813220106149,1.005390961402078,0.9755060877840035,0.9474792103797153,55.096784208038194,8.426876344417362,40.67129993473959,0.30361850953708985,272.5743592372962,3.5777050389725513,2759.1907767738653,1.3194509125309068e-05,True
58,146.95745870310196,29.370186857885564,13.43502759877704,618.973064746507,0.961781278456309,1.0313418769701725,1.0963912973616097,40.79333575072777,11.030976770043788,46.708794026100776,0.33577485544186153,246.47057201692283,4.240268981041432,2902.9554335498015,5.925938287039142e-06,True
59,139.79854457370467,96.08742115200437,19.66564155243977,614.4517764745782,1.0407872295109737,1.0020154547789693,1.0196888779264934,63.06797603930954,7.488189870451832,38.481262070151516,0.3046940573801844,271.61219159057134,3.3468834170688027,2747.357683746439,3.619654249812179e-06,True
60,137.23350568701713,37.4875560380303,25.684253718041035,571.1018416969247,1.0713403487475597,0.9604355034016565,0.970160205954036,71.00008367797666,6.763331282031641,36.34860776962506,0.2887915475597085,286.56870808362083,3.2888697444538177,2675.2088612843313,1.3885154435215831e-06,True
61,147.0551165172249,169.5381869239916,11.070061935198572,591.3301008267714,1.1467927450984383,1.0121645389679594,1.021432463264705,40.487968537337906,11.106632119879922,34.78161438173048,0.32158992888479887,257.3420783935721,3.362180204580129,2412.0089597304245,1.3597092003629087e-06,True
62,140.78383772362986,127.7407138979813,22.25544568755711,604.7707933383494,1.0285309254771418,0.9887603165333863,0.9422856592330578,60.0145794835369,7.818293268228219,39.04406236793539,0.31033573571590956,266.67447916927887,3.5541850617170767,2735.1795298839984,6.135678778924843e-07,True
63,143.47191837312425,83.22732927491032,27.11802262376854,573.2786748322314,1.1045437594842367,0.9637017909046646,1.0098029484364193,51.664919857358846,8.920209775180043,37.456390593381286,0.3170515566550619,261.0257510253858,4.040273295530533,2532.57045843569,3.8569007213791775e-06,True
64,136.58724100817307,150.11938797121192,14.192504968989248,595.1875354508885,1.017640455963046,1.010794589065086,1.0395519541752787,72.9948937096796,6.605830524469752,35.57905257166013,0.2860747955726034,289.2901505845933,2.788269360133852,2781.874367511021,9.516582276808738e-07,True
65,140.68857392514846,36.70090899698968,14.481059379828952,571.1262277503474,1.0619888972992624,1.0002381603808663,1.0010753752142103,60.3099616345576,7.784899081309931,37.527773589595434,0.29795054092230266,277.7595920231484,3.1591029110383686,2684.59369593025,1.538044202348038e-05,True
66,145.31073152934778,50.97190690248644,26.6994138985915,587.7127592892984,1.1250815478486247,1.0184917771877657,1.0483724803039165,45.93611440722085,9.907958554366191,41.93727752286099,0.34487647004775945,239.96598166930477,4.629410569357242,2670.4053596231156,7.711794479336187e-06,True
67,144.3420363257627,123.32076221353546,22.04431721476307,591.6375006062414,1.0612557437851602,0.983548519998164,1.0455942185043432,48.95586081865864,9.358488574103246,39.462430654758215,0.3217879452040933,257.18371966098886,3.9688505581656894,2624.3702459745537,1.9524699051616292e-07,True
68,144.0958028176017,72.18109643179722,23.816177635984964,579.2443939457507,1.0670997589544997,0.9874667661105142,1.0271078675212058,49.72281599305571,9.229562125871862,40.543748461963425,0.32462889090890545,254.93301122381675,4.132114227231274,2662.2643758557692,4.210446602393224e-06,True
69,139.70819064908096,164.75113803111807,26.593617222662218,614.2569858798634,1.1481816890048668,1.0342835140542408,1.068244916091928,63.34779606806732,7.459530223410837,34.08640356484374,0.3201195070521119,258.5241413488213,3.3595690411042325,2560.998181904554,2.851334431290087e-07,True
70,144.76974017653063,94.96742383135737,19.331381000135956,595.6386621799135,1.145929434410023,0.9606617202655302,1.0166642041494074,47.62306038108667,9.592413003567872,36.152863189775985,0.31013319678006107,266.8486364855214,3.6656418362692573,2444.5385432853204,1.3416325869231963e-06,True
71,144.83236122254527,100.34696333016186,10.325362195048928,579.6055455516658,0.955432692179842,1.033607395293812,0.995864418934613,47.42785671372284,9.627777674164843,43.9574918627346,0.32243046876809117,256.6712166063297,3.6255753964285216,2893.5278943316966,4.240490812748046e-07,True
72,135.16360643319825,67.48696107187448,21.07347726501228,579.3604779142499,0.962404520346227,1.0125478607795904,0.9476623953897815,77.38418735946993,6.2878632864272275,41.4848134220386,0.2950023600411202,280.535452930341,3.2763608740149386,3055.218566497966,1.1624536357144194e-05,True
73,134.53503356058803,97.68959005262522,28.337209450773116,586.6055900977825,1.1092198700217513,0.9960199644453966,1.0905383459499387,79.32004825421195,6.158809308546006,35.138815113654,0.29073169561600426,284.656341009898,3.133655232362716,2726.2268411636965,8.899193901348434e-06,True
74,136.08951682430015,167.1810729958952,14.634271886069534,583.6899085650109,1.0835660153071416,0.9882532060375896,1.0587292443834888,74.53023076257018,6.490349340145204,31.12182689290134,0.2754379047074443,300.4619889828056,2.539639333197186,2560.4484771919438,8.297833009072345e-07,True
75,132.8886562804331,108.5732569252322,17.01352478500503,593.6415388054487,1.084141794179878,1.0197844923413817,1.073888120321464,84.38457409629677,5.849192019636023,34.25175882296545,0.27857785232129945,297.0753776728992,2.656143019677783,2773.060555636292,7.616930593797346e-06,True
76,137.50805661333445,153.56291783734332,19.057376028415092,600.4175317935408,0.9756140287513747,1.0012040152374975,1.0754792483664055,70.1521939009419,6.832989398249638,37.97310313566298,0.29445727253338394,281.0547689232992,3.133480265796093,2861.6203632666925,6.125022229981833e-07,True
77,134.4249330062847,147.6777489405883,10.293179011729523,576.4932940376559,1.1117094193001704,1.012642989685554,0.9935729678411911,79.6590016235527,6.136858295336206,30.23194253100002,0.27109479223715666,305.27558278307697,2.3170772497509686,2552.9361146008873,1.9073876346296457e-06,True
78,146.66170154341762,124.58722572385929,15.390951364187599,613.063600174021,1.1244607656403474,1.0352765014993668,1.0787000769378996,41.71788033867123,10.808671964304803,38.42060626209626,0.3368090880683795,245.7137399833266,3.8048378090215116,2521.4055824782413,1.1046915745825993e-05,True
79,148.83640218121374,154.87944434300644,12.37448159520595,601.5650409531377,1.0443622961865393,1.0086728312606996,1.02239398425517,34.91040298442946,12.721348604043751,40.60471364786602,0.3355578150926459,246.6299903246357,4.036981778418668,2582.121232638622,6.109900768825012e-07,True
80,132.83712259844805,54.30309713969986,14.275746987094486,572.6300887859767,1.0922738874132913,0.9676052873527438,0.9459154379933574,84.54296496021134,5.8401070802369945,32.28264265611184,0.2608197751007486,317.3019402293689,2.4787977934427956,2628.7165720129756,1.4056096721731643e-06,True
81,138.55191785507085,146.12370919378287,22.996545174177864,610.6709675795786,1.0933125186240804,0.981430378541283,0.9685720290873023,66.92601753978386,7.114169322041339,34.207268288937286,0.2969139625100276,278.72929918834717,3.119125693650966,2579.3609358780855,1.0192890287014468e-06,True
82,145.34101410999264,70.43862497345853,12.59095465634731,606.991051702893,1.0750137909009132,0.9707349325334947,1.002274011835185,45.84164844127216,9.92631520030023,38.318807910455305,0.30545978369686067,270.93131438796905,3.4867977964857038,2567.850848310828,2.790777956711359e-06,True
83,147.50374845791666,96.24773439233385,24.00298158941638,602.7161653267412,1.032421758166747,1.0036993194691701,1.019295048335178,39.08458246586531,11.469524745352492,45.08540077087727,0.35059156719133955,236.05422501360007,5.042836798484652,2715.5302737056604,2.3627755863995537e-07,True
84,132.94388777866203,85.41105276224106,13.5732003561808,617.751153731338,1.0956824936597018,0.9689721810448981,0.9620729025418916,84.21480890063883,5.8589673078869025,31.70199698626592,0.2606328142059934,317.5295518401078,2.428100291794175,2607.4902092310413,1.4274036156307041e-05,True
85,132.62384836877703,66.72991094058769,18.981041687076896,619.5150976959483,1.130167486062231,1.031934306492558,1.0304369131341684,85.19838662943444,5.802872677248294,33.830915277313395,0.2836579910387116,291.75494188126316,2.678541835724474,2715.008344703615,1.989446813387349e-05,True
86,144.7497150927319,142.53431200173327,12.190223543961721,599.4426435813402,0.9853443667306282,0.9792609649298329,1.0516969650675185,47.68547946113453,9.581165753437755,39.738229815583324,0.306107196108965,270.35829847069516,3.4710690601431153,2702.189066001555,9.156609700453617e-06,True
87,139.17419941667006,23.707942374458934,13.948944447222328,584.9580654125559,1.0165748204742409,1.0379999102085706,1.010096220912935,65.00090807605318,7.295250564951695,41.46710697994017,0.304028375188246,272.20689726218257,3.270520011734081,2963.209070633097,1.4613832521673414e-05,True
88,136.61535160491619,150.15001437235296,23.996837859597132,599.0091238700599,1.1305933602324503,0.9876395404364238,1.066399484530994,72.90815535160334,6.61249974457279,32.52975873254335,0.2899811600020439,285.3930948102693,2.9408505690730338,2562.5634189693096,1.5176530605243463e-06,True
89,149.24801674461332,26.119659076873464,24.146551153351673,593.0522093862736,1.0739703995011873,1.000428971073746,0.9337063009351313,33.6194576738366,13.171433794620462,46.09245052646049,0.36010418744815986,229.81854578286175,5.628785472487368,2664.8868924729118,6.120151618932852e-06,True
90,133.032186575652,105.37509049662104,27.767488956878744,592.2648610942465,0.978388788960666,0.9784683004593886,0.9275797376187318,83.94338540006235,5.874678348245925,38.95809909945358,0.2852637745197206,290.1126188524648,3.228586601810768,2976.865340629518,7.885971834118611e-06,True
91,149.0947770932789,167.62919649365776,27.611627413907122,615.0018155627381,0.9703615988656018,0.9943985888028739,0.9975444327525956,34.10015599987597,12.999857223223124,45.996112171011056,0.36350096551546945,227.6709790090866,5.894232770433513,2734.4982660617798,1.0266584984055884e-05,True
92,142.86085621819288,26.74660128785897,11.843550552291504,596.1218674839287,1.1406568634307253,0.9825497512371849,1.0743282456630088,53.565545406255296,8.639182989451307,35.88748027585566,0.29380197674278,281.681633347584,3.1248855898103107,2552.5921045601362,1.509775836714029e-05,True
93,145.92509960663386,21.87454083300228,16.346284790369438,603.7830821012246,1.1158730434803243,0.9742817871705909,1.0659529462836492,44.018822887213524,10.29595514938246,38.900558051349165,0.3139145295509166,263.63424722025115,3.8320217323036947,2550.641122249839,1.1133706895785836e-05,True
94,135.68554091018962,90.23946132119725,29.809396318031812,578.0410957751758,1.136014615665916,0.9989908945869477,0.9049852736501689,75.7757663481148,6.400103793187534,35.176323064359494,0.3006043063061297,275.30750210003765,3.240627457968645,2661.646455615374,1.0635245862697847e-05,True
95,134.31328691937875,133.10088307046763,12.863457838918007,598.4025160078477,1.084839584964187,0.9642691739413298,0.9358393108759169,80.00267347388792,6.114791612829099,31.41491018970676,0.2632501422853274,314.3725582490134,2.4304496773840527,2586.8199964503137,3.5955250568182207e-06,True
96,138.6664552237777,69.75620652005941,20.536074889173044,582.0827001897494,0.9769607801938511,0.9854092203744562,0.9397944161270072,66.57178753729856,7.1467029566974425,41.37147413491173,0.29883795738459557,276.9347689763095,3.467651238121745,2919.7839679989615,8.439086732461526e-06,True
97,139.9284321972493,51.38150036659965,14.527301165873256,619.6714612444108,0.9961193189052676,0.9782632870371024,1.0261436027612516,62.665668977599545,7.529843373002504,38.996189051302395,0.28942847800411425,285.93807098857343,3.193321202988513,2795.2698498388195,1.2876829135395714e-05,True
98,135.02003885226574,161.0200630681741,29.888774039769665,600.5146626392824,1.109599578386383,0.971553523936261,0.9884143246452428,77.82645577613637,6.25781367283614,32.39304365890729,0.2874601757633789,287.89595104741545,3.0200990266946577,2599.125435629932,1.595011000436615e-06,True
99,133.69173183041917,91.46926635198427,13.702701653615726,573.0697085517614,1.0081692828101632,0.9864132657473543,1.0523729620611881,81.91523879148076,5.995370938608602,34.81879422349305,0.2681557678693139,308.62144546518846,2.630752776123461,2789.9625464022542,1.0260490730578469e-05,True
100,149.510643810634,29.876513305421707,15.803831326637262,597.715556086159,1.0759498093396467,1.0129253581426707,0.932028663659692,32.795362614075124,13.477282477508808,44.59294179044913,0.3494962431370223,236.79402086508017,4.743002156194664,2637.5625035519365,4.66411384659729e-06,True
101,133.63497703778293,31.426790706752314,21.44487344427835,613.3368424413694,1.1034098681895168,1.0162806449860031,0.99665120404553,82.08981655719803,5.984747444319471,36.14775603290331,0.2868656037935424,288.4926585664019,2.9276675583345484,2798.4023237083056,1.6155171574800239e-06,True
102,137.08257752518105,151.9210936460352,18.75925752897769,619.8841524785378,1.0437769345252736,0.9681279193098989,1.0335288961036704,71.46607961509581,6.725751370328591,32.88895583659707,0.28033341420545194,295.21497080259826,2.807999474078583,2584.3628264656036,7.969465981226559e-07,True
103,141.35222343575705,42.14141695752036,28.676630036593433,618.6303157331397,0.9926601339229019,0.9614458661494265,1.0580389515242987,58.25146771170796,8.024664259333376,42.20273754769553,0.3100797341501784,266.89464539328253,4.199189043703867,2841.874642965028,1.4187393458862737e-05,True
104,134.27245774762235,30.577231733061126,10.072426159804982,574.786675763397,1.024003306340089,1.0178534674967132,1.0284335141353065,80.12834495824366,6.10676968932014,36.421300780849116,0.27299989801943814,303.14524397281133,2.6558857371859936,2885.4608794685923,1.9637585055190924e-05,True
105,136.52324519786913,163.30870457155274,27.03910301006067,575.5271863755372,1.1324103168972828,0.9777164735873286,0.9625956414850338,73.1923497766965,6.59070728753171,31.188242085981784,0.29135371426592926,284.04862075696184,2.941086733629191,2487.36255425951,1.173243726520125e-06,True
106,145.39958240705116,61.539207534339354,21.647768321734794,616.6199341150239,1.1255900728383454,0.9884619822733901,0.9215490714091736,45.6589344073465,9.962035768016246,38.97679901849086,0.3287128743150569,251.76568110421698,4.067160862099024,2528.4628724810523,7.648902331379397e-06,True
107,143.22822444805792,68.40455542771068,16.21272474774289,609.5796238452465,1.053100482537394,1.0232425199422268,1.0433428854080375,52.423080748448456,8.805664937008835,41.0295975606608,0.32021997259535206,258.443032203471,3.6330068438656684,2761.848568321087,4.65676253557849e-06,True
108,133.43644153393683,48.12642401932092,14.706047333802454,617.164445958071,1.1288282994292667,0.9655067191846869,0.9802764109375908,82.70043309968632,5.947942688460952,31.778361888428368,0.26147469062258205,316.5071942244332,2.4900571010332038,2582.739488250401,1.4495539794422476e-06,True
109,135.6252764188507,102.93949571002423,13.473070982121584,588.2293108626025,1.1345999684507215,0.9745029891689929,0.9611043590578577,75.96152664047308,6.386898096781044,31.760259378148316,0.27027266432513475,306.20418419414233,2.5247405652156716,2543.9018980149676,7.58512092152571e-06,True
110,149.65242606599384,119.43346145869914,21.164823738869515,614.8250439065845,1.0517791498688587,1.0091039870501401,0.9567005445536139,32.35032900367404,13.648928647423473,43.96451753890064,0.360639417631858,229.47746875006177,5.248316763138202,2581.526027693288,2.9075898344165302e-06,True
111,134.77931163949498,73.98253505787,14.415406808993254,581.0465051147886,1.0305805903773086,0.9771909694375087,1.0416536305434356,78.5678795786522,6.208197109080828,35.47078999875192,0.2699968928594603,306.51693733650836,2.731786351659892,2781.907998768774,1.2484011665482332e-05,True
112,138.56682835347564,115.3107674491117,17.53958216673304,574.1692213314643,1.1206142915535464,0.9870117772173278,1.0652659220613216,66.87990650513188,7.118384798530604,32.86389768883882,0.2880768507959683,287.2796632599589,2.8650898542923136,2514.9227900843243,3.116903060363471e-06,True
113,139.48935128063349,44.07405912059241,11.74849627530665,611.792597916345,1.0073610630476433,1.0267152508862567,1.0707467306203287,64.02540007887251,7.391166674227098,40.453935388383705,0.2973008923660952,278.3665398075782,3.1531112233351006,2923.7134816466096,1.2067333184958281e-05,True
114,140.4781148299618,88.62471604529021,25.34650272378333,593.5527667791205,1.0236478689600048,0.9956273971943018,1.0473356937409826,60.96240317086559,7.712284654219561,41.28900012121013,0.3139597838807362,263.59624683998584,3.8451984068984584,2845.424388669169,4.723166220161883e-06,True
115,144.65034708777017,168.78987510282704,18.119100442192774,580.2607578123905,1.1070594050155065,1.0308732652629713,0.959136377778829,47.99518862458368,9.525792168228955,36.667168617607764,0.3327395930595818,248.7188853261477,3.5749937944615104,2534.8266177554096,4.351905472840952e-06,True
116,142.34802828853154,139.1123527405257,20.85651134003463,601.0703644151616,0.9558577737817269,0.9879148714063873,0.9617342617463123,55.1594499730301,8.41843878951334,42.37836346904192,0.31598112464907463,261.9100137122622,3.8344223344162622,2857.849787881286,1.915527741311004e-07,True
117,132.49128321617476,38.168549799315926,24.760143937563818,596.5580099202982,0.983714246084718,1.006746297115044,0.9525050706651793,85.60570901715516,5.780020024203584,41.214560125903304,0.28788508650711586,287.47102426790553,3.2533847946500742,3113.408596315983,1.9834487331349435e-05,True
118,140.88546097968714,81.93174405533637,25.447693383038732,572.146593541672,1.0265309725934504,1.0276954469248545,1.0863648866955808,59.69944005266726,7.8542854493635215,41.301763322426964,0.3251239346145239,254.54484237764947,3.900973276586322,2832.189865443204,4.757937508201274e-06,True
119,135.802387268799,132.2090535216903,14.808195094943375,602.4175200677035,1.0257840510928184,1.023095636074791,1.024510814359444,75.41556267234928,6.425896045700086,36.266523925275116,0.28842625593817633,286.9316471222868,2.8096879302846554,2825.1076792302365,1.6604275279916933e-06,True
120,139.26308806899684,145.64192252240545,14.364084438320557,592.8103105122403,1.018891087399257,1.0187978230683266,0.9480128779607491,64.72580314586041,7.322007351009866,37.5360391103196,0.3009402445921838,275.0001775329341,3.0281625074870178,2777.022981655193,5.008412919421775e-07,True
121,137.84379886587507,45.19091464691624,12.728584063591313,575.9041898700152,1.1202046053280774,0.988190423667119,1.0086666960350925,69.11496722937484,6.920526619511041,33.911938818102406,0.2794137156169349,296.18667969439963,2.7378265174444256,2595.1035779306662,1.8838597199813732e-05,True
122,133.70576366860044,157.05772978056618,29.41807340797299,578.4309334107614,0.9663498460167511,1.00235742896963,0.9711590914592001,81.8720753034009,5.998004530503812,37.531141789605776,0.29514460268269227,280.4002510546613,3.230079939088577,2930.929332961337,1.7366051263695247e-06,True
123,138.1093674605733,163.8946435823801,13.65638437114748,595.4377289051638,1.064799551404564,0.992040234432207,1.0058851637709485,68.29424801464627,6.991675949054908,33.20702009597572,0.2844944359662539,290.8971502678942,2.708715398816905,2609.189846022664,4.795966681789034e-07,True
124,143.57524122767572,24.74517102160371,28.80148987874444,603.5716772111459,1.0820363849076395,1.037343360929839,1.0669742675404612,51.343395929580424,8.969807915498567,44.30427452861571,0.345349635817803,239.63720272551944,4.667878879205143,2858.1671077169544,1.3618184700017902e-05,True
125,143.19151559928756,152.08456009982152,19.580568285575055,598.7449387039982,1.0154009459893623,0.9843291503948683,1.0798942031801495,52.53726512738964,8.788700121636467,38.98114890703286,0.3127473458507819,264.6181391708468,3.6597149850601327,2688.095713296104,1.2486738972282589e-05,True
126,136.96884481902507,61.04141797900519,16.713398424235653,617.1023108299839,1.1085397245935857,1.0328842601057626,1.0441714694073603,71.81718094259077,6.697759197973128,36.1392160865483,0.2965041485946176,279.1145455533011,2.9404111559558324,2727.414678614369,1.4227046330074767e-05,True
127,135.32596680773892,122.04307745646507,17.90095784239,583.9588223864085,1.0790677301733536,1.0083571959807895,0.9981856274607364,76.88394529191699,6.322268540388847,34.410522866299324,0.2862883831300728,289.0743235363988,2.777839105835095,2699.703980733453,4.055647660986954e-06,True
128,142.25446745920286,79.65349540628185,12.817952608659686,584.056468946045,1.0985301391097961,1.0056641760031062,0.9987217207924214,55.450128834161546,8.37955009107301,37.03641142883182,0.3035764194285006,272.6121509880538,3.157607453820839,2619.7471243118744,3.899927740463958e-06,True
129,148.33877404291297,154.32426037656847,17.332158923378895,586.3718151431061,0.9657791895733543,1.0280481097429406,1.0780545987153554,36.470051415849106,12.220082983220548,45.755899890863155,0.3514557462333507,235.4738016851407,4.656691357213131,2800.806042316975,8.214444937733038e-07,True
130,145.82754367476818,75.67585549392632,15.665401683498802,590.4702224077799,1.1340156036624671,0.9652200841646708,0.9753285480120002,44.323381133480666,10.232080063022332,37.02517123742254,0.311132343824646,265.9916988132159,3.635385320456538,2458.1780790713656,2.2047403175688007e-06,True
131,144.4065608395284,89.80370874016256,17.2127941647418,608.2186111984877,1.1401227758331194,1.005353948111859,1.0408329474519542,48.75484088063032,9.392951261804154,37.29955293966034,0.3194251458907907,259.0861169018603,3.579753869382894,2527.213459538169,1.7706495388553694e-06,True
132,147.30408649741383,146.66126962873255,23.37763929398737,582.7866830170624,0.9639161115062953,0.9994924059512629,0.9440920305434353,39.709266885346175,11.304823921066951,45.5654210259451,0.3491458016774132,237.03169361354216,4.938739335133295,2784.735703990489,3.586382271572193e-06,True
133,140.516149884765,137.4715340692763,25.279278355430087,597.5477168744525,1.0498505700079115,1.0138951418186233,0.9739051462829491,60.844503782328125,7.725291157802087,39.24996975642933,0.3207792096289093,257.99247022708784,3.689367496133156,2760.7402550775873,4.4474390170331974e-07,True
134,139.53661546584436,113.62637482839328,16.982477746899015,582.7448407798026,1.0392560161514321,1.0320887150088944,1.0063620287503792,63.87906862027921,7.405807287525828,38.69955971026887,0.30909833000748166,267.74205052370235,3.226818802133457,2793.2890321849177,1.884620618951521e-06,True
135,147.85794586066294,112.58449295460514,21.85164052255081,591.0959130938352,1.1432484311475066,0.9964797379118888,1.0157331484268988,37.975953917573406,11.775160623385704,39.45322405295507,0.3434309233826515,240.97603056392606,4.555711140223291,2468.3431431326158,1.2068908848215413e-05,True
136,147.44985161406206,162.8609604229544,10.775930947230357,605.4978412474118,1.1293307531253018,1.0134224048299367,1.0955652482034575,39.25322793992431,11.424544037866356,35.491106562650174,0.32201607300087925,257.00152144091646,3.4459444274534285,2437.261483587969,1.4528482520922887e-06,True
137,141.36394610715874,87.37748630460204,16.368784483664562,588.8434946228832,0.9609442618848876,0.9686203548970659,0.9001632811847385,58.21509113628152,8.029053726467883,41.682259757432426,0.29914026233596763,276.65490443646155,3.4918874053080278,2857.097622962742,3.1620568864408775e-06,True
138,145.97555448858287,150.79276574823763,10.719827271775795,599.5542098384559,1.0245790783581252,1.0108603416607624,0.9817391599442434,43.861292220264204,10.329342173350181,39.57450685034137,0.3198677744534893,258.7275971487049,3.4887299205108975,2659.3231806977287,1.7232611948678326e-05,True
139,143.89506366787325,162.97725997909873,28.888691494914074,578.5297791870989,1.0928400768537672,0.9623469885831061,0.924876584435203,50.34787889300261,9.127393095501736,36.121061057577506,0.3222650417055062,256.8029726453608,4.076806068350512,2500.858727299336,2.1430208249011886e-06,True
140,133.97459310028657,117.77354493006726,13.88586254713182,574.0831466028176,1.1150187313694606,1.0103898724838734,0.9599400093715985,81.04500723475633,6.049009399220116,31.582678001222334,0.2755293701703771,300.3622468213836,2.460297144862732,2590.6809497990726,7.2656459884554775e-06,True
141,139.85242770639942,43.64869922532306,18.320829484688957,611.9624687027392,1.0762074534401094,1.0033672006644225,0.9947721965665963,62.90108898741338,7.505404117407698,38.61533040729069,0.3026037860289477,273.48838484703657,3.3153568662412334,2743.8940103785626,1.5635396194534708e-05,True
142,146.71549003694577,49.012757076248974,10.84230959112685,589.0930058035972,1.0292130177865149,0.9821254349410645,1.0345652775653311,41.54976528005947,10.848358962560217,41.387767767507626,0.31220820192977106,265.07510109638673,3.720554834216852,2680.9405147944585,3.88994478010204e-06,True
143,137.91127737247504,86.05770738238708,23.85094071792387,603.6623845910096,1.1221316022635885,0.9774469987037839,0.9647460018173162,68.90645397154496,6.938442333095905,35.56773903250171,0.29469253329213624,280.8303955486189,3.20421860058273,2628.2226074402024,8.70818045470163e-06,True
144,141.95764032691463,36.140338624733786,23.015224376738896,605.771061722172,1.0208409076559692,1.0027117399545638,1.0876030801682866,56.37209194586145,8.258857870329365,43.12900123112157,0.3182367533413955,260.05362303603573,4.013225571912641,2884.348564942873,1.3108766215253004e-05,True
145,145.07482695691053,71.32643109705461,26.829399211629458,577.9411035983543,0.9612630596366304,0.9924856401328799,1.0929581880717727,46.671878664019346,9.767528006186913,46.52085989234864,0.33710488692582996,245.49813396168233,4.90826509787131,2899.083943603538,3.0712972682455925e-06,True
146,133.32206185215276,58.41966042751245,17.124186281337355,615.4187109842735,0.9934336911665067,0.9602365343000018,0.9042718955526621,83.05216430354267,5.926987836133878,36.74033475953657,0.26730862501299546,309.59951511340785,2.799713226704905,2857.8862816229775,1.895930384227739e-05,True
147,137.62507673684829,96.79166837896177,16.812099626179382,607.2350955110805,1.1136231249219761,0.9801739170980441,0.9907475539416055,69.79072258649539,6.863200553354455,34.01894277439896,0.28371830736023906,291.6929170332882,2.846830145150834,2594.1297380830906,7.3066296115759955e-06,True
148,135.438201323552,148.75316007053385,21.29807059072553,582.4782546838368,1.0502572437611508,0.9997191596043495,0.9400443888800609,76.53809331047451,6.346318226510444,34.648456697176705,0.2901671730107818,285.21014224644944,2.8871478475479475,2708.809754305332,1.6714644079721517e-06,True
149,147.3708300500188,118.40348672511232,27.093067554664376,594.5711980947087,1.0667977350598195,0.9858094056849603,1.0915574521964864,39.50046581299546,11.359295640344657,42.41502222616035,0.3457284498036795,239.37463271145117,5.109961160320827,2620.4764346595693,1.3547599100752217e-05,True
150,144.47911717762534,47.56034939736858,13.356889713311645,604.6282462612421,1.0720061342503553,0.9817173002109225,0.945416792587459,48.528777477751156,9.43204845775788,39.43262532864973,0.30799875627251755,268.69790544358654,3.5024755344986214,2641.8341949237733,8.006294695622134e-06,True
151,139.14386211389447,32.791257741752645,23.71713903694097,593.3275767285292,1.0325084304309142,1.0387209066739809,0.9491931228556986,65.09479347967472,7.286171004074468,43.45232278736647,0.3213265884632473,257.5529808642678,3.7840220643874063,2993.230595059194,1.647361449785452e-05,True
152,143.4115222610315,98.16838070933628,28.531861297507174,587.355518787109,1.0917131024590936,1.0073981308568287,0.9333799147020443,51.852842248346484,8.891505760249734,40.9338800639581,0.33696443984863156,245.60045780151563,4.33562607408771,2694.2394769324155,1.6243600017398891e-06,True
153,134.3851934403621,52.71491270688831,12.308812904474282,587.5548515753645,1.0982216043487216,0.9849658577580473,1.0725447381020823,79.78133353448418,6.128981744975199,33.64467583233103,0.26575955007992236,311.404127019206,2.573018802183185,2701.322723611025,1.9735605386258203e-05,True
154,142.43672164435324,76.45913308200265,27.503532596786158,579.9726018937636,0.99769658312636,1.0226847613578476,0.952219072461049,54.88386104358998,8.455689077034025,45.04941069928351,0.3372022051219137,245.42728200645732,4.4249601437100194,2932.644835698361,4.25210282753193e-06,True
155,132.32657948846548,156.12638753092898,18.812549283334967,594.1972364578418,0.9989710735104816,0.9909095594694327,1.077939469664391,86.11170785459933,5.7519322689439765,34.123460520387006,0.2718436094780439,304.43467421785897,2.6624869280807326,2823.275743245307,2.1247860848222707e-06,True
156,148.76516177100075,109.81327297264423,20.170710624793138,571.7023988672412,0.9653768724853329,1.0060179815223556,1.0603538786619215,35.13375312572638,12.646834365341862,46.09466209473675,0.3515261740172005,235.4266248339326,5.0562465722012355,2726.482096955103,1.0138072825398446e-05,True
157,137.19902023762853,41.33384252761472,22.815761809007917,594.7819848679521,0.9857092948809004,1.0351507386440162,1.093069007675933,71.10656569957389,6.754700698343516,43.75117677064732,0.309027292831587,267.8035973177191,3.6339926003603433,3113.0949019562913,1.4222221812343385e-05,True
158,136.4822462783682,28.361892090475553,16.269549253139417,593.9829661872686,0.9968080050605972,1.020493507549118,0.9546490633432941,73.31884265863641,6.581061954200755,41.382475306463796,0.29416650621535795,281.33257505892925,3.188752314561061,3029.156436994934,1.696178343621877e-05,True
159,133.79584689011637,94.45858938885867,22.475142330636203,577.3892908100254,1.1454153551202564,0.9630621815588065,0.9517545096991661,81.59495469461967,6.014979232718775,31.593933600968693,0.27287743729861763,303.28128814508773,2.685086264721051,2533.7722960955157,1.2783467353871517e-05,True
160,137.31778509223838,34.98128672182123,10.155310450450237,571.7882309097491,1.119149037565814,1.0208991671989518,1.0206542684573428,70.73983349295595,6.784534442378827,34.03971962051232,0.28236223027770113,293.0938058119979,2.6498125982918213,2642.391753424638,1.9981300363088528e-05,True
161,134.02848055441694,49.70780463609145,11.7519845102083,616.8319011521745,0.9630080949157255,0.9716505440751155,0.9730971509145744,80.87919230020464,6.059360654459845,37.42648658982997,0.2642453939455909,313.1885080528423,2.731147431865693,2930.0563798239777,1.688708283282396e-05,True
162,142.9684051877005,134.9927388111017,13.151319633911157,573.9076451457029,0.9793075353374292,1.0049650118479867,0.9088339404652169,53.23114014214491,8.687173376250339,39.60583285218381,0.31097947200015724,266.1224554706728,3.33966875641245,2734.425022172339,1.7882774719220313e-07,True
163,146.34415805560548,60.16510265911294,17.780959239936582,601.9289715787472,1.113216769674712,1.016007390129163,0.9559198080324516,42.71009425131748,10.580803097280087,41.15038128376401,0.3364667984819164,245.9637059675684,4.088419044194872,2615.066124381484,3.897667081154775e-06,True
164,138.00197478338987,77.77497829717316,28.460619017914965,572.9738908325099,1.1373737668928963,1.0367525289592063,1.0952444707760924,68.62616712008769,6.962696453265423,36.75377275840668,0.3165017512751741,261.479187259545,3.493915733917369,2694.9958055966044,1.159877690669848e-05,True
165,147.97053222352855,126.43743765223493,11.001769915780377,609.716305643387,1.0005045299773028,1.0296453233160987,0.9178568464283116,37.62344108728007,11.876118490567587,43.539673665676126,0.3385361664491649,244.4602051169098,3.965019329925425,2726.0410924064918,3.983241371337596e-06,True
166,143.78284601830032,110.87496825676686,10.357980856106348,585.224714688346,0.9540417166271209,0.9668182624364479,1.0984187532908354,50.69722938005335,9.07138789026495,40.23139269775646,0.29407883146949665,281.4164497189908,3.345933438828258,2769.59020944236,3.4299219952668965e-07,True
167,138.3833496795355,128.25813581751908,26.89401912036095,576.1396605390092,1.1460184634321233,0.9810461296666309,0.9715792527968832,67.44726214829677,7.066917918601984,33.208779805372295,0.299924492130512,275.9315189692572,3.204807606102163,2506.4070681694534,2.515408928965458e-06,True
168,139.02649073368164,80.89266328123568,13.032706236671887,604.2050407690884,0.9649025104789354,1.0119176544016644,1.0232728085229887,65.45799283944484,7.251291638162877,41.39556586483714,0.2956025923176799,279.9658150518371,3.2053209571171632,2978.17079800231,3.899411236093368e-06,True
169,149.36149868115666,56.67795523481848,17.450492265556335,611.6499124188631,1.0089982844318905,0.9947243596963605,0.9384527822887947,33.2634039188271,13.301717656037642,46.10304947983951,0.3469721772235893,238.51659044213628,4.945450111634775,2692.300132060041,1.3973736419649378e-06,True
170,143.6803714133854,35.27964536579198,26.040301679598514,573.5627429570957,1.0701201048282742,0.9913966861623748,1.081924709321202,51.01620236286817,9.020922458665378,40.80889574932055,0.32518465280534714,254.49731398976508,4.259637591439997,2690.745871947174,1.4175270567207173e-05,True
171,147.15177503929618,39.26297351005863,15.260102144922678,592.5346235430512,1.1056765231207335,1.0147510344184376,1.0848359991903669,40.18568365411537,11.182656261622206,41.28775216563992,0.3322512513826011,249.08445143628725,4.069370886422522,2621.8056867869077,6.70148092672547e-06,True
172,146.0932157186457,153.48976482780725,19.641853647676932,606.3780820637032,1.047971709289007,0.9812021105892581,0.9921401251900744,43.49388576480923,10.408150044373066,39.20486780247188,0.3266777779949797,253.33409942235798,4.022089451874237,2575.627844108078,3.930593991299009e-06,True
173,146.15137187143907,88.02310681429363,19.82077289151671,575.3148731739444,0.9872087487873461,0.9611359369098733,0.9033527732372449,43.312266047802645,10.44760089062361,42.58552324875312,0.32287369397518884,256.31887092051153,4.270306779185773,2672.4551327148884,8.200438030694088e-07,True
174,147.24114892016988,77.58933937280815,22.386206052014916,590.1194855287756,0.9824662201439662,0.9790287746712389,0.9055564012653915,39.90614279894089,11.253985341299563,46.54307973159734,0.34046872469956285,243.07260751390075,4.923979533642614,2783.5915296152093,9.682875281508705e-07,True
175,146.63435741476036,106.59491862716584,27.746218172147785,598.5354686953295,1.0684370821169638,1.0183141785821532,1.0944016082220387,41.803339005868565,10.78862007244689,43.86048249612396,0.35458364442786255,233.3966103348904,5.101098006433939,2710.559787337975,1.7477735806061022e-07,True
176,148.23152889346056,159.86327975182465,29.68026163052614,580.4689662321416,0.9584265905476372,1.0088809954849256,1.0002663005110177,36.80602436003888,12.117663763012157,47.22457820905253,0.36704237649200944,225.47429395106056,5.930954239084186,2831.3358861814368,8.125494503351876e-06,True
177,143.6254233157449,130.619201893883,17.73950032741996,604.5647035643392,0.9709899102966789,1.0299707032985321,1.0873570425979655,51.187221436108,8.994124154578456,43.610446953074394,0.3282719343550699,252.10385667676567,3.8907662962626315,2889.8447039650737,1.4393794862561742e-07,True
178,148.89040387794435,68.05433621531229,18.187754032478274,619.3674971334524,1.0562201016621977,1.0189513451480818,1.0186757524684587,34.741083115210735,12.77847570068959,43.68992679469424,0.35190872821513436,235.17069641723086,4.758385237433385,2612.0841081857725,8.535445056744542e-07,True
179,148.61360410493666,82.6523812165047,10.936531864339551,606.3533921781054,1.0404439910451837,0.9902681150733558,0.9377529647168428,35.608831720344064,12.491447023642854,41.864359415071924,0.326617711705599,253.38068856550777,3.9816215559079016,2600.387221243855,1.8521898140533724e-07,True
180,144.62033433857283,114.12806181150619,24.958800535222736,582.5937416175477,1.014576310036073,1.031134907836874,1.088943304321361,48.088723763818884,9.509209046550321,44.13888480199703,0.34488043479610087,239.9632230183874,4.514639238340365,2821.7927395170937,2.8268205697785134e-07,True
181,143.97578395141903,78.33404434884987,23.50223896606589,604.0511973216533,1.1331975471425657,0.9730077280253546,0.9308190191136274,50.096551865985624,9.168167030393606,38.058049123912504,0.3193616937031373,259.1375932724839,3.920310142396421,2537.838307026045,4.2338376873942015e-06,True
182,143.34966323950812,110.19053200243829,25.58343734514814,583.7705393891518,1.0868715695995101,1.0291847599237147,0.9960768959189013,52.045300835747035,8.86232372024435,40.690386388019675,0.3388524998692695,244.23199097419595,4.130807533325665,2701.1222661166653,8.339300464077203e-07,True
183,141.68017664167468,138.61655768880664,17.997269856664555,577.5721066252142,0.9915531960846127,0.9831434019425558,1.0176631376260152,57.23359333887375,8.149594834371781,38.51352849686439,0.30439524845901006,271.8788190966111,3.4099144706515605,2711.46800366296,3.6044181932394034e-07,True
184,137.45937878475783,41.92045225025887,17.82580811097941,602.5263153000916,1.004131666839506,0.9621155822826771,1.0255991133158788,70.30254390054063,6.8205148858774125,38.992241037139685,0.2807298972872418,294.7980300259108,3.1695180546531683,2857.6791874058076,1.679156675161833e-05,True
185,147.316681575953,138.44125446833164,17.427068285183548,581.1327905781649,0.9717289713716504,1.0345434342820297,1.0322989772514883,39.669865887246715,11.315058902674483,45.45927711394676,0.34901327974207075,237.12169562950672,4.460155478760912,2811.2242586830293,2.2442810868429317e-06,True
186,139.41664879923286,75.10047916776931,29.789381176702424,590.3409464052555,0.9690591752431891,1.0115907618645168,1.0630161761839347,64.25047307179345,7.368778060683078,45.01648436774669,0.3209480491541777,257.8567494264451,4.217494525863993,3072.5369309658604,4.999381000241064e-06,True
187,146.50664148345354,141.50657860685922,20.621875066936575,571.5215423852895,1.039889489035167,0.9795442051061649,0.9121338931216617,42.2024456841505,10.696049521647145,39.21102323222165,0.33102768507093094,250.00513377581112,4.153239611383319,2531.448441913712,5.231950055434411e-06,True
188,135.6021741323115,121.0166102295088,28.182910715211925,610.5100163925982,0.9956404078584432,1.0246033914632626,1.0364505446780325,76.03273431959879,6.381853052503851,39.97153242977397,0.3070687132822945,269.51173177181846,3.474693079220691,2972.927394605414,3.585889485562579e-06,True
189,133.88859974557724,124.76657956384365,15.013587795820385,600.3106172207596,0.9687044643557636,0.9759804164078795,0.9604197478144385,81.30959502493124,6.032579527209286,36.45458048688404,0.2706833025761846,305.73965923281315,2.73929231686664,2882.7255052389028,3.0183127916767216e-06,True
190,138.7983501779171,160.42213639486368,10.11662324281967,572.4504959900689,0.9828035369472914,1.0058883509631045,1.014881277085395,66.16381646756433,7.184603989534805,35.048563602266825,0.286087270322573,289.2775361739866,2.7324348251078567,2714.821565722362,2.991039183524954e-07,True
191,142.80887386043705,74.62860853595424,22.32983894740444,576.3473363972807,0.9539270766670965,0.9678925826437312,1.0747597672116926,53.72715879747201,8.616204028778844,43.110790210439866,0.3110992147333545,266.0200243854303,4.048975046052536,2851.278649449354,4.001207656946409e-06,True
192,135.96262259158812,164.3123392824506,27.371331706575475,595.845682718911,0.9787853256096495,1.03801601326494,1.0412196647076177,74.9215290906958,6.461674478010133,39.51895238278914,0.31158543823610513,265.604904895923,3.4304914140569633,2985.9645762089926,9.00390970405212e-07,True
193,149.74358295622494,43.06848186196576,27.157565872940296,597.4922231968862,1.0466331050850723,0.9952603406699095,0.9102881540134908,32.064150275279566,13.761822776374174,48.05955898949213,0.3679894812766714,224.89398447623947,6.298702754166382,2708.2945121612247,3.0413459218149876e-06,True
194,137.49887807629386,116.7849340106852,19.978055687211842,608.5954960095728,0.9735208091718361,0.9950078800120354,1.0635506418126752,70.18054405826565,6.830633101795582,39.38454329172745,0.2941920555145183,281.30814254965844,3.256354908121938,2900.3329548090996,2.6428945704618487e-06,True
195,137.86707986829074,27.24930077315878,21.2254207268819,582.1772564168638,0.9815139440160098,1.0283880034161959,0.9934334346986174,69.04302915151872,6.926695400199515,43.50948077332151,0.30890788090277777,267.90711990835126,3.5866093964405747,3065.5488011202365,1.564459518287178e-05,True
196,149.54789161299283,94.0810553985433,15.404027809923797,589.5987388583354,1.0474997199699523,0.970466043084393,0.9725227791199814,32.67845653070253,13.521919537530556,42.33291498132906,0.3337129058067679,247.99346758730238,4.5613689665020205,2537.6961701430055,1.3974995472663647e-05,True
197,141.43007349104997,146.83773281763558,13.229425681726763,616.4449218803051,1.021366866238202,1.0382535737470906,0.909116389362561,58.00988140427827,8.053918976948097,38.28386147364682,0.3145396127150317,263.11032806107403,3.1533662444482315,2736.6655395303846,1.8553033548800852e-07,True
198,140.12573108160734,29.516694483242496,25.061849514818924,607.6646244023053,1.0197330222305394,0.9671158650724494,1.086622906998625,62.054443906744574,7.5941611515057375,41.01758801998574,0.30112843592579475,274.8283151513757,3.807067664043788,2841.0088432837547,1.7020523626750114e-05,True
199,133.06085291096483,57.837235689592376,23.304163939317046,612.3865765705352,0.9942983361030846,1.0141580128303214,1.0069447885793545,83.85526225121862,5.879801127593521,39.93804082345896,0.28904847132020434,286.3139884866445,3.1625030955536215,3036.841914235493,1.7784099897946274e-05,True
200,142.02054559807215,23.77725624187257,25.383254939594035,607.7569945325287,1.1429827183836938,1.0398237461194406,0.9342452042111392,56.17673377355671,8.284101011240397,40.681432908932116,0.33516954440132296,246.9156940779865,3.976109408291635,2730.2696795316715,1.7552434967097717e-05,True
201,145.73914636769584,144.58892961105573,10.602910523266557,577.2293699861312,1.0948325303839141,0.9822633507861552,1.0132188406383347,44.59931117213125,10.174962404886687,34.83640879402436,0.3058301731852568,270.60319074378606,3.2037671900759284,2432.6283786645936,6.845505050258849e-06,True
202,138.2479887519019,80.40371055985833,17.195832930570667,580.0251167769436,1.0585294655242197,0.9694682741003514,1.052821887773148,67.86574932271212,7.0295068922373805,35.79947549846986,0.28304985470091576,292.38178121342605,3.00761660679586,2670.6347839733717,8.283781203889997e-06,True
203,143.440896273638,127.32040597278527,17.27159227265433,617.5411761390606,1.0039122683129578,1.0341915904120422,0.9656609687348404,51.76144694887383,8.905439809136746,41.496105186649736,0.32902327371279627,251.52816624727583,3.704893115818868,2777.9859204542413,2.2931808314008098e-07,True
204,138.32479438888825,37.21529989978895,11.438434326458573,590.8773249874715,1.025216787945602,1.0388881816642512,1.0641959104611063,67.62830210154284,7.05067687007348,40.1634677935849,0.29580951537799194,279.76997489044385,3.066459756052142,2954.5872482261043,1.497606451861289e-05,True
205,145.12252097642556,97.55980433365679,15.887385663558943,575.1501981882802,0.9589231412447404,1.0218899600696913,1.0987735625190589,46.52314486752183,9.79555766174807,44.2860049177513,0.32891226725645567,251.6130559068737,4.001118283277037,2853.2489297585303,6.831137107337468e-07,True
206,140.3743963759629,38.62787737743376,15.5565433635287,598.1345090279939,0.9802937988366381,0.9986438051919905,0.9158365431918315,61.28387691046456,7.677074361434114,42.8757240685129,0.30229548156125247,273.7673095946896,3.469770666339287,2961.042778945663,1.1882045451974359e-05,True
207,140.84700329666373,91.98944600959585,15.121277832495457,585.8751675130223,1.1062981633156674,1.0302413288936094,1.0881128260908521,59.818704190881135,7.840619649372574,37.08415916359553,0.30791569111395345,268.77039098026296,3.166385418860202,2670.1319899476453,4.692181862950893e-06,True
208,148.09096276007904,93.39449047788244,12.20411133227948,592.2162828413026,0.9548830144268747,1.0391392534848563,1.0793745162010886,37.2463031939512,11.986244759845068,47.85044782103362,0.34371439093326334,240.77729321995085,4.350687267498809,2902.8127354054586,1.8538015418638698e-05,True
209,140.53533553226387,105.94053640383339,29.587878191373594,600.9977866513216,0.9724678346731448,1.0241696705578263,1.0445887781187353,60.78503085116233,7.731871277487759,45.00455314854711,0.3303711391440428,250.5019684954143,4.316736922614672,3033.3844051517312,2.055300987236979e-06,True
210,136.92473451847448,148.54015665204093,19.751463785987177,613.6270890652269,1.0876952782735787,0.9666949212001863,0.9225292026414632,71.95334065180104,6.686977137980938,32.44922366150311,0.2823974315075826,293.0572712642856,2.7921042241211755,2541.735039520069,1.4033535890490352e-06,True
211,139.31334093014868,139.39975314248187,26.4874377524331,591.441367088743,1.1284540293767833,0.9860581553356775,1.0842428915590818,64.57026066972567,7.337236353763128,34.42661074853544,0.30315858196519796,272.98788691113384,3.353941047890311,2568.150353262244,1.185588299058717e-06,True
212,138.88977258813748,155.65869909971255,24.398651398823297,588.7016204740993,1.079961030875281,0.9720201179199187,0.94605938172211,65.88099578777819,7.211153890361484,34.58036827966605,0.29792145645692647,277.7867081944144,3.2130311082714806,2590.962743425153,6.280646162474694e-07,True
213,135.88647440067442,64.28592361239086,29.215064319059586,582.9194779574052,1.012016095198914,1.0239048518777747,0.9224202610079737,75.15631803552749,6.444612162808635,41.98572111696454,0.31092408063022026,266.169865395789,3.6651129819245063,3026.497004422643,1.2912546874139238e-05,True
214,135.38116931568356,118.82370413999168,22.553241234878953,595.2971460814863,1.0217737755936007,0.9703062889487543,0.9746234126418508,76.71384330486553,6.334069910458963,36.421399579968515,0.2831592136876358,292.268860376726,3.039244081588564,2783.8497753659585,3.6648636471112012e-06,True
215,144.8879698875383,22.8954939720676,24.06684617693947,599.1849753804705,1.0348743709131898,0.986806987056081,1.0140184105060372,47.254498110156725,9.659429676604598,44.198708726653756,0.32957643416745463,251.1060018557222,4.522759477480659,2797.668156443769,1.1815444846216224e-05,True
216,140.61911268747315,143.3659924792504,23.1831793573705,609.4886289513103,1.0639788587902506,1.0095459430804372,1.0151656144908667,60.52531635314309,7.76075777779718,37.48111898106535,0.3150841195915605,262.65563874477107,3.4941203907672698,2680.502727250633,5.192564171697526e-07,True
217,142.7364569679597,66.92618437111548,17.381648408139277,574.952932546855,1.1391936475582156,1.0099170681283605,0.916684604243669,53.95228490076958,8.584423978349623,36.802576514148654,0.3157231264617234,262.12403765641915,3.3807775970751086,2543.885964210519,7.616403271142787e-06,True
218,142.11560150597398,97.15681069403263,11.511457849743632,607.8923986994378,0.9562440710397606,1.0356015510030645,1.0577445339121154,55.88149882048583,8.322584610743078,43.19575035851122,0.312254534875514,265.03576872838187,3.4375996549087398,2972.7417710583068,1.1945913544013765e-06,True
219,143.11524127882137,25.17853017066886,14.572289803139245,619.12701370762,1.1140788731344202,1.005462606013844,1.0007506591603559,52.774501805450846,8.753687657661278,37.492359220802356,0.3089110703604976,267.9043538099049,3.346584761065557,2594.0167879343417,1.4405435928868595e-05,True
220,135.71962791030012,141.96806147183275,24.90615154437868,603.2418640370236,1.147801354769717,1.0075702964652478,1.092200473141457,75.67069064672474,6.40760233309511,32.67039805125729,0.2931905313178415,282.2690771003732,2.9324352115659966,2592.020250200079,2.641040959705032e-06,True
221,141.62843314948256,148.13052691234387,15.727902418502365,611.2552351384488,1.0731732578393187,1.0286175920042608,0.9388964562264183,57.39421875198676,8.12958573504378,36.865775365138795,0.3151966966633657,262.56182747385355,3.195582027296868,2641.720489771167,2.0175113214161268e-07,True
222,134.8804392086056,147.47077990285055,21.666282757620145,575.043540119686,1.1411720018081963,1.0284497693773558,0.9112899874735062,78.25643630440447,6.228924579397392,32.07696468989137,0.29592965974533114,279.65639118726705,2.721958720313955,2570.5920011182284,2.0555248232622715e-06,True
223,134.9443920355228,55.71860980931401,18.715932748477613,583.1817449684673,1.0456904605559536,1.000038042235421,0.9118244954257382,78.0594632209361,6.242119102586879,37.67803907046181,0.2861051236590481,289.2594848747929,2.9703713267209197,2849.4481588233457,1.723775938190215e-05,True
224,138.72139576373274,142.75796406917715,22.42540451774574,601.7464583766011,1.0356866140522543,1.037044189065193,1.0359062480782049,66.40185584169505,7.162433234753117,38.86361424999587,0.31555127589441523,262.2667915224863,3.390762584057434,2830.0078464025846,6.671001086263353e-07,True
225,139.6890343883888,65.34913403132867,21.485195245884178,608.7438757564496,1.1398430028401143,0.9808866472506244,0.9250291686739519,63.4071177808244,7.453486889320438,35.9541593394599,0.2999296272692328,275.9267947056348,3.2627063909880785,2586.1043768101085,1.267726776359805e-05,True
226,137.55792844670322,49.25238302963227,25.827560134731712,612.1225976819842,1.0853021629133004,0.9863561099518741,1.0329516227580087,69.99814735385606,6.845826193364319,37.722855635805715,0.29749809276155575,278.18202100537866,3.4098212382355313,2752.053918649726,1.0820789105727608e-06,True
227,134.12014347305794,168.03518504881166,22.935550250796137,600.1612405325392,1.0449758489613847,0.961966610020191,0.9236589345747293,80.59711894109925,6.0770673773983175,32.66104204189586,0.27606538198686537,299.7790599242634,2.752606447240211,2652.8751300750573,1.056408015236843e-06,True
228,140.25204879123152,136.28874904255434,22.093642947210228,584.2640043769877,1.1486094279218853,1.0038811901608642,1.0497621015556744,61.663038506649514,7.636017510619765,34.133446764399835,0.3074034075379127,269.2182931623762,3.220921512537178,2522.816990982307,1.099192225699573e-06,True
229,149.0167539230569,103.63884907801896,14.214652718208878,584.4149350062065,1.0164019600566707,1.0123299814180902,1.0622288306422774,34.34486472705813,12.91435769335748,44.13169349118544,0.342222302008991,241.82708199853354,4.450325591451189,2669.294623339719,8.692854902074534e-06,True
230,147.01612772357151,46.77635685815281,23.68406355025296,587.40396775541,1.014490209163679,0.9781993676372094,0.9241602190976972,40.60988814758756,11.076289838598225,45.65965692241603,0.33955567439007683,243.72621909001947,4.952730943681812,2755.4513094346503,6.734366165991092e-06,True
231,138.96211816886796,78.55603529913927,11.456057900317672,619.4188274472499,1.0784949201696206,0.9890062045641016,1.0977812591528844,65.65716870041565,7.232327884183597,34.38589949711889,0.2806542803405761,294.87745773635436,2.78230404292196,2617.126835511594,7.304560348798079e-06,True
232,136.43321950920387,104.52118284486727,26.618459334251085,586.9793397350834,1.0047453640942814,0.9978226765662641,0.9821447362224629,73.47009611983465,6.5695721783284355,39.691930481866095,0.30089552576412204,275.041047817146,3.453498793183175,2910.0030371440116,4.987379159378268e-06,True
233,149.00080641882042,120.25783104887554,20.763554778808366,598.8835128003216,0.9518036267602354,1.0250519313154278,0.931515022769335,34.39487830533744,12.897033030776774,50.08191805354148,0.365080612570842,226.6858820765134,5.408682756093076,2873.6501743363065,1.1102486681643254e-07,True
234,139.45801158559175,47.84242825668754,26.90581493271378,610.328608000319,1.1279558500456532,1.0288124002134242,1.061125086509946,64.12242420231519,7.381496151752988,39.01236650339396,0.3195967733175873,258.9469844472331,3.699323020599449,2754.4889707163293,1.718656301955796e-05,True
235,134.90326887019344,149.2900364255455,12.940825630946625,585.3459179155635,1.1311589952361505,0.9899400001219307,1.089499674880617,78.18612305071152,6.2336269829205095,29.843788035476265,0.2679562159688623,308.85128150664764,2.3894472587049207,2512.3471302021653,1.947038556116328e-06,True
236,144.5925744020189,164.73977911857557,13.778656912071881,607.2587897633296,0.975133777729836,0.9840648493492662,0.9607556731990597,48.17523456443015,9.493928612654328,39.56933537327819,0.3113858962302191,265.77510957165725,3.5080386293646835,2705.2161396601814,3.5234155565138874e-06,True
237,134.19907886299308,104.88648809034743,16.100149758964243,602.0675850758754,0.9939544794859627,0.9914495086608798,0.9766797656382076,80.35419057509232,6.0924164671380225,37.19378907630641,0.27726905768915,298.4776641843568,2.826916330724735,2893.668360793679,6.258834918004497e-06,True
238,141.88595221944618,124.10922567516043,18.232801011416317,610.1818693518203,1.0693336578088566,0.9856371069336826,1.0698509137040253,56.5947068021037,8.23030520714592,36.65236002237244,0.3040159009830451,272.21806629867893,3.3408708176209014,2604.1379278696104,7.54943378512418e-07,True
239,139.59730557990565,61.72066108998421,20.902354415557824,582.3269635116856,1.0891153453768383,0.9727972478807809,1.024311222189851,63.6911578131289,7.424706620795605,36.88836586028508,0.2949787672590185,280.5578905175418,3.30122291855089,2653.4949476599236,1.2952013123908868e-05,True
240,149.58498947525496,35.77823926937279,26.117286617511976,580.1515713727127,0.9604406731138408,0.9949689227186944,1.0550597787940406,32.56201447925431,13.56669803242216,50.99034044861983,0.36355902342630547,227.63462149752033,6.3546329861854645,2855.4621590864645,3.876268650489598e-06,True
241,132.70848097209162,144.28291574660028,14.88332925139888,603.9123055251404,1.0977244690649441,0.9963255341096654,0.981338962944334,84.93831516560192,5.8175785273153435,31.21330982703793,0.2691121330816402,307.5246728639648,2.4149503024412766,2626.6683499033056,3.5890686801939773e-06,True
242,145.01760027994538,169.62601876068672,12.046795231191897,603.3898135504602,1.0591947499249046,0.994128264395267,1.0421772259277715,46.85032711832529,9.73413332322479,36.15546480434624,0.3097411471628571,267.18639563293783,3.275691285887849,2549.328351877493,3.4240188532730998e-06,True
243,142.16258295796405,135.436357701811,19.455721206111033,610.8352149462625,1.0375741864088148,1.0085676132324541,0.9266168721316719,55.73556537836411,8.341757466893707,39.11262099279585,0.31869720708681726,259.67789754464536,3.5416692146917645,2700.0343973931585,3.0443855483110453e-07,True
244,136.8767627014396,143.57842962235011,12.477311563310634,573.4883787921221,1.0528832349833086,1.03659058630529,0.9860876339275711,72.10141245047748,6.675298019566566,34.21553068433345,0.29180356400926183,283.61072617683465,2.674129698495952,2690.769693958733,1.3430192172521482e-06,True
245,135.88905005096126,81.52806339775951,15.48719446197854,585.4377084427052,0.9991170367047831,0.9672985243717531,1.0018260698173482,75.14837680922464,6.44518751651755,37.09743844983205,0.2739803039469536,302.06047477660434,2.8906505532640527,2827.5299999440012,9.157408934782735e-06,True
246,149.44431095254401,64.67866813864144,10.578045129510214,599.7256579496295,1.0719578323700474,0.9958058626322822,0.9130236949782377,33.00353880343281,13.398579610668449,41.89510688941266,0.33212794741621865,249.1769251382603,4.098869543386242,2563.0190487426485,6.521830349403023e-07,True
247,137.25353797392088,168.9687621705319,29.63133282595509,584.5726277366973,1.0900660506341195,1.027965880111077,1.0568682205048945,70.93822732378833,6.768356762291514,35.12515906206773,0.31284761926427496,264.5333241923943,3.3440950197030204,2703.3881183838175,6.970962233019337e-07,True
248,148.43900999827088,125.56861280785593,28.21802633442965,609.2349846571252,1.1379190177992744,0.9616612927650512,1.0691227298166486,36.1559883022721,12.317544409716286,38.839038859416995,0.3427207465689741,241.4753746838014,5.25306924185832,2424.921402703615,6.087293355278153e-06,True
249,143.75528115070568,47.27464689465083,27.45950204523552,589.3228912725959,1.1271365565034877,0.9805414442095564,0.9681469655768706,50.783034925074354,9.057750071296036,39.818558047713196,0.32576752264064607,254.04196225216148,4.269648929303033,2623.962679062392,1.1224240514486624e-05,True
250,138.84609699254875,112.18794748464347,29.12944399807875,586.1031868843446,1.088017280928443,1.011676537756271,1.0162342618926883,66.01611266652155,7.198441361659595,38.085770186709325,0.315625632533108,262.20500542196646,3.658599687719104,2744.3542039879685,2.9478431234181105e-06,True
251,133.30483891964337,105.69071643201033,19.873817913896815,592.46608216857,0.9982717194696307,1.0243992370850545,0.9255700285731405,83.10512338767069,5.92384809272607,38.77292813777714,0.2902080565978253,285.1699627496673,2.977726464582115,2986.8984802453297,6.797820859772892e-06,True
252,149.12541074660152,158.50776093713725,27.572885478235957,608.3082335507961,0.9843166465486257,1.0156457817414128,1.018061159228135,34.00406999329016,13.033765468924503,47.16986161371042,0.3714730919883236,222.78496740285163,5.997743462650744,2778.885465122503,4.280299332668342e-06,True
253,141.2583999352163,133.76387141440074,10.518083341504568,583.0579206610172,1.0778633768559287,0.9751309112201946,0.9579130481756412,58.54259163286982,7.989731610351117,33.903118115367754,0.28655324922774106,288.8071271663785,2.8119867456574306,2527.4937666634905,5.202494123707783e-07,True
254,141.49158199470256,139.71514061598373,20.32650222052265,605.8883033381721,0.9886886923502907,0.9639257718661604,1.0487152124899428,57.81898977427587,8.077207763152618,38.814165946294295,0.3005840986075774,275.3260105009724,3.524497599967064,2726.756183637283,3.8237624196459856e-07,True
255,144.95666035867163,140.2497648468855,13.28383208224244,579.6770210916411,1.099735096037026,0.9711552184094516,1.0559926180040557,47.040338994168756,9.698853197866455,34.73103589446145,0.3029949463560388,273.1353168920791,3.266594738831677,2434.7689960472235,6.530044775604258e-06,True
256,143.04697908704222,130.80570033864757,16.4816459944133,587.0214524545177,1.101229307175898,1.0264208818256577,0.9372481200906302,52.98679803079384,8.722621832146526,37.67188262413217,0.3221640928618165,256.88344084066574,3.3977267181736295,2606.5046548467403,2.7972490215089983e-07,True
257,149.1456231289145,57.32507185319505,21.83971335340309,615.2992799398833,1.1264319856026004,1.027259324250964,1.062997466419824,33.94066908570377,13.056244449833367,42.747556678147006,0.36136502976517987,229.01668361056653,5.136815653154766,2547.5899031395998,1.9114164510795712e-06,True
258,132.4120698178031,162.26994481469714,22.53064186732046,616.9472547704988,1.060290977856204,1.016924525895266,0.974028531905312,85.84907661534635,5.766469476679253,32.67510428703233,0.2849860237340543,290.39536607902073,2.6680852900365237,2705.646456548979,2.148583800796942e-06,True
259,134.07506472187438,70.24872275318671,16.625566072348317,593.416769213576,1.0575949080531546,0.9692639548930242,1.026805384757658,80.73584263665396,6.068343748261967,35.085593401784884,0.2688113970760899,307.8687198155868,2.7404664099796876,2759.3021870839893,1.5165902475118173e-05,True
260,144.4203797944201,50.35022014353498,11.564682258790972,570.253206589501,1.077232130609067,1.022433967787442,0.9762585347359041,48.711786957092954,9.40036937360935,38.62245297869767,0.31598064405749693,261.9104120649749,3.3687078779139736,2623.469141705571,7.516912471823042e-06,True
261,133.2339539332159,158.28604952199095,14.964730247800013,570.8866163790602,1.1246494577852857,1.0358638612673259,0.9848232436024351,83.32307921758233,5.9109683311103645,30.0325874489421,0.28068835058507907,294.84166520323873,2.3702454334249543,2553.6272557021366,1.849676251252045e-06,True
262,148.16250273900508,151.38750661713212,24.21255158763632,574.4079091215679,1.042388914945705,1.0142785199417643,1.0479349844046895,37.02223831511935,12.052735380427736,42.157393649371144,0.35675560985900817,231.97566738295114,5.003714267963997,2605.841601192893,1.4522376784024897e-06,True
263,137.70847292754604,159.1123568896307,11.245652210519976,604.9783714197288,0.9698918573412267,0.9905847163399563,1.0827257851341383,69.53308497094163,6.88492519006101,35.827961319607304,0.27899712936735577,296.62893262491895,2.768626350878239,2799.527188660275,5.10672819246707e-07,True
264,136.39806807030436,25.35453301893989,28.561404652872202,580.6633319856504,1.0299128425975974,0.9740139815809421,1.0856310707232588,73.57853747980471,6.5613636435823475,39.341424060650425,0.29221547060006325,283.21094882386166,3.5498538917215643,2879.222509413303,1.370899333369144e-06,True
265,148.45164010422067,73.40841666844655,29.526596014143507,588.4676017582586,0.9901807246475753,1.0044579122770187,1.0275259749080372,36.11641185940463,12.32994619955839,49.63976973894682,0.36610430055723087,226.05203097503087,6.227854036413693,2851.9102874908517,1.5135728013735908e-06,True
266,140.0728945187101,51.61910291020836,28.918111885058533,600.1219900736938,0.9744048650088958,0.9773770701922363,1.0645758003429107,62.218144191878764,7.576811452720231,44.14750995994878,0.31081091766231655,266.26677502869785,4.193609150310406,2997.1817794952726,1.22288933401918e-05,True
267,141.5486652538122,98.43620325589009,13.50340506352666,578.9856963758828,0.950182348225622,1.0253761823673961,1.0291991452679392,57.64181856041288,8.09896067660111,42.73325175226879,0.310934688733342,266.1607845261326,3.4534380470983956,2948.244194313222,1.2301037027644167e-06,True
268,144.23585467957807,78.87508459079535,19.736737354223123,596.4746699272898,1.0417885724813702,1.0228248114114404,0.9408502424940659,49.28662120828066,9.302395117711939,43.31247098303806,0.3339849352554393,247.7914778592019,4.052687076051656,2792.767021097699,2.6329344085914506e-06,True
269,140.0190669190515,121.36725017996591,19.947099559673422,591.6008363205484,1.1490929997557573,0.9700659063866954,0.9914539149066911,62.38490406422818,7.559231106083926,33.40714916337941,0.2935606502768459,281.913194468021,3.0677877436532603,2480.9278120829354,1.7656182294307447e-06,True
270,139.3498991387569,85.90895923584765,23.553622905392757,586.7097703533472,1.0030332295807167,1.0334469902793215,1.0043133503852124,64.45709994509191,7.348361990172121,42.84116019985133,0.3201626689700911,258.48928907256925,3.7467361000978556,2971.375715270535,5.9324260058061e-06,True
271,141.80931188806903,101.62393337031214,28.956504974081717,574.2527638993951,1.0642210565881092,0.9981834543800702,0.9425642734556152,56.83267730548797,8.200030381968887,39.53286753478274,0.3258097368878159,254.00904675280148,4.05142363380142,2692.6945231347354,2.3628869532215447e-06,True
272,139.07887998319472,116.12550810380883,22.19222477506454,573.1599615948137,1.0270415142131464,1.025934884626606,0.9887693113107766,65.29588342882853,7.266811654890391,38.83291793816319,0.31375802359262767,263.7657508867599,3.4078418415567024,2785.9706932328795,2.1426635978305834e-06,True
273,136.22132260121748,53.15895614465812,24.84902612360236,617.4145456141761,1.1022005306302889,0.9944759924842989,0.9871244002052453,74.12372941713272,6.520458920589154,36.3403890831873,0.2943046605567982,281.20051015530385,3.187378544707807,2714.2377333433583,1.080203087039782e-06,True
274,144.53984528602416,62.99170603501724,13.349454342948798,594.9288108368112,1.0119549634351788,1.0392954066156217,1.0129333918308439,48.33955004100793,9.465056107080281,44.135396687512504,0.32788754129147185,252.3994061003003,3.7837798412613752,2881.4179337935766,3.5390574168955504e-06,True
275,138.73728672667065,131.31512748122918,23.90389508556587,591.7776701877907,1.1470532966051898,0.9626790158898229,1.0032265280256896,66.3527028652749,7.166998262587682,32.910217847142384,0.2913635812960467,284.03900144804425,3.09834418088875,2490.6084476331794,2.038872806477632e-06,True
276,146.31857579717158,165.52175919920793,29.032439489485647,570.4091516967574,1.0432102588524752,0.9739591480877976,0.9826594417061763,42.79001046344964,10.562909633725722,38.765849265712625,0.3387117100669797,244.3335090873882,4.725442607408125,2545.580346226876,3.3906304757909254e-06,True
277,147.6258236035881,99.30514306370918,23.758583996275362,579.4545811804763,1.0548392229102366,1.0029174330424317,1.0108777963074322,38.702555267604225,11.572867875487882,43.22939945326894,0.3497583395835212,236.61657585692154,4.9201591761919,2629.357008277094,2.0102282141216792e-07,True
278,148.18504288163086,26.931150616536744,11.86832414109131,602.270763292637,0.9909335014678863,0.997449445609907,1.0372870587846224,36.95163716270952,12.073853141778962,45.423692320463225,0.32768120537978374,252.5583381986697,4.219299452741349,2794.3745737638515,5.7139636147191795e-06,True
279,144.29614403030692,90.77861454901925,26.500360983069797,590.2413976463009,1.1075395498159608,0.9696649409170965,0.9855031359855613,49.098823139553474,9.334150945432791,39.08025197224758,0.32353513868908146,255.794845113212,4.2244307315873,2577.1566010503207,1.97723860276393e-06,True
280,148.10801320505615,135.9535389624439,26.38060499369454,577.6441537236071,1.1178908211113143,1.0236101455992357,1.056424805792311,37.192902949586674,12.002018418481487,40.853415034379275,0.36183030120693127,228.72219494498714,5.11373773166341,2531.381964231309,3.414833618222844e-06,True
281,146.017932233696,33.82607356842975,29.35676969257991,584.7713094697128,1.0696998446364756,0.9779164588659586,0.9067288627089461,43.7289714033191,10.357572111954326,43.73618215403156,0.34129939016914784,242.48100955773762,5.093723625127271,2705.2412068979434,1.0597216408438975e-05,True
282,145.07802524307309,99.86521265569446,10.437541320784119,594.4627755069523,0.9528227798142191,1.0304842343522571,1.099044327014601,46.66190511554404,9.769401983800165,44.73095081498606,0.32133232268916384,257.548384790753,3.711074980489711,2931.8967670586867,3.71322474469789e-07,True
283,145.53771421144216,42.516785755130186,20.224682958900946,606.1926528014689,1.082893076559646,0.9933136476705609,0.916437980707905,45.22794909086167,10.047436629639822,41.78883948546029,0.3298342494086436,250.90972462087316,4.176414268343579,2660.88632293099,8.91754441841137e-06,True
284,141.07394273794512,82.52060727115881,20.715710383201515,570.0254283317095,1.0453816265263416,1.003510400746003,1.0721522825246053,59.114841494879705,7.9220688568299735,38.42579325213124,0.3102873253896952,266.71608511793767,3.5052534039184424,2693.4531400488836,4.783395565953734e-06,True
285,142.9766390520399,83.93441078602136,12.516981110667805,608.4465176197366,1.1416134891709968,1.0333560773900967,1.0899180741212116,53.205536390105216,8.690872624380619,36.553581905805615,0.3121929805297955,265.08802519907,3.184762900679202,2585.021819343953,2.9171533364502047e-06,True
286,135.10115122246467,27.670666664504058,20.831982316319486,584.6884106375276,1.1388612873325392,1.0065315155869579,0.9944072722112283,77.57659260243292,6.274748343037097,35.355318983975145,0.2876975524306066,287.65841068327046,2.936988832637159,2708.8794186361256,1.5425215832728627e-06,True
287,145.16856483271044,114.90036198884675,10.02326868743471,585.831229272829,1.0941378282059304,0.9747909398563555,0.9193164800152337,46.37954779657631,9.822789844413997,36.03416782713174,0.30232178722353975,273.74348851828734,3.1871855704657834,2482.642607351517,2.3242444939745227e-07,True
288,139.64115814517126,103.5395305766382,27.44578320296416,617.347221573699,1.0029906752712492,1.0300482756069513,0.9798749824343342,63.55537142715499,7.4384330403474195,42.10464445507909,0.32561970774009286,254.15728447159125,3.9069984631923607,2915.8018670141614,2.4128063556510485e-06,True
289,143.8901963622074,70.93547040406122,25.948537279675676,616.7069290341274,1.0014251983725153,0.9852177614647347,1.0138135394557681,50.3630326432963,9.12494764138502,43.414536592030274,0.3274580844740211,252.7304244834451,4.430932386283017,2801.0372166038765,4.105151001324959e-06,True
290,143.66795740872107,50.62360434223851,28.375078657683503,570.7923905575758,1.028147239117794,0.9685244356924777,1.0769123777496432,51.054840496852535,9.01485225114695,41.382071423419724,0.3215875127734414,257.3440118241117,4.439768372916295,2713.039751557957,9.816570209902221e-06,True
291,147.21271118777832,101.0970842832966,15.779849308898854,598.0540891972342,1.0505146034177224,0.9934610960412046,0.989449939502342,39.995093378902766,11.231180095306307,41.66791237975316,0.3300050045587184,250.77989589982047,4.0993255378228035,2619.6738953664617,1.5050687485512884e-07,True
292,140.7381186746728,160.95171092955937,21.35704685737714,594.0056750081236,1.0068675430437362,0.9799080322751245,1.0390808028309615,60.15634380187669,7.80222529207936,37.7225219267216,0.303776360276334,272.43272193521824,3.4340672952039677,2718.5547442546317,1.6726029255504786e-07,True
293,147.11242629454142,126.00319608372948,22.892745368808168,605.5947967219156,0.9882740893264745,1.008031120302315,0.9643721287542736,40.30874598426328,11.151568680600963,45.91079855921425,0.34981009525179924,236.58156757907207,4.890980906414415,2786.1353590583726,7.579580205655403e-06,True
294,135.56827319739492,83.57365229732305,28.277574472664824,577.0218099835312,1.1218924148567555,0.9769108547484138,1.0113481340188377,76.13722323116247,6.374467125571049,34.4383974705752,0.2894473025291765,285.9194746902609,3.149095551322563,2636.3840113036185,1.3218933309838813e-05,True
295,137.6644616496343,159.17285008160908,13.097108005413101,609.0643897234861,0.9676924948171974,1.0363230338489413,0.9023451468180986,69.66905300918661,6.873440008351914,38.38111372689111,0.2998234834487322,276.02447859560783,2.9347269685433885,2902.893461987602,4.290749083489783e-07,True
296,135.091390741629,59.09337952829512,19.0302822846779,607.6210836547459,1.0018102280405183,1.0068562892589095,0.9412882748758902,77.606660481377,6.272704697637912,39.848764949041325,0.2896172876032225,285.75165997354077,3.1112062044909696,2973.0198649762074,1.4882429302269856e-05,True
297,133.47665156817547,102.35150936916712,20.669826506279783,585.7065451267549,1.05838136800372,1.03244680250537,0.9775962993013828,82.5767728343803,5.955352325391197,36.73091960016258,0.29213103412140695,283.2928070739019,2.9061467174172964,2862.8792110072322,8.094237292526044e-06,True
298,138.35732204933316,30.35053086251405,25.639307207301187,592.6841990613445,1.1382356665060525,1.0076680408216356,1.0117499716707807,67.52773532845534,7.059687938560507,37.851362601162315,0.3071160452388627,269.47019529796563,3.4703055486523855,2725.4222482937175,1.1554114069117768e-06,True
299,146.8668750152967,32.69442138417432,21.925683478079492,603.266111410654,1.0569276183622964,1.0011119671045172,1.0438752557803326,41.0765444267264,10.961816627931913,44.36726149428416,0.34071066036094105,242.90000378028262,4.714392114392045,2726.4094205973106,8.207941532975979e-06,True
300,136.05728668615666,100.74966151620268,11.98067929817758,611.6001142296416,1.1084781780190789,1.0071669012518722,0.9723196431813524,74.62962259963267,6.483037285119021,33.310352593493995,0.27920555278742853,296.4075028717747,2.586147533191235,2635.4418645260052,6.309002196864645e-06,True
301,147.73095661337044,113.26142676056341,24.568522538652605,614.087093813871,1.1443904723414355,0.9892261405885512,0.9785437764542475,38.373492946874876,11.66353286771805,38.96686764870646,0.3450221458880143,239.86466282230063,4.722031793469924,2442.554867996079,1.3132877397092459e-05,True
302,135.46783116938386,72.84695382895953,24.1500920031034,590.7033217183135,1.0222047980709634,0.9851320486017608,0.9774093568142388,76.44678165484345,6.352704122139084,38.94700727833215,0.2901810942883178,285.1964594475887,3.2596102909858815,2892.4870857729015,1.2260710413160474e-05,True
303,142.53281348522376,166.273083457009,21.954886556662895,615.6974545306947,1.1065076540212258,0.9977032717913604,0.9205426187176933,54.58524762636383,8.496476082495798,35.07062678839684,0.3184121855505484,259.91034402958525,3.447948673424191,2505.8191033608623,1.2824518724465711e-05,True
304,141.47532642081418,74.29485945320118,27.30111972319591,609.7779637157803,1.012706531078983,1.0257742916109607,0.9805699421598277,57.86944039241185,8.071037848532626,44.237715067581235,0.3325627229217685,248.85116396260437,4.242270684033261,2938.530726932059,5.267910937804513e-06,True
305,140.17820646131844,71.96892596949749,29.19160897263373,605.6904695147668,1.0817763945169423,1.0249440645853896,0.9198726288478865,61.89185216462363,7.6114842095812625,41.34596623805524,0.3284894293585012,251.936937061483,4.005115220707581,2832.5104373648314,8.743876845189397e-06,True
306,147.55500702427298,76.22518495316673,10.463141283173691,586.4373142030138,1.1008929858321772,0.9753723634948078,0.9062389124916693,38.92417999085482,11.512668561914145,38.260784620688796,0.31456595810238286,263.08829216262313,3.59547489031742,2479.8100531611876,9.954671308676324e-07,True
307,136.70119400696692,63.70181596998796,18.420057810250466,602.7717092314319,1.0020039877946552,0.9803646472536598,0.955204365330197,72.64326234214643,6.632965674928639,39.35341319754013,0.28608470289227717,289.28013225795314,3.151419119722226,2895.035353127133,1.2136732748884574e-05,True
308,140.5981550418136,79.4231228182164,14.134694532175349,616.0762855457692,1.1017344660945996,1.0306840893013607,1.0332998673441176,60.59028891500475,7.753508039253009,36.88059025639972,0.3059693990208081,270.48005766101795,3.0948290239492198,2666.4060240224044,6.211058845120561e-06,True
309,139.8837907165341,40.94193285203262,15.208223494137133,583.5523125954716,1.0371751709227683,0.9632287868816249,1.067983207784206,62.80394631307081,7.515466420666381,37.77950501120716,0.2843216317961317,291.07395088740884,3.1562384106812784,2728.4011253458093,1.55541710086931e-05,True
310,148.5554902796008,46.168032955593105,18.577627048660485,602.9209614593138,1.0633567446839778,1.0269812338035886,1.0900406625604557,35.79096912223304,12.43296796157323,45.21490732567536,0.35243494824717697,234.8195634435583,4.833068947953598,2705.678889731801,3.502760077944046e-06,True
311,147.924207886456,160.1756245609082,27.98451523983082,585.5792987924898,1.078914549345775,0.9939530042932367,1.0070682227509977,37.768491673137156,11.834348557773845,40.80764378392958,0.35390918915293335,233.84140120163153,5.189397462835822,2566.7826501381287,1.3776088612520954e-06,True
312,143.5399985340394,67.91026945619205,20.487399806395235,613.1374131577749,1.0338025367417558,1.007908025532769,0.991723235306124,51.45307044107343,8.952819914931595,42.19396844564638,0.3251973376561178,254.48738690834202,3.9603774392016535,2772.6327790934342,4.675558016988901e-06,True
313,137.03845549048074,129.43102175264855,22.143624932100103,576.7479542184287,0.9749813369354995,0.9917769263676667,0.9202090042114,71.60229295067961,6.714858930146359,38.572630912065634,0.29698797390700676,278.6598379756907,3.23692864361255,2847.889363388838,3.7047193659449907e-06,True
314,140.34906145152678,128.41595956608887,16.876193844277385,614.672428785312,1.018149062117674,1.022346280952176,1.0049602501740424,61.362395863432425,7.6685304172094595,38.67968204486465,0.3093792334395548,267.4989519159959,3.27171130040793,2771.5249890637688,8.247072260346168e-07,True
315,146.7929732100169,168.41924007499225,20.070165326498195,579.8248179873184,0.9533543704195593,0.9646643041856335,1.0761374752912842,41.307570116411775,10.906102008299209,41.530723421906366,0.3247590075488539,254.83087078718114,4.321570907302109,2687.8535331472654,1.6268071225502767e-06,True
316,145.21379209378247,129.01802851266956,25.027905615394122,575.7889689295033,1.0906199525525688,1.0009463053965013,1.0770045385252025,46.238488530338564,9.849705435757478,38.80816320663385,0.3350198732578615,247.0260044124507,4.251810372271513,2557.800176930256,1.5253425323848625e-07,True
317,136.986347686608,88.86579263739769,23.14586724748804,588.0760248394162,0.9912783891231876,0.9967423849507234,0.9054347421404333,71.7631512098048,6.702048981821182,40.72488395018578,0.3000442733740726,275.82136382412455,3.408797459417906,2939.1861556677236,6.628792093439279e-06,True
318,146.26820847885062,75.1946580624589,16.01970510594147,588.2941828878093,1.06561282638942,0.9827913128406879,1.0509338233449774,42.94734404238019,10.527876808501913,40.4111399169873,0.32014257837505244,258.5055106062838,3.9238481639755687,2605.282080897316,1.5092025731036997e-06,True
319,136.13922314461163,35.60599198572156,23.07518651739411,606.7002138027663,1.0937670479175776,1.0346085806445153,1.0541576815587779,74.37693871512477,6.501665037000718,38.72984842632099,0.3032707742273484,272.88689752747086,3.2747086536695207,2865.902854289861,1.1706247151072103e-06,True
320,143.25437318896033,149.59713019152235,28.72751362483237,609.9697068816481,1.0174921389279366,0.9645913248547144,1.0718599836346052,52.341740633791915,8.817795096863263,39.43915904344194,0.3193520367834908,259.1454293612743,4.22679962173982,2682.9304702487702,1.576431092590237e-05,True
321,138.62717711459212,76.80796469106824,17.627788556497187,576.97350862392,0.9953742399540044,1.015335399907346,1.0592750650823077,66.69326841937819,7.135506820794106,40.214399215336925,0.30098260794857384,274.9614712083144,3.2969144191616637,2895.5402089914696,6.15942992803709e-06,True
322,132.82464570105543,111.21725742684895,12.141773616269383,570.1271341527755,1.1053385615020812,1.0354519030538345,0.9071654905838542,84.5813120013366,5.837912697330595,31.98810568467764,0.2777569088755093,297.9534191415832,2.393125646132441,2647.663334449555,7.66346837504805e-06,True
323,148.37540406647207,140.40417396758497,26.744388311746057,574.6465346951938,1.074625339216598,0.9641675914743284,0.9901634583332597,36.35528624383024,12.255502172193479,39.75492078992514,0.343499748974716,240.9277472157535,5.136290232326398,2474.5571202200663,2.598354843831125e-06,True
324,135.78761620466648,95.7037125545258,11.658717684027087,608.1226651334279,1.005516571472641,1.0327758433044638,1.0672113260882015,75.46110012549059,6.422621756211598,37.91124283553308,0.2858199679803674,289.5480720764049,2.8218708300576587,2928.629254809838,6.263671170264905e-06,True
325,142.6067777098661,71.64385174969308,12.282536265955851,577.2704922561086,1.0555845190468272,0.9999332486231042,0.9287689268352755,54.35537218163605,8.528179586752865,38.290282738632285,0.30411452791977267,272.1297836566605,3.223482465102881,2665.865486572286,5.002914889425339e-06,True
326,145.49975174899703,131.38120538553233,28.64116197936571,618.8147540858452,1.0813131003538838,0.974804327954661,0.9353563885878886,45.34640411600386,10.023802686566967,39.05524311076734,0.3356005295294313,246.59859984636125,4.553197366273962,2541.4403634856985,1.9415308381714624e-05,True
327,147.60826535769755,84.32415441807484,26.797081704904866,618.1102881598704,0.9865730764952223,1.0206812633238764,0.9014250297786706,38.757506984087094,11.55787730248371,48.277680796563146,0.3649709957997278,226.75396577285196,5.5437785189535305,2826.476172427407,5.690870515129847e-07,True
328,133.8677074095375,140.93896683725524,12.608000493118002,618.4432114767988,1.116327013809483,0.9760101280528657,0.9448870252653333,81.37387389147466,6.028604190994741,29.395669314338516,0.2631437091793784,314.4997117648772,2.3038060028901786,2489.7206475224625,3.133791257929721e-06,True
329,146.24070715968543,53.76977062593148,17.66124592064395,613.9905507414843,1.0491284742453146,1.0293165710131995,0.9831143664791904,43.03324581580307,10.508857524706581,43.67214280963138,0.3408088675400218,242.83000993199414,4.223220642292378,2740.7056120286397,4.316698888769011e-06,True
330,142.89597740293166,65.82059365461686,12.779087429224866,578.1478309052029,1.0333190405945627,0.9972030579931838,0.9630354882482097,53.45634723994954,8.654787960939123,39.488985662915205,0.3052933470268423,271.0790179203571,3.3401702837196585,2715.289323190534,5.025014074930294e-06,True
331,148.6681123716319,20.059376872283675,15.51004028012035,575.4123343935192,0.9779661859292808,0.9709590923882281,1.0174919319738422,35.4379803436542,12.54684887005478,44.953334137959665,0.3284250194218293,251.98634633666558,4.568990217858514,2710.080403797117,6.359953385197402e-06,True
332,149.79737379503572,34.4695577756993,29.937266133172898,597.8377053722745,1.1298578510281592,0.9629984223461561,1.0254820593383647,31.89526020453195,13.829398495705165,43.198792995476346,0.3554354027755091,232.83730332829288,6.338226529910303,2522.8749752638237,5.202499566048418e-06,True
333,133.2023021467031,51.926813878636636,11.10202388496795,612.6802158979561,0.956810220459207,0.9984926088736477,1.0341757451627926,83.42039655463527,5.905239248295205,38.4403635953281,0.2675251158567137,309.3489761685803,2.7445649798057095,3037.582331386397,1.5821801189611887e-05,True
334,146.45347677086744,21.03040395976304,22.711684642112722,583.345855820729,1.0689448511240949,1.0131451403009843,1.0038913579310638,42.36856164259234,10.658033868130863,44.10708269069772,0.34436671641152605,240.32119466143976,4.6794624107216,2726.706813484824,1.0107829387845485e-05,True
335,138.4951667428241,59.775991797115026,27.234222764577844,614.9157560822517,1.0261169029373352,0.9659943462953388,0.9511375478174993,67.101514184895,7.098178383286916,39.59330540729213,0.2993829384041745,276.4306514285358,3.643151602973401,2805.7159103224285,1.3898510467584359e-05,True
336,139.25293297342049,63.173569411258164,12.680483132913835,578.6648269853781,0.9521636871180325,1.00977944469078,0.932523081671469,64.75723402428127,7.318938871519977,41.90865858133774,0.2965836841153933,279.0396947711252,3.226887724171108,2986.3312335781025,7.765926880442255e-06,True
337,142.65583911017683,21.455706008059323,27.91375562297089,595.0939812235339,1.059820022372395,1.0215666772480618,1.0368384623709344,54.202880676749295,8.54935896725642,44.089721037642306,0.3351780125120789,246.90945587211746,4.452649573904726,2883.092755047614,1.5367647329122187e-05,True
338,145.26997682501136,120.54356636498005,26.249193516516186,619.0761419928842,1.117213902403676,1.0217044190319549,1.0297271148151257,46.063241703404366,9.883373990977816,39.19951882496903,0.3449694402542296,239.90131018175163,4.371039897683453,2562.4720639537773,2.330044534964358e-07,True
339,149.29047417452293,127.07828777234256,29.72804011126526,604.2620543806534,1.0341695220166265,0.993136207467322,0.9214257006402456,33.48625307005375,13.219850409423254,46.217391630143545,0.36852676218826474,224.56610803037773,6.249712445131107,2679.294481162748,5.701212490635741e-06,True
340,133.57040685536774,32.10839936549165,12.43351862009132,597.2897603845009,1.132944322081635,1.0137003745754756,1.0377057414544613,82.28842227462398,5.972716598241728,33.84067994369552,0.2715373887311709,304.77799420686176,2.5585437174712893,2729.7738254557717,1.529475888012686e-06,True
341,134.16766590002266,69.28925808061248,27.89327562153352,619.8446784848406,1.02290666577101,1.0176781191485813,0.9015476300225669,80.45086820538222,6.086296921538647,39.3801573878679,0.3008462021045211,275.08614072815465,3.3317822849163616,2939.1526009770237,1.4253490918004008e-05,True
342,141.86485538150984,152.9596382625675,21.53485358495807,589.9385847237825,1.0193540418746705,0.9836536587421901,1.0935885164959018,56.660215439380785,8.22194577120759,38.21254668853041,0.3089401499697004,267.8791367770483,3.5840691907389304,2696.7404765825945,1.989631922863597e-05,True
343,138.03944066216184,141.39438678189106,19.129502624506223,599.3621398471939,1.0076476510021457,0.9829941136754217,0.986622907168474,68.5103758217565,6.972774172962577,37.063258686705424,0.2920661001535753,283.3557905081717,3.1058856280902454,2764.481430989163,1.0935316781440646e-06,True
344,145.6538961822787,119.2801152024358,21.763560453468322,596.7517156002418,1.023395989586002,0.9660307012831718,1.0075600197518035,44.86538515119878,10.120550328702873,41.34700302303288,0.3233544550033913,255.9377779062522,4.25404423136625,2650.959202955468,1.6344374458119125e-07,True
345,144.0446231376526,22.145307505229525,18.549328387667952,588.8931271548095,1.076503840882585,0.9797063318724025,0.9583637196923406,49.882195691814935,9.20326767122024,40.391812109874664,0.3138324205202037,263.7032227342089,3.8102670469802544,2671.4199913991706,1.3192493771475611e-05,True
346,140.27441650695624,126.7250680635317,24.882224638821437,602.2363731071194,1.0352125890292976,1.01983906440789,0.9432543204265625,61.59372404472489,7.643485349108261,40.37077003657638,0.3221203888070795,256.91829379735407,3.7149783868386015,2815.7888313936123,9.828075466052258e-07,True
347,147.77511186340396,44.39670756584162,23.454102048130565,592.919935975565,1.1003235884875986,0.9764769391923618,1.0025256411909667,38.23527360490649,11.702081212141172,42.285082241526595,0.33929569729624687,243.9129683905089,4.8896766453111695,2580.3767901777646,5.4708590158566795e-06,True
348,145.5837176344341,25.69035853344404,15.99511377436929,599.8468360802669,1.123856835139,0.9919816154046277,0.96785772161353,45.08439528327699,10.076244689921108,39.42225020224077,0.3197317536517571,258.8376654631355,3.7831311669158896,2579.7425276606095,1.1287438390496304e-05,True
349,142.29892979118918,166.7282943586739,23.22129526828099,616.332023880343,0.9997439674359758,1.0101780922667567,0.9506640853769959,55.31199571412056,8.397979371474447,39.54273759853515,0.32523375457572756,254.45889156743604,3.769935249837799,2740.7853863977193,1.4040551120612886e-05,True
350,147.42114460870536,65.55322340350585,18.691155106219156,577.7632086879305,0.9971845644625934,0.9788734480658458,1.0123798405667848,39.343047960277204,11.400744845729637,44.09862260161881,0.3316150860163925,249.56229128117593,4.519894340929711,2699.022228881635,2.7647907878466792e-06,True
351,142.48301485616904,54.69622177664636,14.769722534445597,597.1421251564309,0.968130433312524,0.9737791929529299,0.9264520239079046,54.7400056814981,8.47528244094527,42.88032661861406,0.3018817135903297,274.1425431351672,3.5917948894356395,2882.3272069540794,6.943201996932232e-06,True
352,134.71710636989798,22.26677391014655,23.43248501779916,610.9031465620698,1.0275974481512469,1.0314558222903232,0.9142528592951762,78.75943714269629,6.195529807390119,40.837757376995675,0.3010314340412352,274.91687355918754,3.3082509046396007,3014.4048518097356,1.1529982443986813e-06,True
353,148.52174753005906,119.80497655489548,11.377543221321723,581.5223345821348,1.118319810810643,0.9888811540842064,0.9152697559092133,35.89671670588681,12.399287757730823,37.53928141888804,0.3252478735664281,254.44784552220202,3.7426396618064195,2413.6806850311996,1.0891240498634057e-05,True
354,133.4852113964677,56.123739517578166,20.291518622132095,607.0419530365493,1.0964460833479457,1.00462245378897,0.929279327840583,82.55044764887752,5.956932578108328,35.89768464985208,0.28335477234205625,292.06714962171793,2.855503473374747,2786.7335431973224,1.1884447063711452e-06,True
355,136.76582918210985,122.71943424515264,25.105724510177822,615.7930189976743,0.9640586522699298,0.9910254701887526,0.9083402014078873,72.4437940132852,6.6484756059726235,39.80756370870019,0.30008616695300344,275.78285773704465,3.4058557381468333,2910.72120445522,3.548166230824222e-06,True
356,146.1987846346728,38.92878911109717,20.149476516333927,581.7605332705806,0.9734477127575253,1.0050347432287199,0.9999317439191682,43.16418651831297,10.480011933377684,47.11117487700675,0.33776346758723247,245.01945482982566,4.62457023506926,2889.46361997508,6.50795404326082e-06,True
357,141.20935908950307,136.7476494213968,29.486156194549828,596.7325341805986,1.0130078900033699,1.016493750070615,1.0801723740019389,58.69474622419432,7.971612105198499,41.73896884262297,0.32886484999697474,251.64933464435765,4.166884368136857,2868.261877618835,4.994869215257384e-07,True
358,146.74689403830982,115.73060454546406,14.327101948615503,587.7939257925675,0.9505698044757922,1.0144501153529457,0.9531866442724292,41.451606599001856,10.871680179894412,45.95245824090483,0.33480330515734946,247.18579361323998,4.1723451753139615,2856.778099512471,1.0058318400157401e-05,True
359,139.97625574620986,48.54198310993158,16.522636295140902,572.7959166824824,0.9893631914646168,1.0349317479583549,0.9972151178541866,62.51752681329473,7.545316555950656,42.13192742332911,0.31191444586058986,265.32474461488755,3.4493928164031025,2941.144254737724,1.1302627855155132e-05,True
360,143.82066632278264,157.6923681942984,25.232147285452168,570.7224864955085,1.0158755242731299,0.9634926256771704,0.934738027090172,50.579494943256464,9.090175747053468,37.862269568927005,0.31892602062840414,259.49159158161376,3.959867464813925,2580.108643313126,1.3742927865955822e-05,True
361,136.00528940138247,145.2900445459974,11.300529997123236,600.7426057150909,0.9574637032311542,0.9756705098240227,0.9039763618807235,74.78996531709599,6.471282164033977,36.24611061979176,0.27279770823515426,303.3699264742959,2.6990224819307023,2839.2069253676545,1.0403746421304608e-06,True
362,142.57659691345893,86.74284582265899,27.84307340386026,578.2529928048383,0.9763644166751163,0.9713107269417689,1.0308602280937664,54.44917458359157,8.515210403418306,43.03951572164863,0.31923504147797543,259.24040264033744,4.339166866043032,2842.0087379016004,2.1026757923040984e-06,True
363,141.28957762453547,89.62322801980655,10.991153601701276,585.0943956851933,1.1027117379475069,0.9982249490276534,0.9075650321655172,58.44585454569096,8.00130071617399,35.72135585289097,0.2955003186948686,280.0627121323382,2.936445679503808,2592.265279247566,3.530347103949773e-06,True
364,146.88159682116134,93.01131957920963,24.410396841165163,579.0960971753223,1.1435013133030558,0.9971313684104947,1.0081598395550875,41.03051941005492,10.972991060597428,39.22978197458791,0.3422610697219988,241.799690385108,4.54642633328144,2483.7828409424096,5.059301914585344e-07,True
365,144.1238682367139,109.55513310135915,15.646160401836475,606.5557678894813,1.1129796154122251,1.0316174884188656,0.9854132443801557,49.635412213285576,9.244053691542025,38.43532816538918,0.3260669010086271,253.80871359115824,3.5168761027723217,2603.8287389618845,5.916375916945309e-07,True
366,145.72478440081943,63.93839585710333,17.550142028650388,589.6808161994088,0.9864692902447562,1.019281369449625,0.9148381227347269,44.6441384700535,10.165749800785811,46.354740197891445,0.3374328891441245,245.2594970797505,4.294527148322167,2883.4614626221046,2.6588721261211875e-06,True
367,137.34148602669842,110.56356263427745,10.851418984960624,615.5761880623967,0.9805843249949059,0.9674728255982874,1.060984789953537,70.66664182791942,6.79052566675779,35.701656501719654,0.27031868955515315,306.15204899759595,2.7433156331324104,2762.1322804262068,3.3450874421590875e-06,True
368,147.83041562789657,34.13507202163644,11.917736755829646,610.1156238821189,1.0388048776287788,0.9807611315315244,0.9438378927014462,38.0621434169409,11.750760901868166,42.03303806179127,0.32079676138461866,257.97835468305084,3.9609976128030087,2641.29520920409,5.8558949526579985e-06,True
369,136.26958542202226,66.15372758604543,12.97033643313118,617.9492172166516,1.0913326066772666,0.9648631334370037,1.0812688408530131,73.9748676616528,6.531567898975332,32.898345273357975,0.2666160535700574,310.4037419408772,2.624699105630013,2597.5673875454227,1.4681115190300882e-05,True
370,132.54860982308685,161.83913295151098,15.322425144900732,601.3885696365677,1.1120358049605086,1.0167935312272087,1.0714608238156464,85.42957258185406,5.789875343179041,30.499572339093792,0.2724382681167239,303.7701761273785,2.3905936440938036,2620.409626050749,2.0145981547941163e-06,True
371,133.13069271428108,129.95476659093248,25.884009782983846,581.4092078739493,0.9510690980016125,1.0244876609066342,0.9181790204910152,83.64055728954061,5.8923275567332665,40.026412830473596,0.29785110211546145,277.8523231972932,3.2249711151842666,3064.515675466356,3.339753023356371e-06,True
372,138.18116616975692,28.050712892302997,24.257387711609333,606.0321956747562,1.144850226423157,1.038510179580461,1.083041164958375,68.07231631781185,7.011210216172359,38.16422861401579,0.31255594607153087,264.78018329145857,3.434193098923014,2762.9328396889673,1.121684586979709e-06,True
373,141.78836148778927,52.32071910905708,18.88954272750516,571.2829923653992,0.9725084383569991,1.0323884773363143,0.9709095524073916,56.897724858439915,8.191799044798692,44.085573139303456,0.32376373600322733,255.61423805916985,3.81281507595949,2947.2619904214025,8.37689265922817e-06,True
374,147.90545036495897,116.52444978671272,18.28524348654399,572.5142486369306,0.9898083862582392,0.9718027852684974,0.9467181936342407,37.827222343926756,11.81752711229257,42.400366217491325,0.33206076530436884,249.22733829694738,4.443923414700083,2607.902652827306,7.939919376586285e-06,True
375,137.78669376358195,165.3522034774062,24.664098958619725,571.4466599128003,1.0313014087743178,1.0201254944104556,0.9005149759605241,69.29141329530107,6.905450384512453,35.9085472176267,0.3106928579529463,266.36795333798364,3.213199335555453,2707.0780993588864,5.636048318906468e-07,True
376,142.0861728372945,156.77259904725145,18.93214437660018,615.1519789964858,1.1103191044669403,1.0062763157861947,0.9108479811579127,55.972905434287405,8.310626456018925,35.00664264989531,0.3148162435510301,262.87913150910975,3.2596085285950624,2516.0461680643925,1.3743719293632568e-07,True
377,142.7760480011986,108.31762235573515,25.75324451437458,614.6125856202614,0.9798322089727758,0.9729548756184773,1.0462600821835917,53.82920887311923,8.601765135591437,42.02223196097161,0.3174058506400069,260.73438949780973,4.164448619900751,2795.9390575664565,7.030136006765552e-07,True
378,148.9457030622882,137.25146713628644,27.287235294970653,612.3514077909042,1.0885943886474245,0.9735775522794946,0.9098332884280754,34.567680834247575,12.837560212681069,41.144764989357945,0.35324796022384763,234.27911837682618,5.455530052490438,2497.226852776868,1.928997151339675e-06,True
379,133.5399163204536,155.29973882605327,28.778029336863163,601.3710605963635,0.9772435213862568,1.0190235042241795,0.9690395854990286,82.38220091372496,5.967055975072576,38.43650016277551,0.29922625387192014,276.5753994469981,3.2548224611597334,2988.66614543524,1.7107433574982873e-06,True
380,149.47881671831934,90.92352796012605,21.110283674520126,613.8628128635396,1.142202875644263,1.0042869494693731,0.9233013379601529,32.89525000437527,13.439394843745564,40.980037855685346,0.3563619007012398,232.23195444519993,5.010266901516322,2443.1431788911805,1.8169584703721606e-05,True
381,141.17791585667888,135.74115103154327,19.15447780226993,598.3104436035293,1.0991942738703606,1.039661107491723,0.9496811192045218,58.79229734867912,7.960044457207121,37.76458779209388,0.3225189791716519,256.6007771146056,3.3667879863425925,2675.535007448815,4.1112237181138855e-07,True
382,136.83886191528887,81.34603548459476,24.32455335622425,610.3957961958582,1.070765375148544,0.9699216055653104,0.9364655938373301,72.21839296432988,6.666105080602634,36.60038247292586,0.2901430870595404,285.2338186939889,3.2076900966133404,2711.814889705325,9.87929419228079e-06,True
383,140.99029293988616,77.30788391980319,18.605072176035733,595.511318748055,1.0513464284874638,0.9682541121327158,1.0311797980659079,59.37430831354948,7.891819288693363,38.358869387905045,0.2966574859236093,278.9702758789168,3.39467552728219,2697.4359361268685,6.1630695070342235e-06,True
384,135.50968677576475,39.900083909243875,14.671368616636169,588.6181330392914,1.0676186571171604,1.0330746184022814,0.9127587686658336,76.3177883643428,6.361751330301024,38.1085716185719,0.29142928326542356,283.97496559836617,2.9026540373133196,2882.938982903413,1.8535851114389827e-05,True
385,136.32185547526322,80.0217841916135,16.79747797164719,611.442774537265,1.0369128946613775,0.9724910911065151,0.9877768056227952,73.81363709497991,6.5436504607083865,36.20178934874534,0.2782765288206728,297.39705695045,2.9032500139905557,2750.4896519019194,9.985862859157351e-06,True
386,132.43151836328968,57.96770167893176,26.296225003355676,600.8131528380889,1.0481630538076496,1.029510724481694,1.0315767987520423,85.78932651702421,5.769789202237707,39.10406173932017,0.2938221369574564,281.6623061373967,3.184517712619642,3002.179572579797,1.9526365218335154e-05,True
387,138.45060534389341,93.61086072510032,18.08117899692695,576.0099927644569,1.0834078025424354,1.0170371247247056,0.965407062489108,67.23930728213554,7.085681423979578,36.45656245443882,0.3015181050579113,274.47313876478523,3.070521027366547,2685.864271904718,5.704808025309539e-06,True
388,145.61290894492336,45.609574727045,21.70882195736351,611.2482047291227,1.0464802426255622,1.022143260323202,1.0352416839505618,44.99329893346771,10.094621043307647,44.34750855878774,0.34151162448754074,242.33031837156233,4.468182690143549,2782.6501031157563,6.86822179003282e-06,True
389,146.93204430501507,84.84457160840698,16.064354738104498,574.5398341531798,1.0858448440837638,0.9733992799657326,0.9841930738770992,40.872797247352615,11.011475378398556,38.397418081584505,0.32046974093362635,258.24160636368987,3.8898148564035084,2476.7608248066786,1.078351721741405e-06,True
390,132.3551367094737,73.10705774308936,23.2772527812578,614.1553759175126,1.1040008263776127,1.0111451693505014,1.068901344776752,86.0239808393821,5.756778276189877,34.721443359207555,0.2820870199310535,293.3797546228206,2.838829773863724,2766.5552632924714,1.7649228710390673e-05,True
391,140.95607682487065,107.37892524473506,29.33170177103841,575.6680907660399,1.0108828619219716,0.960872180907713,1.099519495958677,59.480432786546885,7.879522964410878,39.24624951535854,0.3074935196735173,269.1393977262497,3.977294798945741,2733.3685418604337,2.1318300963900523e-06,True
392,135.26033762255219,108.92735036773512,15.068312285271588,596.9566827967567,1.0000793311768277,1.001420324150526,0.9560060998095457,77.08616317697401,6.308306788453262,37.506242392143434,0.2825854282486654,292.8623078782054,2.8566392543740076,2883.9454714999943,4.651065741271953e-06,True
393,134.57752882888738,143.8118904499029,19.22103379775315,598.7686049201421,1.0412645865350305,1.0180607702004971,0.9137890933498195,79.18921277583077,6.167332632116246,35.636523392143964,0.29108907574285575,284.30685857398186,2.832348443370942,2795.712089448792,1.7222191318515043e-06,True
394,144.26436138813878,28.62950092187107,10.673679027472225,608.9463480088012,1.0487784334404144,1.011240874167153,0.9173234791402594,49.19782626605089,9.317379736968473,40.90501317860558,0.3121064259573048,265.1615404451054,3.4366202939313717,2748.1052278072443,1.0008915816908083e-05,True
395,138.91071861533604,152.7371936252449,16.574619385868758,601.8087900814404,1.135761071734688,1.037530294184332,1.0549709685437465,65.81619369085456,7.21726934271203,33.74825599142147,0.3042482761164821,272.01015481833286,2.8883206181941814,2588.716368360185,6.26164113394431e-07,True
396,146.5962235832479,166.23735509150484,29.275745659347724,571.8785807106149,1.0063228641911852,1.0394164623950164,1.0453628824661476,41.92251317771187,10.760793718485772,43.46314997824039,0.3650760851067732,226.6886933047145,5.159934299094344,2755.2668611182344,2.2009223820214444e-06,True
397,146.0718315075886,53.69030866252256,25.4699600191967,603.029780773469,1.0316850727535942,1.0202700090451393,0.9792293904327136,43.56066418548039,10.393727367098784,46.557092930833946,0.3516105912403663,235.37010190082736,4.976425912929683,2840.548484548872,4.668437701902245e-06,True
398,134.25176477073205,111.58928445857481,15.167146997392479,578.851638811525,1.089517773531064,0.9613624873845301,1.0619614627536613,80.19203555841482,6.102713760022627,31.406416579515504,0.2626796609896513,315.05530492105964,2.5058707114816516,2574.1143465635655,7.24261634736573e-06,True
399,139.11958861383874,44.90117997419811,28.428342186422697,595.9337269551588,1.0874848164623314,0.9624757342769799,0.9663462785219925,65.16991067446293,7.278925336144313,38.60893852457822,0.30089684371276804,275.039843118645,3.6962969839039883,2729.738563254564,1.8499298379676016e-05,True
