employee,group_employee,fixed_group,day,status,shift,first_start,first_end,second_start,second_end
1,1,1,1,WORK,1,08:00,12:00,12:00,16:00
1,1,1,2,REST,,,,,
1,1,1,3,WORK,1,08:00,12:00,12:00,16:00
1,1,1,4,WORK,1,08:00,12:00,12:00,16:00
1,1,1,5,WORK,1,08:00,12:00,12:00,16:00
1,1,1,6,WORK,1,08:00,12:00,12:00,16:00
1,1,1,7,WORK,1,08:00,12:00,12:00,16:00
1,1,1,8,WORK,1,08:00,12:00,12:00,16:00
1,1,1,9,REST,,,,,
1,1,1,10,WORK,1,08:00,12:00,12:00,16:00
2,2,1,1,REST,,,,,
2,2,1,2,REST,,,,,
2,2,1,3,WORK,1,08:00,12:00,12:00,16:00
2,2,1,4,WORK,1,08:00,12:00,12:00,16:00
2,2,1,5,WORK,1,08:00,12:00,12:00,16:00
2,2,1,6,WORK,2,08:00,12:00,13:00,17:00
2,2,1,7,WORK,1,08:00,12:00,12:00,16:00
2,2,1,8,WORK,1,08:00,12:00,12:00,16:00
2,2,1,9,WORK,1,08:00,12:00,12:00,16:00
2,2,1,10,WORK,1,08:00,12:00,12:00,16:00
3,3,1,1,REST,,,,,
3,3,1,2,REST,,,,,
3,3,1,3,WORK,1,08:00,12:00,12:00,16:00
3,3,1,4,WORK,1,08:00,12:00,12:00,16:00
3,3,1,5,WORK,1,08:00,12:00,12:00,16:00
3,3,1,6,WORK,2,08:00,12:00,13:00,17:00
3,3,1,7,WORK,1,08:00,12:00,12:00,16:00
3,3,1,8,WORK,2,08:00,12:00,13:00,17:00
3,3,1,9,WORK,1,08:00,12:00,12:00,16:00
3,3,1,10,WORK,1,08:00,12:00,12:00,16:00
4,4,1,1,REST,,,,,
4,4,1,2,REST,,,,,
4,4,1,3,WORK,1,08:00,12:00,12:00,16:00
4,4,1,4,WORK,1,08:00,12:00,12:00,16:00
4,4,1,5,WORK,1,08:00,12:00,12:00,16:00
4,4,1,6,WORK,2,08:00,12:00,13:00,17:00
4,4,1,7,WORK,1,08:00,12:00,12:00,16:00
4,4,1,8,WORK,2,08:00,12:00,13:00,17:00
4,4,1,9,WORK,1,08:00,12:00,12:00,16:00
4,4,1,10,WORK,1,08:00,12:00,12:00,16:00
5,5,1,1,REST,,,,,
5,5,1,2,REST,,,,,
5,5,1,3,WORK,1,08:00,12:00,12:00,16:00
5,5,1,4,WORK,1,08:00,12:00,12:00,16:00
5,5,1,5,WORK,1,08:00,12:00,12:00,16:00
5,5,1,6,WORK,2,08:00,12:00,13:00,17:00
5,5,1,7,WORK,1,08:00,12:00,12:00,16:00
5,5,1,8,WORK,2,08:00,12:00,13:00,17:00
5,5,1,9,WORK,1,08:00,12:00,12:00,16:00
5,5,1,10,WORK,1,08:00,12:00,12:00,16:00
6,6,1,1,REST,,,,,
6,6,1,2,REST,,,,,
6,6,1,3,WORK,1,08:00,12:00,12:00,16:00
6,6,1,4,WORK,1,08:00,12:00,12:00,16:00
6,6,1,5,WORK,1,08:00,12:00,12:00,16:00
6,6,1,6,WORK,3,08:00,12:00,14:00,18:00
6,6,1,7,WORK,1,08:00,12:00,12:00,16:00
6,6,1,8,WORK,4,08:00,12:00,15:00,19:00
6,6,1,9,WORK,1,08:00,12:00,12:00,16:00
6,6,1,10,WORK,1,08:00,12:00,12:00,16:00
7,7,1,1,REST,,,,,
7,7,1,2,REST,,,,,
7,7,1,3,WORK,1,08:00,12:00,12:00,16:00
7,7,1,4,WORK,1,08:00,12:00,12:00,16:00
7,7,1,5,WORK,1,08:00,12:00,12:00,16:00
7,7,1,6,WORK,3,08:00,12:00,14:00,18:00
7,7,1,7,WORK,1,08:00,12:00,12:00,16:00
7,7,1,8,WORK,4,08:00,12:00,15:00,19:00
7,7,1,9,WORK,1,08:00,12:00,12:00,16:00
7,7,1,10,WORK,1,08:00,12:00,12:00,16:00
8,8,1,1,REST,,,,,
8,8,1,2,REST,,,,,
8,8,1,3,WORK,1,08:00,12:00,12:00,16:00
8,8,1,4,WORK,1,08:00,12:00,12:00,16:00
8,8,1,5,WORK,1,08:00,12:00,12:00,16:00
8,8,1,6,WORK,3,08:00,12:00,14:00,18:00
8,8,1,7,WORK,1,08:00,12:00,12:00,16:00
8,8,1,8,WORK,4,08:00,12:00,15:00,19:00
8,8,1,9,WORK,1,08:00,12:00,12:00,16:00
8,8,1,10,WORK,1,08:00,12:00,12:00,16:00
9,9,1,1,REST,,,,,
9,9,1,2,REST,,,,,
9,9,1,3,WORK,1,08:00,12:00,12:00,16:00
9,9,1,4,WORK,1,08:00,12:00,12:00,16:00
9,9,1,5,WORK,1,08:00,12:00,12:00,16:00
9,9,1,6,WORK,3,08:00,12:00,14:00,18:00
9,9,1,7,WORK,1,08:00,12:00,12:00,16:00
9,9,1,8,WORK,4,08:00,12:00,15:00,19:00
9,9,1,9,WORK,1,08:00,12:00,12:00,16:00
9,9,1,10,WORK,1,08:00,12:00,12:00,16:00
10,10,1,1,REST,,,,,
10,10,1,2,REST,,,,,
10,10,1,3,WORK,1,08:00,12:00,12:00,16:00
10,10,1,4,WORK,1,08:00,12:00,12:00,16:00
10,10,1,5,WORK,1,08:00,12:00,12:00,16:00
10,10,1,6,WORK,4,08:00,12:00,15:00,19:00
10,10,1,7,WORK,1,08:00,12:00,12:00,16:00
10,10,1,8,WORK,4,08:00,12:00,15:00,19:00
10,10,1,9,WORK,1,08:00,12:00,12:00,16:00
10,10,1,10,WORK,1,08:00,12:00,12:00,16:00
11,11,1,1,REST,,,,,
11,11,1,2,WORK,1,08:00,12:00,12:00,16:00
11,11,1,3,REST,,,,,
11,11,1,4,WORK,1,08:00,12:00,12:00,16:00
11,11,1,5,WORK,1,08:00,12:00,12:00,16:00
11,11,1,6,WORK,4,08:00,12:00,15:00,19:00
11,11,1,7,WORK,1,08:00,12:00,12:00,16:00
11,11,1,8,WORK,4,08:00,12:00,15:00,19:00
11,11,1,9,WORK,1,08:00,12:00,12:00,16:00
11,11,1,10,WORK,1,08:00,12:00,12:00,16:00
12,12,1,1,REST,,,,,
12,12,1,2,WORK,1,08:00,12:00,12:00,16:00
12,12,1,3,REST,,,,,
12,12,1,4,WORK,1,08:00,12:00,12:00,16:00
12,12,1,5,WORK,2,08:00,12:00,13:00,17:00
12,12,1,6,WORK,5,09:00,13:00,13:00,17:00
12,12,1,7,WORK,1,08:00,12:00,12:00,16:00
12,12,1,8,WORK,4,08:00,12:00,15:00,19:00
12,12,1,9,WORK,1,08:00,12:00,12:00,16:00
12,12,1,10,WORK,1,08:00,12:00,12:00,16:00
13,13,1,1,REST,,,,,
13,13,1,2,WORK,1,08:00,12:00,12:00,16:00
13,13,1,3,REST,,,,,
13,13,1,4,WORK,1,08:00,12:00,12:00,16:00
13,13,1,5,WORK,2,08:00,12:00,13:00,17:00
13,13,1,6,WORK,5,09:00,13:00,13:00,17:00
13,13,1,7,WORK,1,08:00,12:00,12:00,16:00
13,13,1,8,WORK,4,08:00,12:00,15:00,19:00
13,13,1,9,WORK,1,08:00,12:00,12:00,16:00
13,13,1,10,WORK,1,08:00,12:00,12:00,16:00
14,14,1,1,REST,,,,,
14,14,1,2,WORK,1,08:00,12:00,12:00,16:00
14,14,1,3,REST,,,,,
14,14,1,4,WORK,1,08:00,12:00,12:00,16:00
14,14,1,5,WORK,2,08:00,12:00,13:00,17:00
14,14,1,6,WORK,5,09:00,13:00,13:00,17:00
14,14,1,7,WORK,1,08:00,12:00,12:00,16:00
14,14,1,8,WORK,4,08:00,12:00,15:00,19:00
14,14,1,9,WORK,4,08:00,12:00,15:00,19:00
14,14,1,10,WORK,1,08:00,12:00,12:00,16:00
15,15,1,1,REST,,,,,
15,15,1,2,WORK,1,08:00,12:00,12:00,16:00
15,15,1,3,REST,,,,,
15,15,1,4,WORK,1,08:00,12:00,12:00,16:00
15,15,1,5,WORK,2,08:00,12:00,13:00,17:00
15,15,1,6,WORK,5,09:00,13:00,13:00,17:00
15,15,1,7,WORK,2,08:00,12:00,13:00,17:00
15,15,1,8,WORK,9,10:00,14:00,15:00,19:00
15,15,1,9,WORK,4,08:00,12:00,15:00,19:00
15,15,1,10,WORK,1,08:00,12:00,12:00,16:00
16,16,1,1,REST,,,,,
16,16,1,2,WORK,1,08:00,12:00,12:00,16:00
16,16,1,3,REST,,,,,
16,16,1,4,WORK,4,08:00,12:00,15:00,19:00
16,16,1,5,WORK,2,08:00,12:00,13:00,17:00
16,16,1,6,WORK,5,09:00,13:00,13:00,17:00
16,16,1,7,WORK,3,08:00,12:00,14:00,18:00
16,16,1,8,WORK,9,10:00,14:00,15:00,19:00
16,16,1,9,WORK,4,08:00,12:00,15:00,19:00
16,16,1,10,WORK,1,08:00,12:00,12:00,16:00
17,17,1,1,REST,,,,,
17,17,1,2,WORK,1,08:00,12:00,12:00,16:00
17,17,1,3,REST,,,,,
17,17,1,4,WORK,4,08:00,12:00,15:00,19:00
17,17,1,5,WORK,2,08:00,12:00,13:00,17:00
17,17,1,6,WORK,5,09:00,13:00,13:00,17:00
17,17,1,7,WORK,3,08:00,12:00,14:00,18:00
17,17,1,8,WORK,9,10:00,14:00,15:00,19:00
17,17,1,9,WORK,4,08:00,12:00,15:00,19:00
17,17,1,10,WORK,1,08:00,12:00,12:00,16:00
18,18,1,1,REST,,,,,
18,18,1,2,WORK,3,08:00,12:00,14:00,18:00
18,18,1,3,REST,,,,,
18,18,1,4,WORK,4,08:00,12:00,15:00,19:00
18,18,1,5,WORK,2,08:00,12:00,13:00,17:00
18,18,1,6,WORK,5,09:00,13:00,13:00,17:00
18,18,1,7,WORK,3,08:00,12:00,14:00,18:00
18,18,1,8,WORK,10,11:00,15:00,15:00,19:00
18,18,1,9,WORK,4,08:00,12:00,15:00,19:00
18,18,1,10,WORK,1,08:00,12:00,12:00,16:00
19,19,1,1,REST,,,,,
19,19,1,2,WORK,3,08:00,12:00,14:00,18:00
19,19,1,3,REST,,,,,
19,19,1,4,WORK,4,08:00,12:00,15:00,19:00
19,19,1,5,WORK,2,08:00,12:00,13:00,17:00
19,19,1,6,WORK,5,09:00,13:00,13:00,17:00
19,19,1,7,WORK,3,08:00,12:00,14:00,18:00
19,19,1,8,WORK,10,11:00,15:00,15:00,19:00
19,19,1,9,WORK,4,08:00,12:00,15:00,19:00
19,19,1,10,WORK,1,08:00,12:00,12:00,16:00
20,20,1,1,REST,,,,,
20,20,1,2,WORK,3,08:00,12:00,14:00,18:00
20,20,1,3,WORK,1,08:00,12:00,12:00,16:00
20,20,1,4,WORK,4,08:00,12:00,15:00,19:00
20,20,1,5,WORK,2,08:00,12:00,13:00,17:00
20,20,1,6,REST,,,,,
20,20,1,7,WORK,3,08:00,12:00,14:00,18:00
20,20,1,8,WORK,10,11:00,15:00,15:00,19:00
20,20,1,9,WORK,4,08:00,12:00,15:00,19:00
20,20,1,10,WORK,1,08:00,12:00,12:00,16:00
21,21,1,1,REST,,,,,
21,21,1,2,WORK,4,08:00,12:00,15:00,19:00
21,21,1,3,WORK,4,08:00,12:00,15:00,19:00
21,21,1,4,WORK,4,08:00,12:00,15:00,19:00
21,21,1,5,WORK,2,08:00,12:00,13:00,17:00
21,21,1,6,REST,,,,,
21,21,1,7,WORK,4,08:00,12:00,15:00,19:00
21,21,1,8,WORK,10,11:00,15:00,15:00,19:00
21,21,1,9,WORK,4,08:00,12:00,15:00,19:00
21,21,1,10,WORK,1,08:00,12:00,12:00,16:00
22,22,1,1,WORK,1,08:00,12:00,12:00,16:00
22,22,1,2,WORK,4,08:00,12:00,15:00,19:00
22,22,1,3,WORK,4,08:00,12:00,15:00,19:00
22,22,1,4,WORK,4,08:00,12:00,15:00,19:00
22,22,1,5,WORK,2,08:00,12:00,13:00,17:00
22,22,1,6,REST,,,,,
22,22,1,7,WORK,4,08:00,12:00,15:00,19:00
22,22,1,8,REST,,,,,
22,22,1,9,WORK,9,10:00,14:00,15:00,19:00
22,22,1,10,WORK,2,08:00,12:00,13:00,17:00
23,23,1,1,WORK,1,08:00,12:00,12:00,16:00
23,23,1,2,WORK,4,08:00,12:00,15:00,19:00
23,23,1,3,WORK,4,08:00,12:00,15:00,19:00
23,23,1,4,WORK,4,08:00,12:00,15:00,19:00
23,23,1,5,WORK,2,08:00,12:00,13:00,17:00
23,23,1,6,REST,,,,,
23,23,1,7,WORK,4,08:00,12:00,15:00,19:00
23,23,1,8,REST,,,,,
23,23,1,9,WORK,9,10:00,14:00,15:00,19:00
23,23,1,10,WORK,4,08:00,12:00,15:00,19:00
24,24,1,1,WORK,1,08:00,12:00,12:00,16:00
24,24,1,2,WORK,4,08:00,12:00,15:00,19:00
24,24,1,3,WORK,4,08:00,12:00,15:00,19:00
24,24,1,4,WORK,4,08:00,12:00,15:00,19:00
24,24,1,5,WORK,2,08:00,12:00,13:00,17:00
24,24,1,6,REST,,,,,
24,24,1,7,WORK,4,08:00,12:00,15:00,19:00
24,24,1,8,REST,,,,,
24,24,1,9,WORK,10,11:00,15:00,15:00,19:00
24,24,1,10,WORK,4,08:00,12:00,15:00,19:00
25,25,1,1,WORK,1,08:00,12:00,12:00,16:00
25,25,1,2,WORK,4,08:00,12:00,15:00,19:00
25,25,1,3,WORK,4,08:00,12:00,15:00,19:00
25,25,1,4,WORK,4,08:00,12:00,15:00,19:00
25,25,1,5,WORK,3,08:00,12:00,14:00,18:00
25,25,1,6,REST,,,,,
25,25,1,7,WORK,4,08:00,12:00,15:00,19:00
25,25,1,8,REST,,,,,
25,25,1,9,WORK,10,11:00,15:00,15:00,19:00
25,25,1,10,WORK,4,08:00,12:00,15:00,19:00
26,26,1,1,WORK,2,08:00,12:00,13:00,17:00
26,26,1,2,WORK,4,08:00,12:00,15:00,19:00
26,26,1,3,WORK,4,08:00,12:00,15:00,19:00
26,26,1,4,WORK,4,08:00,12:00,15:00,19:00
26,26,1,5,WORK,3,08:00,12:00,14:00,18:00
26,26,1,6,REST,,,,,
26,26,1,7,WORK,4,08:00,12:00,15:00,19:00
26,26,1,8,REST,,,,,
26,26,1,9,WORK,10,11:00,15:00,15:00,19:00
26,26,1,10,WORK,4,08:00,12:00,15:00,19:00
27,27,1,1,WORK,2,08:00,12:00,13:00,17:00
27,27,1,2,WORK,4,08:00,12:00,15:00,19:00
27,27,1,3,WORK,7,09:00,13:00,15:00,19:00
27,27,1,4,WORK,4,08:00,12:00,15:00,19:00
27,27,1,5,WORK,3,08:00,12:00,14:00,18:00
27,27,1,6,REST,,,,,
27,27,1,7,WORK,4,08:00,12:00,15:00,19:00
27,27,1,8,REST,,,,,
27,27,1,9,WORK,10,11:00,15:00,15:00,19:00
27,27,1,10,WORK,4,08:00,12:00,15:00,19:00
28,28,1,1,WORK,2,08:00,12:00,13:00,17:00
28,28,1,2,WORK,4,08:00,12:00,15:00,19:00
28,28,1,3,WORK,7,09:00,13:00,15:00,19:00
28,28,1,4,WORK,4,08:00,12:00,15:00,19:00
28,28,1,5,WORK,3,08:00,12:00,14:00,18:00
28,28,1,6,REST,,,,,
28,28,1,7,WORK,4,08:00,12:00,15:00,19:00
28,28,1,8,REST,,,,,
28,28,1,9,WORK,10,11:00,15:00,15:00,19:00
28,28,1,10,WORK,4,08:00,12:00,15:00,19:00
29,29,1,1,WORK,2,08:00,12:00,13:00,17:00
29,29,1,2,WORK,6,09:00,13:00,14:00,18:00
29,29,1,3,WORK,7,09:00,13:00,15:00,19:00
29,29,1,4,WORK,4,08:00,12:00,15:00,19:00
29,29,1,5,WORK,3,08:00,12:00,14:00,18:00
29,29,1,6,REST,,,,,
29,29,1,7,WORK,4,08:00,12:00,15:00,19:00
29,29,1,8,REST,,,,,
29,29,1,9,WORK,10,11:00,15:00,15:00,19:00
29,29,1,10,WORK,4,08:00,12:00,15:00,19:00
30,30,1,1,WORK,2,08:00,12:00,13:00,17:00
30,30,1,2,WORK,6,09:00,13:00,14:00,18:00
30,30,1,3,WORK,7,09:00,13:00,15:00,19:00
30,30,1,4,WORK,10,11:00,15:00,15:00,19:00
30,30,1,5,WORK,3,08:00,12:00,14:00,18:00
30,30,1,6,WORK,5,09:00,13:00,13:00,17:00
30,30,1,7,WORK,4,08:00,12:00,15:00,19:00
30,30,1,8,REST,,,,,
30,30,1,9,REST,,,,,
30,30,1,10,WORK,4,08:00,12:00,15:00,19:00
31,31,1,1,WORK,2,08:00,12:00,13:00,17:00
31,31,1,2,WORK,6,09:00,13:00,14:00,18:00
31,31,1,3,WORK,7,09:00,13:00,15:00,19:00
31,31,1,4,WORK,10,11:00,15:00,15:00,19:00
31,31,1,5,WORK,3,08:00,12:00,14:00,18:00
31,31,1,6,WORK,5,09:00,13:00,13:00,17:00
31,31,1,7,WORK,4,08:00,12:00,15:00,19:00
31,31,1,8,REST,,,,,
31,31,1,9,REST,,,,,
31,31,1,10,WORK,4,08:00,12:00,15:00,19:00
32,32,1,1,WORK,4,08:00,12:00,15:00,19:00
32,32,1,2,WORK,6,09:00,13:00,14:00,18:00
32,32,1,3,WORK,7,09:00,13:00,15:00,19:00
32,32,1,4,WORK,10,11:00,15:00,15:00,19:00
32,32,1,5,WORK,3,08:00,12:00,14:00,18:00
32,32,1,6,WORK,5,09:00,13:00,13:00,17:00
32,32,1,7,WORK,4,08:00,12:00,15:00,19:00
32,32,1,8,REST,,,,,
32,32,1,9,REST,,,,,
32,32,1,10,WORK,4,08:00,12:00,15:00,19:00
33,33,1,1,WORK,4,08:00,12:00,15:00,19:00
33,33,1,2,WORK,6,09:00,13:00,14:00,18:00
33,33,1,3,WORK,7,09:00,13:00,15:00,19:00
33,33,1,4,WORK,10,11:00,15:00,15:00,19:00
33,33,1,5,WORK,3,08:00,12:00,14:00,18:00
33,33,1,6,WORK,5,09:00,13:00,13:00,17:00
33,33,1,7,WORK,4,08:00,12:00,15:00,19:00
33,33,1,8,WORK,10,11:00,15:00,15:00,19:00
33,33,1,9,REST,,,,,
33,33,1,10,REST,,,,,
34,34,1,1,WORK,4,08:00,12:00,15:00,19:00
34,34,1,2,WORK,6,09:00,13:00,14:00,18:00
34,34,1,3,WORK,7,09:00,13:00,15:00,19:00
34,34,1,4,WORK,10,11:00,15:00,15:00,19:00
34,34,1,5,WORK,3,08:00,12:00,14:00,18:00
34,34,1,6,WORK,5,09:00,13:00,13:00,17:00
34,34,1,7,WORK,4,08:00,12:00,15:00,19:00
34,34,1,8,WORK,10,11:00,15:00,15:00,19:00
34,34,1,9,REST,,,,,
34,34,1,10,REST,,,,,
35,35,1,1,WORK,5,09:00,13:00,13:00,17:00
35,35,1,2,WORK,6,09:00,13:00,14:00,18:00
35,35,1,3,WORK,7,09:00,13:00,15:00,19:00
35,35,1,4,WORK,10,11:00,15:00,15:00,19:00
35,35,1,5,WORK,3,08:00,12:00,14:00,18:00
35,35,1,6,WORK,5,09:00,13:00,13:00,17:00
35,35,1,7,WORK,4,08:00,12:00,15:00,19:00
35,35,1,8,WORK,10,11:00,15:00,15:00,19:00
35,35,1,9,REST,,,,,
35,35,1,10,REST,,,,,
36,36,1,1,WORK,5,09:00,13:00,13:00,17:00
36,36,1,2,WORK,6,09:00,13:00,14:00,18:00
36,36,1,3,WORK,7,09:00,13:00,15:00,19:00
36,36,1,4,WORK,10,11:00,15:00,15:00,19:00
36,36,1,5,WORK,3,08:00,12:00,14:00,18:00
36,36,1,6,WORK,5,09:00,13:00,13:00,17:00
36,36,1,7,WORK,4,08:00,12:00,15:00,19:00
36,36,1,8,WORK,10,11:00,15:00,15:00,19:00
36,36,1,9,REST,,,,,
36,36,1,10,REST,,,,,
37,37,1,1,WORK,5,09:00,13:00,13:00,17:00
37,37,1,2,WORK,6,09:00,13:00,14:00,18:00
37,37,1,3,WORK,7,09:00,13:00,15:00,19:00
37,37,1,4,WORK,10,11:00,15:00,15:00,19:00
37,37,1,5,WORK,3,08:00,12:00,14:00,18:00
37,37,1,6,WORK,5,09:00,13:00,13:00,17:00
37,37,1,7,WORK,10,11:00,15:00,15:00,19:00
37,37,1,8,WORK,10,11:00,15:00,15:00,19:00
37,37,1,9,REST,,,,,
37,37,1,10,REST,,,,,
38,38,1,1,WORK,10,11:00,15:00,15:00,19:00
38,38,1,2,WORK,6,09:00,13:00,14:00,18:00
38,38,1,3,WORK,7,09:00,13:00,15:00,19:00
38,38,1,4,WORK,10,11:00,15:00,15:00,19:00
38,38,1,5,WORK,3,08:00,12:00,14:00,18:00
38,38,1,6,WORK,5,09:00,13:00,13:00,17:00
38,38,1,7,WORK,10,11:00,15:00,15:00,19:00
38,38,1,8,WORK,10,11:00,15:00,15:00,19:00
38,38,1,9,REST,,,,,
38,38,1,10,REST,,,,,
39,39,1,1,REST,,,,,
39,39,1,2,WORK,6,09:00,13:00,14:00,18:00
39,39,1,3,WORK,7,09:00,13:00,15:00,19:00
39,39,1,4,WORK,10,11:00,15:00,15:00,19:00
39,39,1,5,WORK,4,08:00,12:00,15:00,19:00
39,39,1,6,WORK,5,09:00,13:00,13:00,17:00
39,39,1,7,WORK,10,11:00,15:00,15:00,19:00
39,39,1,8,WORK,10,11:00,15:00,15:00,19:00
39,39,1,9,REST,,,,,
39,39,1,10,WORK,4,08:00,12:00,15:00,19:00
40,1,2,1,WORK,1,08:00,12:00,12:00,16:00
40,1,2,2,WORK,1,08:00,12:00,12:00,16:00
40,1,2,3,REST,,,,,
40,1,2,4,WORK,1,08:00,12:00,12:00,16:00
40,1,2,5,WORK,1,08:00,12:00,12:00,16:00
40,1,2,6,WORK,1,08:00,12:00,12:00,16:00
40,1,2,7,WORK,1,08:00,12:00,12:00,16:00
40,1,2,8,WORK,1,08:00,12:00,12:00,16:00
40,1,2,9,WORK,1,08:00,12:00,12:00,16:00
40,1,2,10,REST,,,,,
41,2,2,1,REST,,,,,
41,2,2,2,WORK,1,08:00,12:00,12:00,16:00
41,2,2,3,REST,,,,,
41,2,2,4,WORK,1,08:00,12:00,12:00,16:00
41,2,2,5,WORK,1,08:00,12:00,12:00,16:00
41,2,2,6,WORK,1,08:00,12:00,12:00,16:00
41,2,2,7,WORK,1,08:00,12:00,12:00,16:00
41,2,2,8,WORK,1,08:00,12:00,12:00,16:00
41,2,2,9,WORK,1,08:00,12:00,12:00,16:00
41,2,2,10,WORK,1,08:00,12:00,12:00,16:00
42,3,2,1,REST,,,,,
42,3,2,2,WORK,1,08:00,12:00,12:00,16:00
42,3,2,3,REST,,,,,
42,3,2,4,WORK,1,08:00,12:00,12:00,16:00
42,3,2,5,WORK,1,08:00,12:00,12:00,16:00
42,3,2,6,WORK,1,08:00,12:00,12:00,16:00
42,3,2,7,WORK,1,08:00,12:00,12:00,16:00
42,3,2,8,WORK,1,08:00,12:00,12:00,16:00
42,3,2,9,WORK,1,08:00,12:00,12:00,16:00
42,3,2,10,WORK,1,08:00,12:00,12:00,16:00
43,4,2,1,REST,,,,,
43,4,2,2,WORK,1,08:00,12:00,12:00,16:00
43,4,2,3,REST,,,,,
43,4,2,4,WORK,1,08:00,12:00,12:00,16:00
43,4,2,5,WORK,1,08:00,12:00,12:00,16:00
43,4,2,6,WORK,1,08:00,12:00,12:00,16:00
43,4,2,7,WORK,1,08:00,12:00,12:00,16:00
43,4,2,8,WORK,1,08:00,12:00,12:00,16:00
43,4,2,9,WORK,1,08:00,12:00,12:00,16:00
43,4,2,10,WORK,1,08:00,12:00,12:00,16:00
44,5,2,1,REST,,,,,
44,5,2,2,WORK,1,08:00,12:00,12:00,16:00
44,5,2,3,REST,,,,,
44,5,2,4,WORK,1,08:00,12:00,12:00,16:00
44,5,2,5,WORK,3,08:00,12:00,14:00,18:00
44,5,2,6,WORK,1,08:00,12:00,12:00,16:00
44,5,2,7,WORK,1,08:00,12:00,12:00,16:00
44,5,2,8,WORK,4,08:00,12:00,15:00,19:00
44,5,2,9,WORK,1,08:00,12:00,12:00,16:00
44,5,2,10,WORK,1,08:00,12:00,12:00,16:00
45,6,2,1,REST,,,,,
45,6,2,2,WORK,1,08:00,12:00,12:00,16:00
45,6,2,3,REST,,,,,
45,6,2,4,WORK,1,08:00,12:00,12:00,16:00
45,6,2,5,WORK,5,09:00,13:00,13:00,17:00
45,6,2,6,WORK,1,08:00,12:00,12:00,16:00
45,6,2,7,WORK,1,08:00,12:00,12:00,16:00
45,6,2,8,WORK,4,08:00,12:00,15:00,19:00
45,6,2,9,WORK,1,08:00,12:00,12:00,16:00
45,6,2,10,WORK,4,08:00,12:00,15:00,19:00
46,7,2,1,REST,,,,,
46,7,2,2,WORK,1,08:00,12:00,12:00,16:00
46,7,2,3,REST,,,,,
46,7,2,4,WORK,1,08:00,12:00,12:00,16:00
46,7,2,5,WORK,5,09:00,13:00,13:00,17:00
46,7,2,6,WORK,1,08:00,12:00,12:00,16:00
46,7,2,7,WORK,1,08:00,12:00,12:00,16:00
46,7,2,8,WORK,4,08:00,12:00,15:00,19:00
46,7,2,9,WORK,1,08:00,12:00,12:00,16:00
46,7,2,10,WORK,4,08:00,12:00,15:00,19:00
47,8,2,1,REST,,,,,
47,8,2,2,WORK,1,08:00,12:00,12:00,16:00
47,8,2,3,REST,,,,,
47,8,2,4,WORK,1,08:00,12:00,12:00,16:00
47,8,2,5,WORK,5,09:00,13:00,13:00,17:00
47,8,2,6,WORK,1,08:00,12:00,12:00,16:00
47,8,2,7,WORK,3,08:00,12:00,14:00,18:00
47,8,2,8,WORK,4,08:00,12:00,15:00,19:00
47,8,2,9,WORK,1,08:00,12:00,12:00,16:00
47,8,2,10,WORK,4,08:00,12:00,15:00,19:00
48,9,2,1,REST,,,,,
48,9,2,2,WORK,1,08:00,12:00,12:00,16:00
48,9,2,3,REST,,,,,
48,9,2,4,WORK,1,08:00,12:00,12:00,16:00
48,9,2,5,WORK,5,09:00,13:00,13:00,17:00
48,9,2,6,WORK,1,08:00,12:00,12:00,16:00
48,9,2,7,WORK,3,08:00,12:00,14:00,18:00
48,9,2,8,WORK,4,08:00,12:00,15:00,19:00
48,9,2,9,WORK,1,08:00,12:00,12:00,16:00
48,9,2,10,WORK,4,08:00,12:00,15:00,19:00
49,10,2,1,REST,,,,,
49,10,2,2,WORK,1,08:00,12:00,12:00,16:00
49,10,2,3,REST,,,,,
49,10,2,4,WORK,1,08:00,12:00,12:00,16:00
49,10,2,5,WORK,5,09:00,13:00,13:00,17:00
49,10,2,6,WORK,1,08:00,12:00,12:00,16:00
49,10,2,7,WORK,3,08:00,12:00,14:00,18:00
49,10,2,8,WORK,4,08:00,12:00,15:00,19:00
49,10,2,9,WORK,1,08:00,12:00,12:00,16:00
49,10,2,10,WORK,4,08:00,12:00,15:00,19:00
50,11,2,1,REST,,,,,
50,11,2,2,WORK,1,08:00,12:00,12:00,16:00
50,11,2,3,REST,,,,,
50,11,2,4,WORK,1,08:00,12:00,12:00,16:00
50,11,2,5,WORK,6,09:00,13:00,14:00,18:00
50,11,2,6,WORK,1,08:00,12:00,12:00,16:00
50,11,2,7,WORK,4,08:00,12:00,15:00,19:00
50,11,2,8,WORK,4,08:00,12:00,15:00,19:00
50,11,2,9,WORK,1,08:00,12:00,12:00,16:00
50,11,2,10,WORK,4,08:00,12:00,15:00,19:00
51,12,2,1,REST,,,,,
51,12,2,2,WORK,1,08:00,12:00,12:00,16:00
51,12,2,3,REST,,,,,
51,12,2,4,WORK,1,08:00,12:00,12:00,16:00
51,12,2,5,WORK,6,09:00,13:00,14:00,18:00
51,12,2,6,WORK,2,08:00,12:00,13:00,17:00
51,12,2,7,WORK,4,08:00,12:00,15:00,19:00
51,12,2,8,WORK,4,08:00,12:00,15:00,19:00
51,12,2,9,WORK,3,08:00,12:00,14:00,18:00
51,12,2,10,WORK,4,08:00,12:00,15:00,19:00
52,13,2,1,REST,,,,,
52,13,2,2,WORK,1,08:00,12:00,12:00,16:00
52,13,2,3,WORK,1,08:00,12:00,12:00,16:00
52,13,2,4,WORK,1,08:00,12:00,12:00,16:00
52,13,2,5,REST,,,,,
52,13,2,6,WORK,2,08:00,12:00,13:00,17:00
52,13,2,7,WORK,4,08:00,12:00,15:00,19:00
52,13,2,8,WORK,4,08:00,12:00,15:00,19:00
52,13,2,9,WORK,3,08:00,12:00,14:00,18:00
52,13,2,10,WORK,5,09:00,13:00,13:00,17:00
53,14,2,1,REST,,,,,
53,14,2,2,WORK,1,08:00,12:00,12:00,16:00
53,14,2,3,WORK,1,08:00,12:00,12:00,16:00
53,14,2,4,WORK,1,08:00,12:00,12:00,16:00
53,14,2,5,REST,,,,,
53,14,2,6,WORK,2,08:00,12:00,13:00,17:00
53,14,2,7,WORK,4,08:00,12:00,15:00,19:00
53,14,2,8,WORK,4,08:00,12:00,15:00,19:00
53,14,2,9,WORK,3,08:00,12:00,14:00,18:00
53,14,2,10,WORK,5,09:00,13:00,13:00,17:00
54,15,2,1,REST,,,,,
54,15,2,2,WORK,1,08:00,12:00,12:00,16:00
54,15,2,3,WORK,1,08:00,12:00,12:00,16:00
54,15,2,4,WORK,1,08:00,12:00,12:00,16:00
54,15,2,5,REST,,,,,
54,15,2,6,WORK,2,08:00,12:00,13:00,17:00
54,15,2,7,WORK,4,08:00,12:00,15:00,19:00
54,15,2,8,WORK,4,08:00,12:00,15:00,19:00
54,15,2,9,WORK,3,08:00,12:00,14:00,18:00
54,15,2,10,WORK,5,09:00,13:00,13:00,17:00
55,16,2,1,REST,,,,,
55,16,2,2,WORK,1,08:00,12:00,12:00,16:00
55,16,2,3,WORK,4,08:00,12:00,15:00,19:00
55,16,2,4,WORK,1,08:00,12:00,12:00,16:00
55,16,2,5,REST,,,,,
55,16,2,6,WORK,2,08:00,12:00,13:00,17:00
55,16,2,7,WORK,4,08:00,12:00,15:00,19:00
55,16,2,8,WORK,4,08:00,12:00,15:00,19:00
55,16,2,9,WORK,3,08:00,12:00,14:00,18:00
55,16,2,10,WORK,5,09:00,13:00,13:00,17:00
56,17,2,1,REST,,,,,
56,17,2,2,WORK,1,08:00,12:00,12:00,16:00
56,17,2,3,WORK,4,08:00,12:00,15:00,19:00
56,17,2,4,WORK,4,08:00,12:00,15:00,19:00
56,17,2,5,REST,,,,,
56,17,2,6,WORK,2,08:00,12:00,13:00,17:00
56,17,2,7,WORK,4,08:00,12:00,15:00,19:00
56,17,2,8,WORK,9,10:00,14:00,15:00,19:00
56,17,2,9,WORK,3,08:00,12:00,14:00,18:00
56,17,2,10,WORK,5,09:00,13:00,13:00,17:00
57,18,2,1,REST,,,,,
57,18,2,2,WORK,4,08:00,12:00,15:00,19:00
57,18,2,3,WORK,4,08:00,12:00,15:00,19:00
57,18,2,4,WORK,4,08:00,12:00,15:00,19:00
57,18,2,5,REST,,,,,
57,18,2,6,WORK,2,08:00,12:00,13:00,17:00
57,18,2,7,WORK,4,08:00,12:00,15:00,19:00
57,18,2,8,WORK,9,10:00,14:00,15:00,19:00
57,18,2,9,WORK,3,08:00,12:00,14:00,18:00
57,18,2,10,WORK,5,09:00,13:00,13:00,17:00
58,19,2,1,REST,,,,,
58,19,2,2,WORK,4,08:00,12:00,15:00,19:00
58,19,2,3,WORK,4,08:00,12:00,15:00,19:00
58,19,2,4,WORK,4,08:00,12:00,15:00,19:00
58,19,2,5,REST,,,,,
58,19,2,6,WORK,2,08:00,12:00,13:00,17:00
58,19,2,7,WORK,4,08:00,12:00,15:00,19:00
58,19,2,8,WORK,9,10:00,14:00,15:00,19:00
58,19,2,9,WORK,3,08:00,12:00,14:00,18:00
58,19,2,10,WORK,5,09:00,13:00,13:00,17:00
59,20,2,1,REST,,,,,
59,20,2,2,WORK,4,08:00,12:00,15:00,19:00
59,20,2,3,WORK,4,08:00,12:00,15:00,19:00
59,20,2,4,WORK,4,08:00,12:00,15:00,19:00
59,20,2,5,REST,,,,,
59,20,2,6,WORK,2,08:00,12:00,13:00,17:00
59,20,2,7,WORK,4,08:00,12:00,15:00,19:00
59,20,2,8,WORK,9,10:00,14:00,15:00,19:00
59,20,2,9,WORK,3,08:00,12:00,14:00,18:00
59,20,2,10,WORK,5,09:00,13:00,13:00,17:00
60,21,2,1,WORK,1,08:00,12:00,12:00,16:00
60,21,2,2,WORK,4,08:00,12:00,15:00,19:00
60,21,2,3,WORK,4,08:00,12:00,15:00,19:00
60,21,2,4,WORK,4,08:00,12:00,15:00,19:00
60,21,2,5,REST,,,,,
60,21,2,6,WORK,2,08:00,12:00,13:00,17:00
60,21,2,7,REST,,,,,
60,21,2,8,WORK,9,10:00,14:00,15:00,19:00
60,21,2,9,WORK,3,08:00,12:00,14:00,18:00
60,21,2,10,WORK,5,09:00,13:00,13:00,17:00
61,22,2,1,WORK,1,08:00,12:00,12:00,16:00
61,22,2,2,WORK,4,08:00,12:00,15:00,19:00
61,22,2,3,WORK,4,08:00,12:00,15:00,19:00
61,22,2,4,WORK,4,08:00,12:00,15:00,19:00
61,22,2,5,REST,,,,,
61,22,2,6,WORK,2,08:00,12:00,13:00,17:00
61,22,2,7,REST,,,,,
61,22,2,8,WORK,10,11:00,15:00,15:00,19:00
61,22,2,9,WORK,10,11:00,15:00,15:00,19:00
61,22,2,10,WORK,5,09:00,13:00,13:00,17:00
62,23,2,1,WORK,1,08:00,12:00,12:00,16:00
62,23,2,2,WORK,4,08:00,12:00,15:00,19:00
62,23,2,3,WORK,4,08:00,12:00,15:00,19:00
62,23,2,4,WORK,4,08:00,12:00,15:00,19:00
62,23,2,5,REST,,,,,
62,23,2,6,WORK,2,08:00,12:00,13:00,17:00
62,23,2,7,REST,,,,,
62,23,2,8,WORK,10,11:00,15:00,15:00,19:00
62,23,2,9,WORK,10,11:00,15:00,15:00,19:00
62,23,2,10,WORK,5,09:00,13:00,13:00,17:00
63,24,2,1,WORK,2,08:00,12:00,13:00,17:00
63,24,2,2,WORK,4,08:00,12:00,15:00,19:00
63,24,2,3,WORK,4,08:00,12:00,15:00,19:00
63,24,2,4,WORK,4,08:00,12:00,15:00,19:00
63,24,2,5,WORK,6,09:00,13:00,14:00,18:00
63,24,2,6,WORK,2,08:00,12:00,13:00,17:00
63,24,2,7,REST,,,,,
63,24,2,8,REST,,,,,
63,24,2,9,WORK,10,11:00,15:00,15:00,19:00
63,24,2,10,WORK,5,09:00,13:00,13:00,17:00
64,25,2,1,WORK,2,08:00,12:00,13:00,17:00
64,25,2,2,WORK,4,08:00,12:00,15:00,19:00
64,25,2,3,WORK,4,08:00,12:00,15:00,19:00
64,25,2,4,WORK,4,08:00,12:00,15:00,19:00
64,25,2,5,WORK,6,09:00,13:00,14:00,18:00
64,25,2,6,WORK,2,08:00,12:00,13:00,17:00
64,25,2,7,REST,,,,,
64,25,2,8,REST,,,,,
64,25,2,9,WORK,10,11:00,15:00,15:00,19:00
64,25,2,10,WORK,5,09:00,13:00,13:00,17:00
65,26,2,1,WORK,4,08:00,12:00,15:00,19:00
65,26,2,2,WORK,4,08:00,12:00,15:00,19:00
65,26,2,3,WORK,4,08:00,12:00,15:00,19:00
65,26,2,4,WORK,4,08:00,12:00,15:00,19:00
65,26,2,5,WORK,6,09:00,13:00,14:00,18:00
65,26,2,6,WORK,4,08:00,12:00,15:00,19:00
65,26,2,7,REST,,,,,
65,26,2,8,REST,,,,,
65,26,2,9,WORK,10,11:00,15:00,15:00,19:00
65,26,2,10,WORK,5,09:00,13:00,13:00,17:00
66,27,2,1,WORK,4,08:00,12:00,15:00,19:00
66,27,2,2,WORK,4,08:00,12:00,15:00,19:00
66,27,2,3,WORK,4,08:00,12:00,15:00,19:00
66,27,2,4,WORK,9,10:00,14:00,15:00,19:00
66,27,2,5,WORK,6,09:00,13:00,14:00,18:00
66,27,2,6,WORK,4,08:00,12:00,15:00,19:00
66,27,2,7,REST,,,,,
66,27,2,8,REST,,,,,
66,27,2,9,WORK,10,11:00,15:00,15:00,19:00
66,27,2,10,WORK,5,09:00,13:00,13:00,17:00
67,28,2,1,WORK,4,08:00,12:00,15:00,19:00
67,28,2,2,WORK,4,08:00,12:00,15:00,19:00
67,28,2,3,WORK,4,08:00,12:00,15:00,19:00
67,28,2,4,WORK,9,10:00,14:00,15:00,19:00
67,28,2,5,WORK,6,09:00,13:00,14:00,18:00
67,28,2,6,WORK,4,08:00,12:00,15:00,19:00
67,28,2,7,REST,,,,,
67,28,2,8,REST,,,,,
67,28,2,9,WORK,10,11:00,15:00,15:00,19:00
67,28,2,10,WORK,5,09:00,13:00,13:00,17:00
68,29,2,1,WORK,4,08:00,12:00,15:00,19:00
68,29,2,2,WORK,4,08:00,12:00,15:00,19:00
68,29,2,3,WORK,4,08:00,12:00,15:00,19:00
68,29,2,4,WORK,9,10:00,14:00,15:00,19:00
68,29,2,5,WORK,6,09:00,13:00,14:00,18:00
68,29,2,6,WORK,4,08:00,12:00,15:00,19:00
68,29,2,7,REST,,,,,
68,29,2,8,REST,,,,,
68,29,2,9,WORK,10,11:00,15:00,15:00,19:00
68,29,2,10,WORK,6,09:00,13:00,14:00,18:00
69,30,2,1,WORK,4,08:00,12:00,15:00,19:00
69,30,2,2,WORK,4,08:00,12:00,15:00,19:00
69,30,2,3,WORK,10,11:00,15:00,15:00,19:00
69,30,2,4,WORK,9,10:00,14:00,15:00,19:00
69,30,2,5,WORK,6,09:00,13:00,14:00,18:00
69,30,2,6,WORK,4,08:00,12:00,15:00,19:00
69,30,2,7,WORK,4,08:00,12:00,15:00,19:00
69,30,2,8,REST,,,,,
69,30,2,9,REST,,,,,
69,30,2,10,WORK,6,09:00,13:00,14:00,18:00
70,31,2,1,WORK,4,08:00,12:00,15:00,19:00
70,31,2,2,WORK,4,08:00,12:00,15:00,19:00
70,31,2,3,WORK,10,11:00,15:00,15:00,19:00
70,31,2,4,WORK,9,10:00,14:00,15:00,19:00
70,31,2,5,WORK,6,09:00,13:00,14:00,18:00
70,31,2,6,WORK,4,08:00,12:00,15:00,19:00
70,31,2,7,WORK,4,08:00,12:00,15:00,19:00
70,31,2,8,REST,,,,,
70,31,2,9,REST,,,,,
70,31,2,10,WORK,6,09:00,13:00,14:00,18:00
71,32,2,1,WORK,4,08:00,12:00,15:00,19:00
71,32,2,2,WORK,4,08:00,12:00,15:00,19:00
71,32,2,3,WORK,10,11:00,15:00,15:00,19:00
71,32,2,4,WORK,9,10:00,14:00,15:00,19:00
71,32,2,5,WORK,6,09:00,13:00,14:00,18:00
71,32,2,6,WORK,4,08:00,12:00,15:00,19:00
71,32,2,7,WORK,4,08:00,12:00,15:00,19:00
71,32,2,8,REST,,,,,
71,32,2,9,REST,,,,,
71,32,2,10,WORK,6,09:00,13:00,14:00,18:00
72,33,2,1,WORK,4,08:00,12:00,15:00,19:00
72,33,2,2,WORK,10,11:00,15:00,15:00,19:00
72,33,2,3,WORK,10,11:00,15:00,15:00,19:00
72,33,2,4,WORK,9,10:00,14:00,15:00,19:00
72,33,2,5,WORK,6,09:00,13:00,14:00,18:00
72,33,2,6,WORK,4,08:00,12:00,15:00,19:00
72,33,2,7,WORK,8,10:00,14:00,14:00,18:00
72,33,2,8,REST,,,,,
72,33,2,9,REST,,,,,
72,33,2,10,WORK,6,09:00,13:00,14:00,18:00
73,34,2,1,WORK,4,08:00,12:00,15:00,19:00
73,34,2,2,WORK,10,11:00,15:00,15:00,19:00
73,34,2,3,WORK,10,11:00,15:00,15:00,19:00
73,34,2,4,WORK,9,10:00,14:00,15:00,19:00
73,34,2,5,WORK,6,09:00,13:00,14:00,18:00
73,34,2,6,WORK,4,08:00,12:00,15:00,19:00
73,34,2,7,WORK,8,10:00,14:00,14:00,18:00
73,34,2,8,REST,,,,,
73,34,2,9,REST,,,,,
73,34,2,10,WORK,6,09:00,13:00,14:00,18:00
74,35,2,1,WORK,10,11:00,15:00,15:00,19:00
74,35,2,2,WORK,10,11:00,15:00,15:00,19:00
74,35,2,3,WORK,10,11:00,15:00,15:00,19:00
74,35,2,4,WORK,9,10:00,14:00,15:00,19:00
74,35,2,5,WORK,6,09:00,13:00,14:00,18:00
74,35,2,6,WORK,4,08:00,12:00,15:00,19:00
74,35,2,7,WORK,10,11:00,15:00,15:00,19:00
74,35,2,8,REST,,,,,
74,35,2,9,REST,,,,,
74,35,2,10,WORK,6,09:00,13:00,14:00,18:00
75,36,2,1,WORK,10,11:00,15:00,15:00,19:00
75,36,2,2,WORK,10,11:00,15:00,15:00,19:00
75,36,2,3,WORK,10,11:00,15:00,15:00,19:00
75,36,2,4,WORK,9,10:00,14:00,15:00,19:00
75,36,2,5,WORK,6,09:00,13:00,14:00,18:00
75,36,2,6,WORK,10,11:00,15:00,15:00,19:00
75,36,2,7,WORK,10,11:00,15:00,15:00,19:00
75,36,2,8,WORK,10,11:00,15:00,15:00,19:00
75,36,2,9,REST,,,,,
75,36,2,10,REST,,,,,
76,37,2,1,WORK,10,11:00,15:00,15:00,19:00
76,37,2,2,WORK,10,11:00,15:00,15:00,19:00
76,37,2,3,WORK,10,11:00,15:00,15:00,19:00
76,37,2,4,WORK,9,10:00,14:00,15:00,19:00
76,37,2,5,WORK,6,09:00,13:00,14:00,18:00
76,37,2,6,WORK,10,11:00,15:00,15:00,19:00
76,37,2,7,WORK,10,11:00,15:00,15:00,19:00
76,37,2,8,WORK,10,11:00,15:00,15:00,19:00
76,37,2,9,REST,,,,,
76,37,2,10,REST,,,,,
77,38,2,1,WORK,10,11:00,15:00,15:00,19:00
77,38,2,2,WORK,10,11:00,15:00,15:00,19:00
77,38,2,3,WORK,10,11:00,15:00,15:00,19:00
77,38,2,4,WORK,9,10:00,14:00,15:00,19:00
77,38,2,5,WORK,10,11:00,15:00,15:00,19:00
77,38,2,6,WORK,10,11:00,15:00,15:00,19:00
77,38,2,7,WORK,10,11:00,15:00,15:00,19:00
77,38,2,8,WORK,10,11:00,15:00,15:00,19:00
77,38,2,9,REST,,,,,
77,38,2,10,REST,,,,,
78,39,2,1,REST,,,,,
78,39,2,2,WORK,10,11:00,15:00,15:00,19:00
78,39,2,3,WORK,10,11:00,15:00,15:00,19:00
78,39,2,4,WORK,9,10:00,14:00,15:00,19:00
78,39,2,5,WORK,10,11:00,15:00,15:00,19:00
78,39,2,6,WORK,10,11:00,15:00,15:00,19:00
78,39,2,7,WORK,10,11:00,15:00,15:00,19:00
78,39,2,8,WORK,10,11:00,15:00,15:00,19:00
78,39,2,9,WORK,10,11:00,15:00,15:00,19:00
78,39,2,10,REST,,,,,
79,1,3,1,REST,,,,,
79,1,3,2,REST,,,,,
79,1,3,3,WORK,1,08:00,12:00,12:00,16:00
79,1,3,4,WORK,1,08:00,12:00,12:00,16:00
79,1,3,5,WORK,1,08:00,12:00,12:00,16:00
79,1,3,6,WORK,1,08:00,12:00,12:00,16:00
79,1,3,7,WORK,1,08:00,12:00,12:00,16:00
79,1,3,8,WORK,1,08:00,12:00,12:00,16:00
79,1,3,9,WORK,1,08:00,12:00,12:00,16:00
79,1,3,10,WORK,1,08:00,12:00,12:00,16:00
80,2,3,1,REST,,,,,
80,2,3,2,REST,,,,,
80,2,3,3,WORK,1,08:00,12:00,12:00,16:00
80,2,3,4,WORK,1,08:00,12:00,12:00,16:00
80,2,3,5,WORK,1,08:00,12:00,12:00,16:00
80,2,3,6,WORK,1,08:00,12:00,12:00,16:00
80,2,3,7,WORK,1,08:00,12:00,12:00,16:00
80,2,3,8,WORK,1,08:00,12:00,12:00,16:00
80,2,3,9,WORK,1,08:00,12:00,12:00,16:00
80,2,3,10,WORK,1,08:00,12:00,12:00,16:00
81,3,3,1,REST,,,,,
81,3,3,2,REST,,,,,
81,3,3,3,WORK,1,08:00,12:00,12:00,16:00
81,3,3,4,WORK,1,08:00,12:00,12:00,16:00
81,3,3,5,WORK,1,08:00,12:00,12:00,16:00
81,3,3,6,WORK,1,08:00,12:00,12:00,16:00
81,3,3,7,WORK,1,08:00,12:00,12:00,16:00
81,3,3,8,WORK,1,08:00,12:00,12:00,16:00
81,3,3,9,WORK,1,08:00,12:00,12:00,16:00
81,3,3,10,WORK,1,08:00,12:00,12:00,16:00
82,4,3,1,REST,,,,,
82,4,3,2,REST,,,,,
82,4,3,3,WORK,1,08:00,12:00,12:00,16:00
82,4,3,4,WORK,1,08:00,12:00,12:00,16:00
82,4,3,5,WORK,1,08:00,12:00,12:00,16:00
82,4,3,6,WORK,1,08:00,12:00,12:00,16:00
82,4,3,7,WORK,1,08:00,12:00,12:00,16:00
82,4,3,8,WORK,1,08:00,12:00,12:00,16:00
82,4,3,9,WORK,1,08:00,12:00,12:00,16:00
82,4,3,10,WORK,1,08:00,12:00,12:00,16:00
83,5,3,1,REST,,,,,
83,5,3,2,REST,,,,,
83,5,3,3,WORK,1,08:00,12:00,12:00,16:00
83,5,3,4,WORK,1,08:00,12:00,12:00,16:00
83,5,3,5,WORK,1,08:00,12:00,12:00,16:00
83,5,3,6,WORK,1,08:00,12:00,12:00,16:00
83,5,3,7,WORK,1,08:00,12:00,12:00,16:00
83,5,3,8,WORK,1,08:00,12:00,12:00,16:00
83,5,3,9,WORK,1,08:00,12:00,12:00,16:00
83,5,3,10,WORK,1,08:00,12:00,12:00,16:00
84,6,3,1,REST,,,,,
84,6,3,2,REST,,,,,
84,6,3,3,WORK,1,08:00,12:00,12:00,16:00
84,6,3,4,WORK,1,08:00,12:00,12:00,16:00
84,6,3,5,WORK,1,08:00,12:00,12:00,16:00
84,6,3,6,WORK,1,08:00,12:00,12:00,16:00
84,6,3,7,WORK,1,08:00,12:00,12:00,16:00
84,6,3,8,WORK,1,08:00,12:00,12:00,16:00
84,6,3,9,WORK,1,08:00,12:00,12:00,16:00
84,6,3,10,WORK,1,08:00,12:00,12:00,16:00
85,7,3,1,REST,,,,,
85,7,3,2,WORK,1,08:00,12:00,12:00,16:00
85,7,3,3,REST,,,,,
85,7,3,4,WORK,1,08:00,12:00,12:00,16:00
85,7,3,5,WORK,1,08:00,12:00,12:00,16:00
85,7,3,6,WORK,1,08:00,12:00,12:00,16:00
85,7,3,7,WORK,1,08:00,12:00,12:00,16:00
85,7,3,8,WORK,1,08:00,12:00,12:00,16:00
85,7,3,9,WORK,1,08:00,12:00,12:00,16:00
85,7,3,10,WORK,1,08:00,12:00,12:00,16:00
86,8,3,1,REST,,,,,
86,8,3,2,WORK,1,08:00,12:00,12:00,16:00
86,8,3,3,REST,,,,,
86,8,3,4,WORK,1,08:00,12:00,12:00,16:00
86,8,3,5,WORK,1,08:00,12:00,12:00,16:00
86,8,3,6,WORK,1,08:00,12:00,12:00,16:00
86,8,3,7,WORK,1,08:00,12:00,12:00,16:00
86,8,3,8,WORK,1,08:00,12:00,12:00,16:00
86,8,3,9,WORK,1,08:00,12:00,12:00,16:00
86,8,3,10,WORK,1,08:00,12:00,12:00,16:00
87,9,3,1,REST,,,,,
87,9,3,2,WORK,1,08:00,12:00,12:00,16:00
87,9,3,3,REST,,,,,
87,9,3,4,WORK,1,08:00,12:00,12:00,16:00
87,9,3,5,WORK,3,08:00,12:00,14:00,18:00
87,9,3,6,WORK,1,08:00,12:00,12:00,16:00
87,9,3,7,WORK,1,08:00,12:00,12:00,16:00
87,9,3,8,WORK,1,08:00,12:00,12:00,16:00
87,9,3,9,WORK,1,08:00,12:00,12:00,16:00
87,9,3,10,WORK,1,08:00,12:00,12:00,16:00
88,10,3,1,REST,,,,,
88,10,3,2,WORK,1,08:00,12:00,12:00,16:00
88,10,3,3,REST,,,,,
88,10,3,4,WORK,3,08:00,12:00,14:00,18:00
88,10,3,5,WORK,3,08:00,12:00,14:00,18:00
88,10,3,6,WORK,1,08:00,12:00,12:00,16:00
88,10,3,7,WORK,1,08:00,12:00,12:00,16:00
88,10,3,8,WORK,1,08:00,12:00,12:00,16:00
88,10,3,9,WORK,1,08:00,12:00,12:00,16:00
88,10,3,10,WORK,1,08:00,12:00,12:00,16:00
89,11,3,1,REST,,,,,
89,11,3,2,WORK,1,08:00,12:00,12:00,16:00
89,11,3,3,REST,,,,,
89,11,3,4,WORK,3,08:00,12:00,14:00,18:00
89,11,3,5,WORK,3,08:00,12:00,14:00,18:00
89,11,3,6,WORK,1,08:00,12:00,12:00,16:00
89,11,3,7,WORK,1,08:00,12:00,12:00,16:00
89,11,3,8,WORK,1,08:00,12:00,12:00,16:00
89,11,3,9,WORK,1,08:00,12:00,12:00,16:00
89,11,3,10,WORK,1,08:00,12:00,12:00,16:00
90,12,3,1,REST,,,,,
90,12,3,2,WORK,1,08:00,12:00,12:00,16:00
90,12,3,3,REST,,,,,
90,12,3,4,WORK,3,08:00,12:00,14:00,18:00
90,12,3,5,WORK,3,08:00,12:00,14:00,18:00
90,12,3,6,WORK,4,08:00,12:00,15:00,19:00
90,12,3,7,WORK,1,08:00,12:00,12:00,16:00
90,12,3,8,WORK,1,08:00,12:00,12:00,16:00
90,12,3,9,WORK,1,08:00,12:00,12:00,16:00
90,12,3,10,WORK,1,08:00,12:00,12:00,16:00
91,13,3,1,REST,,,,,
91,13,3,2,WORK,1,08:00,12:00,12:00,16:00
91,13,3,3,REST,,,,,
91,13,3,4,WORK,3,08:00,12:00,14:00,18:00
91,13,3,5,WORK,3,08:00,12:00,14:00,18:00
91,13,3,6,WORK,4,08:00,12:00,15:00,19:00
91,13,3,7,WORK,1,08:00,12:00,12:00,16:00
91,13,3,8,WORK,1,08:00,12:00,12:00,16:00
91,13,3,9,WORK,1,08:00,12:00,12:00,16:00
91,13,3,10,WORK,1,08:00,12:00,12:00,16:00
92,14,3,1,REST,,,,,
92,14,3,2,WORK,1,08:00,12:00,12:00,16:00
92,14,3,3,REST,,,,,
92,14,3,4,WORK,3,08:00,12:00,14:00,18:00
92,14,3,5,WORK,3,08:00,12:00,14:00,18:00
92,14,3,6,WORK,4,08:00,12:00,15:00,19:00
92,14,3,7,WORK,4,08:00,12:00,15:00,19:00
92,14,3,8,WORK,1,08:00,12:00,12:00,16:00
92,14,3,9,WORK,1,08:00,12:00,12:00,16:00
92,14,3,10,WORK,1,08:00,12:00,12:00,16:00
93,15,3,1,REST,,,,,
93,15,3,2,WORK,1,08:00,12:00,12:00,16:00
93,15,3,3,REST,,,,,
93,15,3,4,WORK,4,08:00,12:00,15:00,19:00
93,15,3,5,WORK,3,08:00,12:00,14:00,18:00
93,15,3,6,WORK,4,08:00,12:00,15:00,19:00
93,15,3,7,WORK,4,08:00,12:00,15:00,19:00
93,15,3,8,WORK,4,08:00,12:00,15:00,19:00
93,15,3,9,WORK,1,08:00,12:00,12:00,16:00
93,15,3,10,WORK,4,08:00,12:00,15:00,19:00
94,16,3,1,REST,,,,,
94,16,3,2,WORK,1,08:00,12:00,12:00,16:00
94,16,3,3,REST,,,,,
94,16,3,4,WORK,4,08:00,12:00,15:00,19:00
94,16,3,5,WORK,3,08:00,12:00,14:00,18:00
94,16,3,6,WORK,4,08:00,12:00,15:00,19:00
94,16,3,7,WORK,4,08:00,12:00,15:00,19:00
94,16,3,8,WORK,4,08:00,12:00,15:00,19:00
94,16,3,9,WORK,1,08:00,12:00,12:00,16:00
94,16,3,10,WORK,4,08:00,12:00,15:00,19:00
95,17,3,1,REST,,,,,
95,17,3,2,WORK,1,08:00,12:00,12:00,16:00
95,17,3,3,WORK,1,08:00,12:00,12:00,16:00
95,17,3,4,REST,,,,,
95,17,3,5,WORK,3,08:00,12:00,14:00,18:00
95,17,3,6,WORK,4,08:00,12:00,15:00,19:00
95,17,3,7,WORK,4,08:00,12:00,15:00,19:00
95,17,3,8,WORK,4,08:00,12:00,15:00,19:00
95,17,3,9,WORK,4,08:00,12:00,15:00,19:00
95,17,3,10,WORK,4,08:00,12:00,15:00,19:00
96,18,3,1,REST,,,,,
96,18,3,2,WORK,1,08:00,12:00,12:00,16:00
96,18,3,3,WORK,2,08:00,12:00,13:00,17:00
96,18,3,4,REST,,,,,
96,18,3,5,WORK,3,08:00,12:00,14:00,18:00
96,18,3,6,WORK,4,08:00,12:00,15:00,19:00
96,18,3,7,WORK,4,08:00,12:00,15:00,19:00
96,18,3,8,WORK,4,08:00,12:00,15:00,19:00
96,18,3,9,WORK,4,08:00,12:00,15:00,19:00
96,18,3,10,WORK,4,08:00,12:00,15:00,19:00
97,19,3,1,REST,,,,,
97,19,3,2,WORK,1,08:00,12:00,12:00,16:00
97,19,3,3,WORK,2,08:00,12:00,13:00,17:00
97,19,3,4,REST,,,,,
97,19,3,5,WORK,3,08:00,12:00,14:00,18:00
97,19,3,6,WORK,4,08:00,12:00,15:00,19:00
97,19,3,7,WORK,4,08:00,12:00,15:00,19:00
97,19,3,8,WORK,4,08:00,12:00,15:00,19:00
97,19,3,9,WORK,4,08:00,12:00,15:00,19:00
97,19,3,10,WORK,4,08:00,12:00,15:00,19:00
98,20,3,1,REST,,,,,
98,20,3,2,WORK,3,08:00,12:00,14:00,18:00
98,20,3,3,WORK,2,08:00,12:00,13:00,17:00
98,20,3,4,REST,,,,,
98,20,3,5,WORK,3,08:00,12:00,14:00,18:00
98,20,3,6,WORK,4,08:00,12:00,15:00,19:00
98,20,3,7,WORK,4,08:00,12:00,15:00,19:00
98,20,3,8,WORK,4,08:00,12:00,15:00,19:00
98,20,3,9,WORK,4,08:00,12:00,15:00,19:00
98,20,3,10,WORK,9,10:00,14:00,15:00,19:00
99,21,3,1,REST,,,,,
99,21,3,2,WORK,3,08:00,12:00,14:00,18:00
99,21,3,3,WORK,2,08:00,12:00,13:00,17:00
99,21,3,4,REST,,,,,
99,21,3,5,WORK,3,08:00,12:00,14:00,18:00
99,21,3,6,WORK,4,08:00,12:00,15:00,19:00
99,21,3,7,WORK,4,08:00,12:00,15:00,19:00
99,21,3,8,WORK,4,08:00,12:00,15:00,19:00
99,21,3,9,WORK,4,08:00,12:00,15:00,19:00
99,21,3,10,WORK,9,10:00,14:00,15:00,19:00
100,22,3,1,REST,,,,,
100,22,3,2,WORK,3,08:00,12:00,14:00,18:00
100,22,3,3,WORK,2,08:00,12:00,13:00,17:00
100,22,3,4,REST,,,,,
100,22,3,5,WORK,3,08:00,12:00,14:00,18:00
100,22,3,6,WORK,4,08:00,12:00,15:00,19:00
100,22,3,7,WORK,4,08:00,12:00,15:00,19:00
100,22,3,8,WORK,4,08:00,12:00,15:00,19:00
100,22,3,9,WORK,4,08:00,12:00,15:00,19:00
100,22,3,10,WORK,9,10:00,14:00,15:00,19:00
101,23,3,1,REST,,,,,
101,23,3,2,WORK,3,08:00,12:00,14:00,18:00
101,23,3,3,WORK,2,08:00,12:00,13:00,17:00
101,23,3,4,REST,,,,,
101,23,3,5,WORK,3,08:00,12:00,14:00,18:00
101,23,3,6,WORK,4,08:00,12:00,15:00,19:00
101,23,3,7,WORK,4,08:00,12:00,15:00,19:00
101,23,3,8,WORK,4,08:00,12:00,15:00,19:00
101,23,3,9,WORK,4,08:00,12:00,15:00,19:00
101,23,3,10,WORK,9,10:00,14:00,15:00,19:00
102,24,3,1,REST,,,,,
102,24,3,2,WORK,3,08:00,12:00,14:00,18:00
102,24,3,3,WORK,2,08:00,12:00,13:00,17:00
102,24,3,4,REST,,,,,
102,24,3,5,WORK,3,08:00,12:00,14:00,18:00
102,24,3,6,WORK,9,10:00,14:00,15:00,19:00
102,24,3,7,WORK,4,08:00,12:00,15:00,19:00
102,24,3,8,WORK,4,08:00,12:00,15:00,19:00
102,24,3,9,WORK,4,08:00,12:00,15:00,19:00
102,24,3,10,WORK,9,10:00,14:00,15:00,19:00
103,25,3,1,REST,,,,,
103,25,3,2,WORK,3,08:00,12:00,14:00,18:00
103,25,3,3,WORK,2,08:00,12:00,13:00,17:00
103,25,3,4,REST,,,,,
103,25,3,5,WORK,4,08:00,12:00,15:00,19:00
103,25,3,6,WORK,9,10:00,14:00,15:00,19:00
103,25,3,7,WORK,4,08:00,12:00,15:00,19:00
103,25,3,8,WORK,4,08:00,12:00,15:00,19:00
103,25,3,9,WORK,4,08:00,12:00,15:00,19:00
103,25,3,10,WORK,10,11:00,15:00,15:00,19:00
104,26,3,1,WORK,3,08:00,12:00,14:00,18:00
104,26,3,2,WORK,3,08:00,12:00,14:00,18:00
104,26,3,3,WORK,2,08:00,12:00,13:00,17:00
104,26,3,4,REST,,,,,
104,26,3,5,REST,,,,,
104,26,3,6,WORK,9,10:00,14:00,15:00,19:00
104,26,3,7,WORK,4,08:00,12:00,15:00,19:00
104,26,3,8,WORK,4,08:00,12:00,15:00,19:00
104,26,3,9,WORK,4,08:00,12:00,15:00,19:00
104,26,3,10,WORK,10,11:00,15:00,15:00,19:00
105,27,3,1,WORK,3,08:00,12:00,14:00,18:00
105,27,3,2,WORK,3,08:00,12:00,14:00,18:00
105,27,3,3,WORK,2,08:00,12:00,13:00,17:00
105,27,3,4,REST,,,,,
105,27,3,5,REST,,,,,
105,27,3,6,WORK,9,10:00,14:00,15:00,19:00
105,27,3,7,WORK,9,10:00,14:00,15:00,19:00
105,27,3,8,WORK,4,08:00,12:00,15:00,19:00
105,27,3,9,WORK,4,08:00,12:00,15:00,19:00
105,27,3,10,WORK,10,11:00,15:00,15:00,19:00
106,28,3,1,WORK,3,08:00,12:00,14:00,18:00
106,28,3,2,WORK,3,08:00,12:00,14:00,18:00
106,28,3,3,WORK,2,08:00,12:00,13:00,17:00
106,28,3,4,REST,,,,,
106,28,3,5,REST,,,,,
106,28,3,6,WORK,9,10:00,14:00,15:00,19:00
106,28,3,7,WORK,9,10:00,14:00,15:00,19:00
106,28,3,8,WORK,4,08:00,12:00,15:00,19:00
106,28,3,9,WORK,9,10:00,14:00,15:00,19:00
106,28,3,10,WORK,10,11:00,15:00,15:00,19:00
107,29,3,1,WORK,3,08:00,12:00,14:00,18:00
107,29,3,2,WORK,3,08:00,12:00,14:00,18:00
107,29,3,3,WORK,2,08:00,12:00,13:00,17:00
107,29,3,4,WORK,4,08:00,12:00,15:00,19:00
107,29,3,5,REST,,,,,
107,29,3,6,REST,,,,,
107,29,3,7,WORK,9,10:00,14:00,15:00,19:00
107,29,3,8,WORK,8,10:00,14:00,14:00,18:00
107,29,3,9,WORK,9,10:00,14:00,15:00,19:00
107,29,3,10,WORK,10,11:00,15:00,15:00,19:00
108,30,3,1,WORK,3,08:00,12:00,14:00,18:00
108,30,3,2,WORK,3,08:00,12:00,14:00,18:00
108,30,3,3,WORK,2,08:00,12:00,13:00,17:00
108,30,3,4,WORK,4,08:00,12:00,15:00,19:00
108,30,3,5,REST,,,,,
108,30,3,6,REST,,,,,
108,30,3,7,WORK,9,10:00,14:00,15:00,19:00
108,30,3,8,WORK,8,10:00,14:00,14:00,18:00
108,30,3,9,WORK,9,10:00,14:00,15:00,19:00
108,30,3,10,WORK,10,11:00,15:00,15:00,19:00
109,31,3,1,WORK,3,08:00,12:00,14:00,18:00
109,31,3,2,WORK,3,08:00,12:00,14:00,18:00
109,31,3,3,WORK,2,08:00,12:00,13:00,17:00
109,31,3,4,WORK,4,08:00,12:00,15:00,19:00
109,31,3,5,REST,,,,,
109,31,3,6,REST,,,,,
109,31,3,7,WORK,9,10:00,14:00,15:00,19:00
109,31,3,8,WORK,8,10:00,14:00,14:00,18:00
109,31,3,9,WORK,10,11:00,15:00,15:00,19:00
109,31,3,10,WORK,10,11:00,15:00,15:00,19:00
110,32,3,1,WORK,4,08:00,12:00,15:00,19:00
110,32,3,2,WORK,3,08:00,12:00,14:00,18:00
110,32,3,3,WORK,2,08:00,12:00,13:00,17:00
110,32,3,4,WORK,4,08:00,12:00,15:00,19:00
110,32,3,5,REST,,,,,
110,32,3,6,REST,,,,,
110,32,3,7,WORK,9,10:00,14:00,15:00,19:00
110,32,3,8,WORK,9,10:00,14:00,15:00,19:00
110,32,3,9,WORK,10,11:00,15:00,15:00,19:00
110,32,3,10,WORK,10,11:00,15:00,15:00,19:00
111,33,3,1,WORK,4,08:00,12:00,15:00,19:00
111,33,3,2,WORK,4,08:00,12:00,15:00,19:00
111,33,3,3,WORK,2,08:00,12:00,13:00,17:00
111,33,3,4,WORK,4,08:00,12:00,15:00,19:00
111,33,3,5,WORK,4,08:00,12:00,15:00,19:00
111,33,3,6,REST,,,,,
111,33,3,7,REST,,,,,
111,33,3,8,WORK,9,10:00,14:00,15:00,19:00
111,33,3,9,WORK,10,11:00,15:00,15:00,19:00
111,33,3,10,WORK,10,11:00,15:00,15:00,19:00
112,34,3,1,WORK,4,08:00,12:00,15:00,19:00
112,34,3,2,WORK,4,08:00,12:00,15:00,19:00
112,34,3,3,WORK,2,08:00,12:00,13:00,17:00
112,34,3,4,WORK,4,08:00,12:00,15:00,19:00
112,34,3,5,WORK,4,08:00,12:00,15:00,19:00
112,34,3,6,WORK,9,10:00,14:00,15:00,19:00
112,34,3,7,REST,,,,,
112,34,3,8,WORK,9,10:00,14:00,15:00,19:00
112,34,3,9,REST,,,,,
112,34,3,10,WORK,10,11:00,15:00,15:00,19:00
113,35,3,1,WORK,8,10:00,14:00,14:00,18:00
113,35,3,2,WORK,8,10:00,14:00,14:00,18:00
113,35,3,3,WORK,2,08:00,12:00,13:00,17:00
113,35,3,4,WORK,4,08:00,12:00,15:00,19:00
113,35,3,5,WORK,8,10:00,14:00,14:00,18:00
113,35,3,6,WORK,9,10:00,14:00,15:00,19:00
113,35,3,7,REST,,,,,
113,35,3,8,WORK,9,10:00,14:00,15:00,19:00
113,35,3,9,REST,,,,,
113,35,3,10,WORK,10,11:00,15:00,15:00,19:00
114,36,3,1,WORK,8,10:00,14:00,14:00,18:00
114,36,3,2,WORK,8,10:00,14:00,14:00,18:00
114,36,3,3,WORK,2,08:00,12:00,13:00,17:00
114,36,3,4,WORK,4,08:00,12:00,15:00,19:00
114,36,3,5,WORK,8,10:00,14:00,14:00,18:00
114,36,3,6,WORK,9,10:00,14:00,15:00,19:00
114,36,3,7,WORK,10,11:00,15:00,15:00,19:00
114,36,3,8,WORK,9,10:00,14:00,15:00,19:00
114,36,3,9,REST,,,,,
114,36,3,10,REST,,,,,
115,37,3,1,WORK,8,10:00,14:00,14:00,18:00
115,37,3,2,WORK,8,10:00,14:00,14:00,18:00
115,37,3,3,WORK,2,08:00,12:00,13:00,17:00
115,37,3,4,WORK,4,08:00,12:00,15:00,19:00
115,37,3,5,WORK,8,10:00,14:00,14:00,18:00
115,37,3,6,WORK,9,10:00,14:00,15:00,19:00
115,37,3,7,WORK,10,11:00,15:00,15:00,19:00
115,37,3,8,WORK,9,10:00,14:00,15:00,19:00
115,37,3,9,REST,,,,,
115,37,3,10,REST,,,,,
116,38,3,1,WORK,8,10:00,14:00,14:00,18:00
116,38,3,2,WORK,8,10:00,14:00,14:00,18:00
116,38,3,3,WORK,3,08:00,12:00,14:00,18:00
116,38,3,4,WORK,4,08:00,12:00,15:00,19:00
116,38,3,5,WORK,8,10:00,14:00,14:00,18:00
116,38,3,6,WORK,9,10:00,14:00,15:00,19:00
116,38,3,7,WORK,10,11:00,15:00,15:00,19:00
116,38,3,8,WORK,9,10:00,14:00,15:00,19:00
116,38,3,9,REST,,,,,
116,38,3,10,REST,,,,,
117,39,3,1,WORK,8,10:00,14:00,14:00,18:00
117,39,3,2,WORK,8,10:00,14:00,14:00,18:00
117,39,3,3,WORK,4,08:00,12:00,15:00,19:00
117,39,3,4,WORK,4,08:00,12:00,15:00,19:00
117,39,3,5,WORK,8,10:00,14:00,14:00,18:00
117,39,3,6,WORK,9,10:00,14:00,15:00,19:00
117,39,3,7,WORK,10,11:00,15:00,15:00,19:00
117,39,3,8,WORK,9,10:00,14:00,15:00,19:00
117,39,3,9,REST,,,,,
117,39,3,10,REST,,,,,
118,40,3,1,WORK,8,10:00,14:00,14:00,18:00
118,40,3,2,WORK,8,10:00,14:00,14:00,18:00
118,40,3,3,WORK,4,08:00,12:00,15:00,19:00
118,40,3,4,WORK,8,10:00,14:00,14:00,18:00
118,40,3,5,WORK,8,10:00,14:00,14:00,18:00
118,40,3,6,WORK,9,10:00,14:00,15:00,19:00
118,40,3,7,WORK,10,11:00,15:00,15:00,19:00
118,40,3,8,WORK,9,10:00,14:00,15:00,19:00
118,40,3,9,REST,,,,,
118,40,3,10,REST,,,,,
119,41,3,1,WORK,8,10:00,14:00,14:00,18:00
119,41,3,2,WORK,8,10:00,14:00,14:00,18:00
119,41,3,3,WORK,8,10:00,14:00,14:00,18:00
119,41,3,4,WORK,10,11:00,15:00,15:00,19:00
119,41,3,5,WORK,8,10:00,14:00,14:00,18:00
119,41,3,6,WORK,9,10:00,14:00,15:00,19:00
119,41,3,7,WORK,10,11:00,15:00,15:00,19:00
119,41,3,8,WORK,9,10:00,14:00,15:00,19:00
119,41,3,9,REST,,,,,
119,41,3,10,REST,,,,,
120,42,3,1,WORK,8,10:00,14:00,14:00,18:00
120,42,3,2,WORK,8,10:00,14:00,14:00,18:00
120,42,3,3,WORK,8,10:00,14:00,14:00,18:00
120,42,3,4,WORK,10,11:00,15:00,15:00,19:00
120,42,3,5,WORK,8,10:00,14:00,14:00,18:00
120,42,3,6,WORK,9,10:00,14:00,15:00,19:00
120,42,3,7,WORK,10,11:00,15:00,15:00,19:00
120,42,3,8,WORK,9,10:00,14:00,15:00,19:00
120,42,3,9,REST,,,,,
120,42,3,10,REST,,,,,
121,43,3,1,WORK,8,10:00,14:00,14:00,18:00
121,43,3,2,WORK,8,10:00,14:00,14:00,18:00
121,43,3,3,WORK,8,10:00,14:00,14:00,18:00
121,43,3,4,WORK,10,11:00,15:00,15:00,19:00
121,43,3,5,WORK,8,10:00,14:00,14:00,18:00
121,43,3,6,WORK,9,10:00,14:00,15:00,19:00
121,43,3,7,WORK,10,11:00,15:00,15:00,19:00
121,43,3,8,WORK,9,10:00,14:00,15:00,19:00
121,43,3,9,REST,,,,,
121,43,3,10,REST,,,,,
122,1,4,1,WORK,1,08:00,12:00,12:00,16:00
122,1,4,2,REST,,,,,
122,1,4,3,WORK,4,08:00,12:00,15:00,19:00
122,1,4,4,WORK,1,08:00,12:00,12:00,16:00
122,1,4,5,WORK,1,08:00,12:00,12:00,16:00
122,1,4,6,WORK,1,08:00,12:00,12:00,16:00
122,1,4,7,WORK,1,08:00,12:00,12:00,16:00
122,1,4,8,WORK,1,08:00,12:00,12:00,16:00
122,1,4,9,WORK,1,08:00,12:00,12:00,16:00
122,1,4,10,REST,,,,,
123,2,4,1,WORK,1,08:00,12:00,12:00,16:00
123,2,4,2,REST,,,,,
123,2,4,3,WORK,4,08:00,12:00,15:00,19:00
123,2,4,4,WORK,2,08:00,12:00,13:00,17:00
123,2,4,5,WORK,1,08:00,12:00,12:00,16:00
123,2,4,6,WORK,1,08:00,12:00,12:00,16:00
123,2,4,7,WORK,1,08:00,12:00,12:00,16:00
123,2,4,8,WORK,1,08:00,12:00,12:00,16:00
123,2,4,9,WORK,1,08:00,12:00,12:00,16:00
123,2,4,10,REST,,,,,
124,3,4,1,WORK,1,08:00,12:00,12:00,16:00
124,3,4,2,REST,,,,,
124,3,4,3,WORK,4,08:00,12:00,15:00,19:00
124,3,4,4,WORK,2,08:00,12:00,13:00,17:00
124,3,4,5,WORK,1,08:00,12:00,12:00,16:00
124,3,4,6,WORK,1,08:00,12:00,12:00,16:00
124,3,4,7,WORK,1,08:00,12:00,12:00,16:00
124,3,4,8,WORK,1,08:00,12:00,12:00,16:00
124,3,4,9,WORK,1,08:00,12:00,12:00,16:00
124,3,4,10,REST,,,,,
125,4,4,1,REST,,,,,
125,4,4,2,REST,,,,,
125,4,4,3,WORK,4,08:00,12:00,15:00,19:00
125,4,4,4,WORK,2,08:00,12:00,13:00,17:00
125,4,4,5,WORK,1,08:00,12:00,12:00,16:00
125,4,4,6,WORK,1,08:00,12:00,12:00,16:00
125,4,4,7,WORK,1,08:00,12:00,12:00,16:00
125,4,4,8,WORK,1,08:00,12:00,12:00,16:00
125,4,4,9,WORK,1,08:00,12:00,12:00,16:00
125,4,4,10,WORK,1,08:00,12:00,12:00,16:00
126,5,4,1,REST,,,,,
126,5,4,2,REST,,,,,
126,5,4,3,WORK,4,08:00,12:00,15:00,19:00
126,5,4,4,WORK,2,08:00,12:00,13:00,17:00
126,5,4,5,WORK,1,08:00,12:00,12:00,16:00
126,5,4,6,WORK,1,08:00,12:00,12:00,16:00
126,5,4,7,WORK,1,08:00,12:00,12:00,16:00
126,5,4,8,WORK,1,08:00,12:00,12:00,16:00
126,5,4,9,WORK,1,08:00,12:00,12:00,16:00
126,5,4,10,WORK,1,08:00,12:00,12:00,16:00
127,6,4,1,REST,,,,,
127,6,4,2,REST,,,,,
127,6,4,3,WORK,4,08:00,12:00,15:00,19:00
127,6,4,4,WORK,2,08:00,12:00,13:00,17:00
127,6,4,5,WORK,1,08:00,12:00,12:00,16:00
127,6,4,6,WORK,1,08:00,12:00,12:00,16:00
127,6,4,7,WORK,1,08:00,12:00,12:00,16:00
127,6,4,8,WORK,1,08:00,12:00,12:00,16:00
127,6,4,9,WORK,1,08:00,12:00,12:00,16:00
127,6,4,10,WORK,1,08:00,12:00,12:00,16:00
128,7,4,1,REST,,,,,
128,7,4,2,WORK,1,08:00,12:00,12:00,16:00
128,7,4,3,REST,,,,,
128,7,4,4,WORK,2,08:00,12:00,13:00,17:00
128,7,4,5,WORK,1,08:00,12:00,12:00,16:00
128,7,4,6,WORK,1,08:00,12:00,12:00,16:00
128,7,4,7,WORK,1,08:00,12:00,12:00,16:00
128,7,4,8,WORK,1,08:00,12:00,12:00,16:00
128,7,4,9,WORK,1,08:00,12:00,12:00,16:00
128,7,4,10,WORK,1,08:00,12:00,12:00,16:00
129,8,4,1,REST,,,,,
129,8,4,2,WORK,1,08:00,12:00,12:00,16:00
129,8,4,3,REST,,,,,
129,8,4,4,WORK,2,08:00,12:00,13:00,17:00
129,8,4,5,WORK,1,08:00,12:00,12:00,16:00
129,8,4,6,WORK,1,08:00,12:00,12:00,16:00
129,8,4,7,WORK,3,08:00,12:00,14:00,18:00
129,8,4,8,WORK,1,08:00,12:00,12:00,16:00
129,8,4,9,WORK,1,08:00,12:00,12:00,16:00
129,8,4,10,WORK,2,08:00,12:00,13:00,17:00
130,9,4,1,REST,,,,,
130,9,4,2,WORK,1,08:00,12:00,12:00,16:00
130,9,4,3,REST,,,,,
130,9,4,4,WORK,2,08:00,12:00,13:00,17:00
130,9,4,5,WORK,1,08:00,12:00,12:00,16:00
130,9,4,6,WORK,1,08:00,12:00,12:00,16:00
130,9,4,7,WORK,4,08:00,12:00,15:00,19:00
130,9,4,8,WORK,1,08:00,12:00,12:00,16:00
130,9,4,9,WORK,1,08:00,12:00,12:00,16:00
130,9,4,10,WORK,2,08:00,12:00,13:00,17:00
131,10,4,1,REST,,,,,
131,10,4,2,WORK,1,08:00,12:00,12:00,16:00
131,10,4,3,REST,,,,,
131,10,4,4,WORK,4,08:00,12:00,15:00,19:00
131,10,4,5,WORK,4,08:00,12:00,15:00,19:00
131,10,4,6,WORK,1,08:00,12:00,12:00,16:00
131,10,4,7,WORK,4,08:00,12:00,15:00,19:00
131,10,4,8,WORK,1,08:00,12:00,12:00,16:00
131,10,4,9,WORK,1,08:00,12:00,12:00,16:00
131,10,4,10,WORK,2,08:00,12:00,13:00,17:00
132,11,4,1,REST,,,,,
132,11,4,2,WORK,1,08:00,12:00,12:00,16:00
132,11,4,3,REST,,,,,
132,11,4,4,WORK,5,09:00,13:00,13:00,17:00
132,11,4,5,WORK,4,08:00,12:00,15:00,19:00
132,11,4,6,WORK,1,08:00,12:00,12:00,16:00
132,11,4,7,WORK,4,08:00,12:00,15:00,19:00
132,11,4,8,WORK,1,08:00,12:00,12:00,16:00
132,11,4,9,WORK,1,08:00,12:00,12:00,16:00
132,11,4,10,WORK,2,08:00,12:00,13:00,17:00
133,12,4,1,REST,,,,,
133,12,4,2,WORK,4,08:00,12:00,15:00,19:00
133,12,4,3,REST,,,,,
133,12,4,4,WORK,5,09:00,13:00,13:00,17:00
133,12,4,5,WORK,4,08:00,12:00,15:00,19:00
133,12,4,6,WORK,1,08:00,12:00,12:00,16:00
133,12,4,7,WORK,4,08:00,12:00,15:00,19:00
133,12,4,8,WORK,1,08:00,12:00,12:00,16:00
133,12,4,9,WORK,1,08:00,12:00,12:00,16:00
133,12,4,10,WORK,2,08:00,12:00,13:00,17:00
134,13,4,1,REST,,,,,
134,13,4,2,WORK,4,08:00,12:00,15:00,19:00
134,13,4,3,REST,,,,,
134,13,4,4,WORK,5,09:00,13:00,13:00,17:00
134,13,4,5,WORK,4,08:00,12:00,15:00,19:00
134,13,4,6,WORK,1,08:00,12:00,12:00,16:00
134,13,4,7,WORK,4,08:00,12:00,15:00,19:00
134,13,4,8,WORK,2,08:00,12:00,13:00,17:00
134,13,4,9,WORK,1,08:00,12:00,12:00,16:00
134,13,4,10,WORK,2,08:00,12:00,13:00,17:00
135,14,4,1,REST,,,,,
135,14,4,2,WORK,4,08:00,12:00,15:00,19:00
135,14,4,3,REST,,,,,
135,14,4,4,WORK,5,09:00,13:00,13:00,17:00
135,14,4,5,WORK,4,08:00,12:00,15:00,19:00
135,14,4,6,WORK,1,08:00,12:00,12:00,16:00
135,14,4,7,WORK,4,08:00,12:00,15:00,19:00
135,14,4,8,WORK,3,08:00,12:00,14:00,18:00
135,14,4,9,WORK,1,08:00,12:00,12:00,16:00
135,14,4,10,WORK,2,08:00,12:00,13:00,17:00
136,15,4,1,REST,,,,,
136,15,4,2,WORK,4,08:00,12:00,15:00,19:00
136,15,4,3,REST,,,,,
136,15,4,4,WORK,5,09:00,13:00,13:00,17:00
136,15,4,5,WORK,4,08:00,12:00,15:00,19:00
136,15,4,6,WORK,1,08:00,12:00,12:00,16:00
136,15,4,7,WORK,4,08:00,12:00,15:00,19:00
136,15,4,8,WORK,3,08:00,12:00,14:00,18:00
136,15,4,9,WORK,1,08:00,12:00,12:00,16:00
136,15,4,10,WORK,2,08:00,12:00,13:00,17:00
137,16,4,1,REST,,,,,
137,16,4,2,WORK,4,08:00,12:00,15:00,19:00
137,16,4,3,REST,,,,,
137,16,4,4,WORK,5,09:00,13:00,13:00,17:00
137,16,4,5,WORK,4,08:00,12:00,15:00,19:00
137,16,4,6,WORK,4,08:00,12:00,15:00,19:00
137,16,4,7,WORK,4,08:00,12:00,15:00,19:00
137,16,4,8,WORK,3,08:00,12:00,14:00,18:00
137,16,4,9,WORK,1,08:00,12:00,12:00,16:00
137,16,4,10,WORK,3,08:00,12:00,14:00,18:00
138,17,4,1,REST,,,,,
138,17,4,2,WORK,4,08:00,12:00,15:00,19:00
138,17,4,3,REST,,,,,
138,17,4,4,WORK,5,09:00,13:00,13:00,17:00
138,17,4,5,WORK,4,08:00,12:00,15:00,19:00
138,17,4,6,WORK,4,08:00,12:00,15:00,19:00
138,17,4,7,WORK,4,08:00,12:00,15:00,19:00
138,17,4,8,WORK,3,08:00,12:00,14:00,18:00
138,17,4,9,WORK,1,08:00,12:00,12:00,16:00
138,17,4,10,WORK,3,08:00,12:00,14:00,18:00
139,18,4,1,REST,,,,,
139,18,4,2,WORK,4,08:00,12:00,15:00,19:00
139,18,4,3,REST,,,,,
139,18,4,4,WORK,5,09:00,13:00,13:00,17:00
139,18,4,5,WORK,4,08:00,12:00,15:00,19:00
139,18,4,6,WORK,4,08:00,12:00,15:00,19:00
139,18,4,7,WORK,4,08:00,12:00,15:00,19:00
139,18,4,8,WORK,3,08:00,12:00,14:00,18:00
139,18,4,9,WORK,1,08:00,12:00,12:00,16:00
139,18,4,10,WORK,3,08:00,12:00,14:00,18:00
140,19,4,1,REST,,,,,
140,19,4,2,WORK,4,08:00,12:00,15:00,19:00
140,19,4,3,REST,,,,,
140,19,4,4,WORK,5,09:00,13:00,13:00,17:00
140,19,4,5,WORK,4,08:00,12:00,15:00,19:00
140,19,4,6,WORK,4,08:00,12:00,15:00,19:00
140,19,4,7,WORK,4,08:00,12:00,15:00,19:00
140,19,4,8,WORK,3,08:00,12:00,14:00,18:00
140,19,4,9,WORK,4,08:00,12:00,15:00,19:00
140,19,4,10,WORK,3,08:00,12:00,14:00,18:00
141,20,4,1,WORK,1,08:00,12:00,12:00,16:00
141,20,4,2,WORK,4,08:00,12:00,15:00,19:00
141,20,4,3,WORK,4,08:00,12:00,15:00,19:00
141,20,4,4,REST,,,,,
141,20,4,5,REST,,,,,
141,20,4,6,WORK,4,08:00,12:00,15:00,19:00
141,20,4,7,WORK,4,08:00,12:00,15:00,19:00
141,20,4,8,WORK,3,08:00,12:00,14:00,18:00
141,20,4,9,WORK,4,08:00,12:00,15:00,19:00
141,20,4,10,WORK,3,08:00,12:00,14:00,18:00
142,21,4,1,WORK,1,08:00,12:00,12:00,16:00
142,21,4,2,WORK,4,08:00,12:00,15:00,19:00
142,21,4,3,WORK,4,08:00,12:00,15:00,19:00
142,21,4,4,REST,,,,,
142,21,4,5,REST,,,,,
142,21,4,6,WORK,4,08:00,12:00,15:00,19:00
142,21,4,7,WORK,4,08:00,12:00,15:00,19:00
142,21,4,8,WORK,4,08:00,12:00,15:00,19:00
142,21,4,9,WORK,4,08:00,12:00,15:00,19:00
142,21,4,10,WORK,4,08:00,12:00,15:00,19:00
143,22,4,1,WORK,1,08:00,12:00,12:00,16:00
143,22,4,2,WORK,4,08:00,12:00,15:00,19:00
143,22,4,3,WORK,4,08:00,12:00,15:00,19:00
143,22,4,4,REST,,,,,
143,22,4,5,REST,,,,,
143,22,4,6,WORK,4,08:00,12:00,15:00,19:00
143,22,4,7,WORK,8,10:00,14:00,14:00,18:00
143,22,4,8,WORK,4,08:00,12:00,15:00,19:00
143,22,4,9,WORK,4,08:00,12:00,15:00,19:00
143,22,4,10,WORK,4,08:00,12:00,15:00,19:00
144,23,4,1,WORK,1,08:00,12:00,12:00,16:00
144,23,4,2,WORK,4,08:00,12:00,15:00,19:00
144,23,4,3,WORK,4,08:00,12:00,15:00,19:00
144,23,4,4,REST,,,,,
144,23,4,5,REST,,,,,
144,23,4,6,WORK,4,08:00,12:00,15:00,19:00
144,23,4,7,WORK,8,10:00,14:00,14:00,18:00
144,23,4,8,WORK,4,08:00,12:00,15:00,19:00
144,23,4,9,WORK,4,08:00,12:00,15:00,19:00
144,23,4,10,WORK,5,09:00,13:00,13:00,17:00
145,24,4,1,WORK,1,08:00,12:00,12:00,16:00
145,24,4,2,WORK,4,08:00,12:00,15:00,19:00
145,24,4,3,WORK,4,08:00,12:00,15:00,19:00
145,24,4,4,REST,,,,,
145,24,4,5,REST,,,,,
145,24,4,6,WORK,4,08:00,12:00,15:00,19:00
145,24,4,7,WORK,8,10:00,14:00,14:00,18:00
145,24,4,8,WORK,4,08:00,12:00,15:00,19:00
145,24,4,9,WORK,4,08:00,12:00,15:00,19:00
145,24,4,10,WORK,5,09:00,13:00,13:00,17:00
146,25,4,1,WORK,1,08:00,12:00,12:00,16:00
146,25,4,2,WORK,4,08:00,12:00,15:00,19:00
146,25,4,3,WORK,4,08:00,12:00,15:00,19:00
146,25,4,4,REST,,,,,
146,25,4,5,REST,,,,,
146,25,4,6,WORK,4,08:00,12:00,15:00,19:00
146,25,4,7,WORK,8,10:00,14:00,14:00,18:00
146,25,4,8,WORK,4,08:00,12:00,15:00,19:00
146,25,4,9,WORK,4,08:00,12:00,15:00,19:00
146,25,4,10,WORK,5,09:00,13:00,13:00,17:00
147,26,4,1,WORK,1,08:00,12:00,12:00,16:00
147,26,4,2,WORK,7,09:00,13:00,15:00,19:00
147,26,4,3,WORK,4,08:00,12:00,15:00,19:00
147,26,4,4,REST,,,,,
147,26,4,5,REST,,,,,
147,26,4,6,WORK,4,08:00,12:00,15:00,19:00
147,26,4,7,WORK,8,10:00,14:00,14:00,18:00
147,26,4,8,WORK,8,10:00,14:00,14:00,18:00
147,26,4,9,WORK,4,08:00,12:00,15:00,19:00
147,26,4,10,WORK,5,09:00,13:00,13:00,17:00
148,27,4,1,WORK,4,08:00,12:00,15:00,19:00
148,27,4,2,WORK,7,09:00,13:00,15:00,19:00
148,27,4,3,WORK,4,08:00,12:00,15:00,19:00
148,27,4,4,REST,,,,,
148,27,4,5,REST,,,,,
148,27,4,6,WORK,4,08:00,12:00,15:00,19:00
148,27,4,7,WORK,8,10:00,14:00,14:00,18:00
148,27,4,8,WORK,8,10:00,14:00,14:00,18:00
148,27,4,9,WORK,4,08:00,12:00,15:00,19:00
148,27,4,10,WORK,5,09:00,13:00,13:00,17:00
149,28,4,1,WORK,4,08:00,12:00,15:00,19:00
149,28,4,2,WORK,7,09:00,13:00,15:00,19:00
149,28,4,3,WORK,4,08:00,12:00,15:00,19:00
149,28,4,4,REST,,,,,
149,28,4,5,REST,,,,,
149,28,4,6,WORK,4,08:00,12:00,15:00,19:00
149,28,4,7,WORK,8,10:00,14:00,14:00,18:00
149,28,4,8,WORK,10,11:00,15:00,15:00,19:00
149,28,4,9,WORK,4,08:00,12:00,15:00,19:00
149,28,4,10,WORK,5,09:00,13:00,13:00,17:00
150,29,4,1,WORK,4,08:00,12:00,15:00,19:00
150,29,4,2,WORK,7,09:00,13:00,15:00,19:00
150,29,4,3,WORK,4,08:00,12:00,15:00,19:00
150,29,4,4,REST,,,,,
150,29,4,5,REST,,,,,
150,29,4,6,WORK,4,08:00,12:00,15:00,19:00
150,29,4,7,WORK,8,10:00,14:00,14:00,18:00
150,29,4,8,WORK,10,11:00,15:00,15:00,19:00
150,29,4,9,WORK,4,08:00,12:00,15:00,19:00
150,29,4,10,WORK,5,09:00,13:00,13:00,17:00
151,30,4,1,WORK,6,09:00,13:00,14:00,18:00
151,30,4,2,WORK,7,09:00,13:00,15:00,19:00
151,30,4,3,WORK,4,08:00,12:00,15:00,19:00
151,30,4,4,REST,,,,,
151,30,4,5,WORK,4,08:00,12:00,15:00,19:00
151,30,4,6,WORK,4,08:00,12:00,15:00,19:00
151,30,4,7,REST,,,,,
151,30,4,8,WORK,10,11:00,15:00,15:00,19:00
151,30,4,9,WORK,9,10:00,14:00,15:00,19:00
151,30,4,10,WORK,5,09:00,13:00,13:00,17:00
152,31,4,1,WORK,6,09:00,13:00,14:00,18:00
152,31,4,2,WORK,7,09:00,13:00,15:00,19:00
152,31,4,3,WORK,4,08:00,12:00,15:00,19:00
152,31,4,4,REST,,,,,
152,31,4,5,WORK,4,08:00,12:00,15:00,19:00
152,31,4,6,WORK,4,08:00,12:00,15:00,19:00
152,31,4,7,REST,,,,,
152,31,4,8,WORK,10,11:00,15:00,15:00,19:00
152,31,4,9,WORK,9,10:00,14:00,15:00,19:00
152,31,4,10,WORK,5,09:00,13:00,13:00,17:00
153,32,4,1,WORK,6,09:00,13:00,14:00,18:00
153,32,4,2,WORK,10,11:00,15:00,15:00,19:00
153,32,4,3,WORK,7,09:00,13:00,15:00,19:00
153,32,4,4,WORK,8,10:00,14:00,14:00,18:00
153,32,4,5,WORK,4,08:00,12:00,15:00,19:00
153,32,4,6,WORK,4,08:00,12:00,15:00,19:00
153,32,4,7,REST,,,,,
153,32,4,8,REST,,,,,
153,32,4,9,WORK,9,10:00,14:00,15:00,19:00
153,32,4,10,WORK,5,09:00,13:00,13:00,17:00
154,33,4,1,WORK,6,09:00,13:00,14:00,18:00
154,33,4,2,WORK,10,11:00,15:00,15:00,19:00
154,33,4,3,WORK,7,09:00,13:00,15:00,19:00
154,33,4,4,WORK,8,10:00,14:00,14:00,18:00
154,33,4,5,WORK,8,10:00,14:00,14:00,18:00
154,33,4,6,WORK,4,08:00,12:00,15:00,19:00
154,33,4,7,REST,,,,,
154,33,4,8,REST,,,,,
154,33,4,9,WORK,9,10:00,14:00,15:00,19:00
154,33,4,10,WORK,10,11:00,15:00,15:00,19:00
155,34,4,1,WORK,6,09:00,13:00,14:00,18:00
155,34,4,2,WORK,10,11:00,15:00,15:00,19:00
155,34,4,3,WORK,7,09:00,13:00,15:00,19:00
155,34,4,4,WORK,8,10:00,14:00,14:00,18:00
155,34,4,5,WORK,8,10:00,14:00,14:00,18:00
155,34,4,6,WORK,4,08:00,12:00,15:00,19:00
155,34,4,7,WORK,8,10:00,14:00,14:00,18:00
155,34,4,8,REST,,,,,
155,34,4,9,WORK,9,10:00,14:00,15:00,19:00
155,34,4,10,REST,,,,,
156,35,4,1,WORK,7,09:00,13:00,15:00,19:00
156,35,4,2,WORK,10,11:00,15:00,15:00,19:00
156,35,4,3,WORK,7,09:00,13:00,15:00,19:00
156,35,4,4,WORK,8,10:00,14:00,14:00,18:00
156,35,4,5,WORK,9,10:00,14:00,15:00,19:00
156,35,4,6,WORK,4,08:00,12:00,15:00,19:00
156,35,4,7,WORK,8,10:00,14:00,14:00,18:00
156,35,4,8,REST,,,,,
156,35,4,9,WORK,9,10:00,14:00,15:00,19:00
156,35,4,10,REST,,,,,
157,36,4,1,WORK,7,09:00,13:00,15:00,19:00
157,36,4,2,WORK,10,11:00,15:00,15:00,19:00
157,36,4,3,WORK,7,09:00,13:00,15:00,19:00
157,36,4,4,WORK,8,10:00,14:00,14:00,18:00
157,36,4,5,WORK,9,10:00,14:00,15:00,19:00
157,36,4,6,WORK,4,08:00,12:00,15:00,19:00
157,36,4,7,WORK,8,10:00,14:00,14:00,18:00
157,36,4,8,REST,,,,,
157,36,4,9,WORK,9,10:00,14:00,15:00,19:00
157,36,4,10,REST,,,,,
158,37,4,1,WORK,10,11:00,15:00,15:00,19:00
158,37,4,2,WORK,10,11:00,15:00,15:00,19:00
158,37,4,3,WORK,9,10:00,14:00,15:00,19:00
158,37,4,4,WORK,8,10:00,14:00,14:00,18:00
158,37,4,5,WORK,9,10:00,14:00,15:00,19:00
158,37,4,6,WORK,4,08:00,12:00,15:00,19:00
158,37,4,7,WORK,10,11:00,15:00,15:00,19:00
158,37,4,8,REST,,,,,
158,37,4,9,WORK,9,10:00,14:00,15:00,19:00
158,37,4,10,REST,,,,,
159,38,4,1,WORK,10,11:00,15:00,15:00,19:00
159,38,4,2,WORK,10,11:00,15:00,15:00,19:00
159,38,4,3,WORK,9,10:00,14:00,15:00,19:00
159,38,4,4,WORK,8,10:00,14:00,14:00,18:00
159,38,4,5,WORK,10,11:00,15:00,15:00,19:00
159,38,4,6,WORK,9,10:00,14:00,15:00,19:00
159,38,4,7,WORK,10,11:00,15:00,15:00,19:00
159,38,4,8,REST,,,,,
159,38,4,9,WORK,9,10:00,14:00,15:00,19:00
159,38,4,10,REST,,,,,
160,39,4,1,REST,,,,,
160,39,4,2,WORK,10,11:00,15:00,15:00,19:00
160,39,4,3,WORK,9,10:00,14:00,15:00,19:00
160,39,4,4,WORK,8,10:00,14:00,14:00,18:00
160,39,4,5,WORK,10,11:00,15:00,15:00,19:00
160,39,4,6,WORK,9,10:00,14:00,15:00,19:00
160,39,4,7,WORK,10,11:00,15:00,15:00,19:00
160,39,4,8,WORK,10,11:00,15:00,15:00,19:00
160,39,4,9,WORK,9,10:00,14:00,15:00,19:00
160,39,4,10,REST,,,,,
161,40,4,1,REST,,,,,
161,40,4,2,WORK,10,11:00,15:00,15:00,19:00
161,40,4,3,WORK,9,10:00,14:00,15:00,19:00
161,40,4,4,WORK,8,10:00,14:00,14:00,18:00
161,40,4,5,WORK,10,11:00,15:00,15:00,19:00
161,40,4,6,WORK,9,10:00,14:00,15:00,19:00
161,40,4,7,WORK,10,11:00,15:00,15:00,19:00
161,40,4,8,WORK,10,11:00,15:00,15:00,19:00
161,40,4,9,WORK,9,10:00,14:00,15:00,19:00
161,40,4,10,REST,,,,,
162,41,4,1,REST,,,,,
162,41,4,2,WORK,10,11:00,15:00,15:00,19:00
162,41,4,3,WORK,10,11:00,15:00,15:00,19:00
162,41,4,4,WORK,8,10:00,14:00,14:00,18:00
162,41,4,5,WORK,10,11:00,15:00,15:00,19:00
162,41,4,6,WORK,9,10:00,14:00,15:00,19:00
162,41,4,7,WORK,10,11:00,15:00,15:00,19:00
162,41,4,8,WORK,10,11:00,15:00,15:00,19:00
162,41,4,9,WORK,9,10:00,14:00,15:00,19:00
162,41,4,10,REST,,,,,
163,1,5,1,WORK,1,08:00,12:00,12:00,16:00
163,1,5,2,REST,,,,,
163,1,5,3,WORK,1,08:00,12:00,12:00,16:00
163,1,5,4,WORK,1,08:00,12:00,12:00,16:00
163,1,5,5,WORK,1,08:00,12:00,12:00,16:00
163,1,5,6,WORK,1,08:00,12:00,12:00,16:00
163,1,5,7,WORK,1,08:00,12:00,12:00,16:00
163,1,5,8,WORK,1,08:00,12:00,12:00,16:00
163,1,5,9,WORK,1,08:00,12:00,12:00,16:00
163,1,5,10,REST,,,,,
164,2,5,1,WORK,1,08:00,12:00,12:00,16:00
164,2,5,2,REST,,,,,
164,2,5,3,WORK,1,08:00,12:00,12:00,16:00
164,2,5,4,WORK,1,08:00,12:00,12:00,16:00
164,2,5,5,WORK,1,08:00,12:00,12:00,16:00
164,2,5,6,WORK,1,08:00,12:00,12:00,16:00
164,2,5,7,WORK,1,08:00,12:00,12:00,16:00
164,2,5,8,WORK,1,08:00,12:00,12:00,16:00
164,2,5,9,WORK,1,08:00,12:00,12:00,16:00
164,2,5,10,REST,,,,,
165,3,5,1,WORK,1,08:00,12:00,12:00,16:00
165,3,5,2,REST,,,,,
165,3,5,3,WORK,1,08:00,12:00,12:00,16:00
165,3,5,4,WORK,1,08:00,12:00,12:00,16:00
165,3,5,5,WORK,1,08:00,12:00,12:00,16:00
165,3,5,6,WORK,1,08:00,12:00,12:00,16:00
165,3,5,7,WORK,1,08:00,12:00,12:00,16:00
165,3,5,8,WORK,1,08:00,12:00,12:00,16:00
165,3,5,9,WORK,1,08:00,12:00,12:00,16:00
165,3,5,10,REST,,,,,
166,4,5,1,WORK,1,08:00,12:00,12:00,16:00
166,4,5,2,REST,,,,,
166,4,5,3,WORK,1,08:00,12:00,12:00,16:00
166,4,5,4,WORK,1,08:00,12:00,12:00,16:00
166,4,5,5,WORK,1,08:00,12:00,12:00,16:00
166,4,5,6,WORK,1,08:00,12:00,12:00,16:00
166,4,5,7,WORK,1,08:00,12:00,12:00,16:00
166,4,5,8,WORK,1,08:00,12:00,12:00,16:00
166,4,5,9,WORK,1,08:00,12:00,12:00,16:00
166,4,5,10,REST,,,,,
167,5,5,1,WORK,1,08:00,12:00,12:00,16:00
167,5,5,2,REST,,,,,
167,5,5,3,WORK,4,08:00,12:00,15:00,19:00
167,5,5,4,WORK,1,08:00,12:00,12:00,16:00
167,5,5,5,WORK,1,08:00,12:00,12:00,16:00
167,5,5,6,WORK,1,08:00,12:00,12:00,16:00
167,5,5,7,WORK,1,08:00,12:00,12:00,16:00
167,5,5,8,WORK,1,08:00,12:00,12:00,16:00
167,5,5,9,WORK,1,08:00,12:00,12:00,16:00
167,5,5,10,REST,,,,,
168,6,5,1,WORK,1,08:00,12:00,12:00,16:00
168,6,5,2,REST,,,,,
168,6,5,3,WORK,4,08:00,12:00,15:00,19:00
168,6,5,4,WORK,1,08:00,12:00,12:00,16:00
168,6,5,5,WORK,1,08:00,12:00,12:00,16:00
168,6,5,6,WORK,1,08:00,12:00,12:00,16:00
168,6,5,7,WORK,1,08:00,12:00,12:00,16:00
168,6,5,8,WORK,1,08:00,12:00,12:00,16:00
168,6,5,9,WORK,1,08:00,12:00,12:00,16:00
168,6,5,10,REST,,,,,
169,7,5,1,WORK,1,08:00,12:00,12:00,16:00
169,7,5,2,REST,,,,,
169,7,5,3,WORK,4,08:00,12:00,15:00,19:00
169,7,5,4,WORK,4,08:00,12:00,15:00,19:00
169,7,5,5,WORK,1,08:00,12:00,12:00,16:00
169,7,5,6,WORK,1,08:00,12:00,12:00,16:00
169,7,5,7,WORK,1,08:00,12:00,12:00,16:00
169,7,5,8,WORK,1,08:00,12:00,12:00,16:00
169,7,5,9,WORK,1,08:00,12:00,12:00,16:00
169,7,5,10,REST,,,,,
170,8,5,1,WORK,1,08:00,12:00,12:00,16:00
170,8,5,2,REST,,,,,
170,8,5,3,WORK,4,08:00,12:00,15:00,19:00
170,8,5,4,WORK,4,08:00,12:00,15:00,19:00
170,8,5,5,WORK,1,08:00,12:00,12:00,16:00
170,8,5,6,WORK,1,08:00,12:00,12:00,16:00
170,8,5,7,WORK,1,08:00,12:00,12:00,16:00
170,8,5,8,WORK,1,08:00,12:00,12:00,16:00
170,8,5,9,WORK,1,08:00,12:00,12:00,16:00
170,8,5,10,REST,,,,,
171,9,5,1,REST,,,,,
171,9,5,2,WORK,1,08:00,12:00,12:00,16:00
171,9,5,3,REST,,,,,
171,9,5,4,WORK,4,08:00,12:00,15:00,19:00
171,9,5,5,WORK,1,08:00,12:00,12:00,16:00
171,9,5,6,WORK,1,08:00,12:00,12:00,16:00
171,9,5,7,WORK,1,08:00,12:00,12:00,16:00
171,9,5,8,WORK,1,08:00,12:00,12:00,16:00
171,9,5,9,WORK,1,08:00,12:00,12:00,16:00
171,9,5,10,WORK,1,08:00,12:00,12:00,16:00
172,10,5,1,REST,,,,,
172,10,5,2,WORK,1,08:00,12:00,12:00,16:00
172,10,5,3,REST,,,,,
172,10,5,4,WORK,4,08:00,12:00,15:00,19:00
172,10,5,5,WORK,1,08:00,12:00,12:00,16:00
172,10,5,6,WORK,3,08:00,12:00,14:00,18:00
172,10,5,7,WORK,1,08:00,12:00,12:00,16:00
172,10,5,8,WORK,1,08:00,12:00,12:00,16:00
172,10,5,9,WORK,1,08:00,12:00,12:00,16:00
172,10,5,10,WORK,1,08:00,12:00,12:00,16:00
173,11,5,1,REST,,,,,
173,11,5,2,WORK,1,08:00,12:00,12:00,16:00
173,11,5,3,REST,,,,,
173,11,5,4,WORK,4,08:00,12:00,15:00,19:00
173,11,5,5,WORK,1,08:00,12:00,12:00,16:00
173,11,5,6,WORK,3,08:00,12:00,14:00,18:00
173,11,5,7,WORK,1,08:00,12:00,12:00,16:00
173,11,5,8,WORK,1,08:00,12:00,12:00,16:00
173,11,5,9,WORK,1,08:00,12:00,12:00,16:00
173,11,5,10,WORK,1,08:00,12:00,12:00,16:00
174,12,5,1,REST,,,,,
174,12,5,2,WORK,1,08:00,12:00,12:00,16:00
174,12,5,3,REST,,,,,
174,12,5,4,WORK,4,08:00,12:00,15:00,19:00
174,12,5,5,WORK,1,08:00,12:00,12:00,16:00
174,12,5,6,WORK,4,08:00,12:00,15:00,19:00
174,12,5,7,WORK,1,08:00,12:00,12:00,16:00
174,12,5,8,WORK,1,08:00,12:00,12:00,16:00
174,12,5,9,WORK,1,08:00,12:00,12:00,16:00
174,12,5,10,WORK,1,08:00,12:00,12:00,16:00
175,13,5,1,REST,,,,,
175,13,5,2,WORK,1,08:00,12:00,12:00,16:00
175,13,5,3,REST,,,,,
175,13,5,4,WORK,4,08:00,12:00,15:00,19:00
175,13,5,5,WORK,1,08:00,12:00,12:00,16:00
175,13,5,6,WORK,4,08:00,12:00,15:00,19:00
175,13,5,7,WORK,1,08:00,12:00,12:00,16:00
175,13,5,8,WORK,1,08:00,12:00,12:00,16:00
175,13,5,9,WORK,1,08:00,12:00,12:00,16:00
175,13,5,10,WORK,1,08:00,12:00,12:00,16:00
176,14,5,1,REST,,,,,
176,14,5,2,WORK,1,08:00,12:00,12:00,16:00
176,14,5,3,REST,,,,,
176,14,5,4,WORK,6,09:00,13:00,14:00,18:00
176,14,5,5,WORK,1,08:00,12:00,12:00,16:00
176,14,5,6,WORK,4,08:00,12:00,15:00,19:00
176,14,5,7,WORK,1,08:00,12:00,12:00,16:00
176,14,5,8,WORK,4,08:00,12:00,15:00,19:00
176,14,5,9,WORK,3,08:00,12:00,14:00,18:00
176,14,5,10,WORK,1,08:00,12:00,12:00,16:00
177,15,5,1,REST,,,,,
177,15,5,2,WORK,1,08:00,12:00,12:00,16:00
177,15,5,3,REST,,,,,
177,15,5,4,WORK,6,09:00,13:00,14:00,18:00
177,15,5,5,WORK,1,08:00,12:00,12:00,16:00
177,15,5,6,WORK,4,08:00,12:00,15:00,19:00
177,15,5,7,WORK,1,08:00,12:00,12:00,16:00
177,15,5,8,WORK,4,08:00,12:00,15:00,19:00
177,15,5,9,WORK,3,08:00,12:00,14:00,18:00
177,15,5,10,WORK,2,08:00,12:00,13:00,17:00
178,16,5,1,REST,,,,,
178,16,5,2,WORK,1,08:00,12:00,12:00,16:00
178,16,5,3,REST,,,,,
178,16,5,4,WORK,6,09:00,13:00,14:00,18:00
178,16,5,5,WORK,1,08:00,12:00,12:00,16:00
178,16,5,6,WORK,4,08:00,12:00,15:00,19:00
178,16,5,7,WORK,1,08:00,12:00,12:00,16:00
178,16,5,8,WORK,4,08:00,12:00,15:00,19:00
178,16,5,9,WORK,4,08:00,12:00,15:00,19:00
178,16,5,10,WORK,2,08:00,12:00,13:00,17:00
179,17,5,1,REST,,,,,
179,17,5,2,WORK,1,08:00,12:00,12:00,16:00
179,17,5,3,REST,,,,,
179,17,5,4,WORK,6,09:00,13:00,14:00,18:00
179,17,5,5,WORK,1,08:00,12:00,12:00,16:00
179,17,5,6,WORK,4,08:00,12:00,15:00,19:00
179,17,5,7,WORK,3,08:00,12:00,14:00,18:00
179,17,5,8,WORK,4,08:00,12:00,15:00,19:00
179,17,5,9,WORK,4,08:00,12:00,15:00,19:00
179,17,5,10,WORK,2,08:00,12:00,13:00,17:00
180,18,5,1,WORK,1,08:00,12:00,12:00,16:00
180,18,5,2,WORK,1,08:00,12:00,12:00,16:00
180,18,5,3,REST,,,,,
180,18,5,4,REST,,,,,
180,18,5,5,WORK,1,08:00,12:00,12:00,16:00
180,18,5,6,WORK,8,10:00,14:00,14:00,18:00
180,18,5,7,WORK,3,08:00,12:00,14:00,18:00
180,18,5,8,WORK,4,08:00,12:00,15:00,19:00
180,18,5,9,WORK,4,08:00,12:00,15:00,19:00
180,18,5,10,WORK,2,08:00,12:00,13:00,17:00
181,19,5,1,WORK,1,08:00,12:00,12:00,16:00
181,19,5,2,WORK,1,08:00,12:00,12:00,16:00
181,19,5,3,REST,,,,,
181,19,5,4,REST,,,,,
181,19,5,5,WORK,1,08:00,12:00,12:00,16:00
181,19,5,6,WORK,8,10:00,14:00,14:00,18:00
181,19,5,7,WORK,3,08:00,12:00,14:00,18:00
181,19,5,8,WORK,4,08:00,12:00,15:00,19:00
181,19,5,9,WORK,4,08:00,12:00,15:00,19:00
181,19,5,10,WORK,2,08:00,12:00,13:00,17:00
182,20,5,1,WORK,3,08:00,12:00,14:00,18:00
182,20,5,2,WORK,1,08:00,12:00,12:00,16:00
182,20,5,3,WORK,4,08:00,12:00,15:00,19:00
182,20,5,4,REST,,,,,
182,20,5,5,REST,,,,,
182,20,5,6,WORK,8,10:00,14:00,14:00,18:00
182,20,5,7,WORK,3,08:00,12:00,14:00,18:00
182,20,5,8,WORK,4,08:00,12:00,15:00,19:00
182,20,5,9,WORK,4,08:00,12:00,15:00,19:00
182,20,5,10,WORK,2,08:00,12:00,13:00,17:00
183,21,5,1,WORK,4,08:00,12:00,15:00,19:00
183,21,5,2,WORK,1,08:00,12:00,12:00,16:00
183,21,5,3,WORK,4,08:00,12:00,15:00,19:00
183,21,5,4,REST,,,,,
183,21,5,5,REST,,,,,
183,21,5,6,WORK,8,10:00,14:00,14:00,18:00
183,21,5,7,WORK,4,08:00,12:00,15:00,19:00
183,21,5,8,WORK,4,08:00,12:00,15:00,19:00
183,21,5,9,WORK,4,08:00,12:00,15:00,19:00
183,21,5,10,WORK,2,08:00,12:00,13:00,17:00
184,22,5,1,WORK,4,08:00,12:00,15:00,19:00
184,22,5,2,WORK,1,08:00,12:00,12:00,16:00
184,22,5,3,WORK,4,08:00,12:00,15:00,19:00
184,22,5,4,REST,,,,,
184,22,5,5,REST,,,,,
184,22,5,6,WORK,8,10:00,14:00,14:00,18:00
184,22,5,7,WORK,4,08:00,12:00,15:00,19:00
184,22,5,8,WORK,4,08:00,12:00,15:00,19:00
184,22,5,9,WORK,4,08:00,12:00,15:00,19:00
184,22,5,10,WORK,2,08:00,12:00,13:00,17:00
185,23,5,1,WORK,4,08:00,12:00,15:00,19:00
185,23,5,2,WORK,1,08:00,12:00,12:00,16:00
185,23,5,3,WORK,4,08:00,12:00,15:00,19:00
185,23,5,4,REST,,,,,
185,23,5,5,WORK,4,08:00,12:00,15:00,19:00
185,23,5,6,REST,,,,,
185,23,5,7,WORK,4,08:00,12:00,15:00,19:00
185,23,5,8,WORK,4,08:00,12:00,15:00,19:00
185,23,5,9,WORK,4,08:00,12:00,15:00,19:00
185,23,5,10,WORK,4,08:00,12:00,15:00,19:00
186,24,5,1,WORK,4,08:00,12:00,15:00,19:00
186,24,5,2,WORK,1,08:00,12:00,12:00,16:00
186,24,5,3,WORK,4,08:00,12:00,15:00,19:00
186,24,5,4,REST,,,,,
186,24,5,5,WORK,4,08:00,12:00,15:00,19:00
186,24,5,6,REST,,,,,
186,24,5,7,WORK,4,08:00,12:00,15:00,19:00
186,24,5,8,WORK,4,08:00,12:00,15:00,19:00
186,24,5,9,WORK,4,08:00,12:00,15:00,19:00
186,24,5,10,WORK,4,08:00,12:00,15:00,19:00
187,25,5,1,WORK,4,08:00,12:00,15:00,19:00
187,25,5,2,WORK,3,08:00,12:00,14:00,18:00
187,25,5,3,WORK,4,08:00,12:00,15:00,19:00
187,25,5,4,REST,,,,,
187,25,5,5,WORK,4,08:00,12:00,15:00,19:00
187,25,5,6,REST,,,,,
187,25,5,7,WORK,4,08:00,12:00,15:00,19:00
187,25,5,8,WORK,4,08:00,12:00,15:00,19:00
187,25,5,9,WORK,4,08:00,12:00,15:00,19:00
187,25,5,10,WORK,8,10:00,14:00,14:00,18:00
188,26,5,1,WORK,4,08:00,12:00,15:00,19:00
188,26,5,2,WORK,3,08:00,12:00,14:00,18:00
188,26,5,3,WORK,4,08:00,12:00,15:00,19:00
188,26,5,4,REST,,,,,
188,26,5,5,WORK,4,08:00,12:00,15:00,19:00
188,26,5,6,REST,,,,,
188,26,5,7,WORK,4,08:00,12:00,15:00,19:00
188,26,5,8,WORK,4,08:00,12:00,15:00,19:00
188,26,5,9,WORK,4,08:00,12:00,15:00,19:00
188,26,5,10,WORK,8,10:00,14:00,14:00,18:00
189,27,5,1,WORK,4,08:00,12:00,15:00,19:00
189,27,5,2,WORK,3,08:00,12:00,14:00,18:00
189,27,5,3,WORK,4,08:00,12:00,15:00,19:00
189,27,5,4,REST,,,,,
189,27,5,5,WORK,4,08:00,12:00,15:00,19:00
189,27,5,6,REST,,,,,
189,27,5,7,WORK,4,08:00,12:00,15:00,19:00
189,27,5,8,WORK,4,08:00,12:00,15:00,19:00
189,27,5,9,WORK,4,08:00,12:00,15:00,19:00
189,27,5,10,WORK,8,10:00,14:00,14:00,18:00
190,28,5,1,WORK,4,08:00,12:00,15:00,19:00
190,28,5,2,WORK,3,08:00,12:00,14:00,18:00
190,28,5,3,WORK,4,08:00,12:00,15:00,19:00
190,28,5,4,REST,,,,,
190,28,5,5,WORK,4,08:00,12:00,15:00,19:00
190,28,5,6,REST,,,,,
190,28,5,7,WORK,4,08:00,12:00,15:00,19:00
190,28,5,8,WORK,4,08:00,12:00,15:00,19:00
190,28,5,9,WORK,4,08:00,12:00,15:00,19:00
190,28,5,10,WORK,8,10:00,14:00,14:00,18:00
191,29,5,1,WORK,10,11:00,15:00,15:00,19:00
191,29,5,2,WORK,3,08:00,12:00,14:00,18:00
191,29,5,3,WORK,4,08:00,12:00,15:00,19:00
191,29,5,4,REST,,,,,
191,29,5,5,WORK,4,08:00,12:00,15:00,19:00
191,29,5,6,REST,,,,,
191,29,5,7,WORK,4,08:00,12:00,15:00,19:00
191,29,5,8,WORK,4,08:00,12:00,15:00,19:00
191,29,5,9,WORK,4,08:00,12:00,15:00,19:00
191,29,5,10,WORK,8,10:00,14:00,14:00,18:00
192,30,5,1,WORK,10,11:00,15:00,15:00,19:00
192,30,5,2,WORK,3,08:00,12:00,14:00,18:00
192,30,5,3,WORK,4,08:00,12:00,15:00,19:00
192,30,5,4,REST,,,,,
192,30,5,5,WORK,4,08:00,12:00,15:00,19:00
192,30,5,6,WORK,8,10:00,14:00,14:00,18:00
192,30,5,7,WORK,4,08:00,12:00,15:00,19:00
192,30,5,8,REST,,,,,
192,30,5,9,WORK,6,09:00,13:00,14:00,18:00
192,30,5,10,WORK,8,10:00,14:00,14:00,18:00
193,31,5,1,WORK,10,11:00,15:00,15:00,19:00
193,31,5,2,WORK,3,08:00,12:00,14:00,18:00
193,31,5,3,WORK,4,08:00,12:00,15:00,19:00
193,31,5,4,WORK,6,09:00,13:00,14:00,18:00
193,31,5,5,WORK,4,08:00,12:00,15:00,19:00
193,31,5,6,WORK,8,10:00,14:00,14:00,18:00
193,31,5,7,WORK,4,08:00,12:00,15:00,19:00
193,31,5,8,REST,,,,,
193,31,5,9,REST,,,,,
193,31,5,10,WORK,8,10:00,14:00,14:00,18:00
194,32,5,1,WORK,10,11:00,15:00,15:00,19:00
194,32,5,2,WORK,3,08:00,12:00,14:00,18:00
194,32,5,3,WORK,10,11:00,15:00,15:00,19:00
194,32,5,4,WORK,6,09:00,13:00,14:00,18:00
194,32,5,5,WORK,4,08:00,12:00,15:00,19:00
194,32,5,6,WORK,8,10:00,14:00,14:00,18:00
194,32,5,7,WORK,4,08:00,12:00,15:00,19:00
194,32,5,8,REST,,,,,
194,32,5,9,REST,,,,,
194,32,5,10,WORK,9,10:00,14:00,15:00,19:00
195,33,5,1,WORK,10,11:00,15:00,15:00,19:00
195,33,5,2,WORK,3,08:00,12:00,14:00,18:00
195,33,5,3,WORK,10,11:00,15:00,15:00,19:00
195,33,5,4,WORK,6,09:00,13:00,14:00,18:00
195,33,5,5,WORK,4,08:00,12:00,15:00,19:00
195,33,5,6,WORK,8,10:00,14:00,14:00,18:00
195,33,5,7,WORK,4,08:00,12:00,15:00,19:00
195,33,5,8,REST,,,,,
195,33,5,9,REST,,,,,
195,33,5,10,WORK,9,10:00,14:00,15:00,19:00
196,34,5,1,WORK,10,11:00,15:00,15:00,19:00
196,34,5,2,WORK,4,08:00,12:00,15:00,19:00
196,34,5,3,WORK,10,11:00,15:00,15:00,19:00
196,34,5,4,WORK,6,09:00,13:00,14:00,18:00
196,34,5,5,WORK,4,08:00,12:00,15:00,19:00
196,34,5,6,WORK,8,10:00,14:00,14:00,18:00
196,34,5,7,WORK,4,08:00,12:00,15:00,19:00
196,34,5,8,REST,,,,,
196,34,5,9,REST,,,,,
196,34,5,10,WORK,9,10:00,14:00,15:00,19:00
197,35,5,1,WORK,10,11:00,15:00,15:00,19:00
197,35,5,2,WORK,8,10:00,14:00,14:00,18:00
197,35,5,3,WORK,10,11:00,15:00,15:00,19:00
197,35,5,4,WORK,6,09:00,13:00,14:00,18:00
197,35,5,5,WORK,4,08:00,12:00,15:00,19:00
197,35,5,6,WORK,8,10:00,14:00,14:00,18:00
197,35,5,7,WORK,4,08:00,12:00,15:00,19:00
197,35,5,8,REST,,,,,
197,35,5,9,REST,,,,,
197,35,5,10,WORK,9,10:00,14:00,15:00,19:00
198,36,5,1,WORK,10,11:00,15:00,15:00,19:00
198,36,5,2,WORK,8,10:00,14:00,14:00,18:00
198,36,5,3,WORK,10,11:00,15:00,15:00,19:00
198,36,5,4,WORK,6,09:00,13:00,14:00,18:00
198,36,5,5,WORK,4,08:00,12:00,15:00,19:00
198,36,5,6,WORK,8,10:00,14:00,14:00,18:00
198,36,5,7,WORK,4,08:00,12:00,15:00,19:00
198,36,5,8,REST,,,,,
198,36,5,9,REST,,,,,
198,36,5,10,WORK,9,10:00,14:00,15:00,19:00
199,37,5,1,REST,,,,,
199,37,5,2,WORK,8,10:00,14:00,14:00,18:00
199,37,5,3,WORK,10,11:00,15:00,15:00,19:00
199,37,5,4,WORK,6,09:00,13:00,14:00,18:00
199,37,5,5,WORK,10,11:00,15:00,15:00,19:00
199,37,5,6,WORK,8,10:00,14:00,14:00,18:00
199,37,5,7,WORK,4,08:00,12:00,15:00,19:00
199,37,5,8,WORK,4,08:00,12:00,15:00,19:00
199,37,5,9,WORK,10,11:00,15:00,15:00,19:00
199,37,5,10,REST,,,,,
200,38,5,1,REST,,,,,
200,38,5,2,WORK,8,10:00,14:00,14:00,18:00
200,38,5,3,WORK,10,11:00,15:00,15:00,19:00
200,38,5,4,WORK,6,09:00,13:00,14:00,18:00
200,38,5,5,WORK,10,11:00,15:00,15:00,19:00
200,38,5,6,WORK,8,10:00,14:00,14:00,18:00
200,38,5,7,WORK,8,10:00,14:00,14:00,18:00
200,38,5,8,WORK,8,10:00,14:00,14:00,18:00
200,38,5,9,WORK,10,11:00,15:00,15:00,19:00
200,38,5,10,REST,,,,,
201,39,5,1,REST,,,,,
201,39,5,2,WORK,8,10:00,14:00,14:00,18:00
201,39,5,3,WORK,10,11:00,15:00,15:00,19:00
201,39,5,4,WORK,7,09:00,13:00,15:00,19:00
201,39,5,5,WORK,10,11:00,15:00,15:00,19:00
201,39,5,6,WORK,8,10:00,14:00,14:00,18:00
201,39,5,7,WORK,8,10:00,14:00,14:00,18:00
201,39,5,8,WORK,8,10:00,14:00,14:00,18:00
201,39,5,9,WORK,10,11:00,15:00,15:00,19:00
201,39,5,10,REST,,,,,
202,40,5,1,REST,,,,,
202,40,5,2,WORK,8,10:00,14:00,14:00,18:00
202,40,5,3,WORK,10,11:00,15:00,15:00,19:00
202,40,5,4,WORK,7,09:00,13:00,15:00,19:00
202,40,5,5,WORK,10,11:00,15:00,15:00,19:00
202,40,5,6,WORK,8,10:00,14:00,14:00,18:00
202,40,5,7,WORK,8,10:00,14:00,14:00,18:00
202,40,5,8,WORK,8,10:00,14:00,14:00,18:00
202,40,5,9,WORK,10,11:00,15:00,15:00,19:00
202,40,5,10,REST,,,,,
203,41,5,1,REST,,,,,
203,41,5,2,WORK,8,10:00,14:00,14:00,18:00
203,41,5,3,WORK,10,11:00,15:00,15:00,19:00
203,41,5,4,WORK,7,09:00,13:00,15:00,19:00
203,41,5,5,WORK,10,11:00,15:00,15:00,19:00
203,41,5,6,WORK,8,10:00,14:00,14:00,18:00
203,41,5,7,WORK,8,10:00,14:00,14:00,18:00
203,41,5,8,WORK,9,10:00,14:00,15:00,19:00
203,41,5,9,WORK,10,11:00,15:00,15:00,19:00
203,41,5,10,REST,,,,,
204,42,5,1,REST,,,,,
204,42,5,2,WORK,8,10:00,14:00,14:00,18:00
204,42,5,3,WORK,10,11:00,15:00,15:00,19:00
204,42,5,4,WORK,8,10:00,14:00,14:00,18:00
204,42,5,5,WORK,10,11:00,15:00,15:00,19:00
204,42,5,6,WORK,8,10:00,14:00,14:00,18:00
204,42,5,7,WORK,8,10:00,14:00,14:00,18:00
204,42,5,8,WORK,9,10:00,14:00,15:00,19:00
204,42,5,9,WORK,10,11:00,15:00,15:00,19:00
204,42,5,10,REST,,,,,
205,43,5,1,REST,,,,,
205,43,5,2,WORK,8,10:00,14:00,14:00,18:00
205,43,5,3,WORK,10,11:00,15:00,15:00,19:00
205,43,5,4,WORK,8,10:00,14:00,14:00,18:00
205,43,5,5,WORK,10,11:00,15:00,15:00,19:00
205,43,5,6,WORK,8,10:00,14:00,14:00,18:00
205,43,5,7,WORK,8,10:00,14:00,14:00,18:00
205,43,5,8,WORK,9,10:00,14:00,15:00,19:00
205,43,5,9,WORK,10,11:00,15:00,15:00,19:00
205,43,5,10,REST,,,,,
206,44,5,1,REST,,,,,
206,44,5,2,WORK,8,10:00,14:00,14:00,18:00
206,44,5,3,WORK,10,11:00,15:00,15:00,19:00
206,44,5,4,WORK,8,10:00,14:00,14:00,18:00
206,44,5,5,WORK,10,11:00,15:00,15:00,19:00
206,44,5,6,WORK,8,10:00,14:00,14:00,18:00
206,44,5,7,WORK,8,10:00,14:00,14:00,18:00
206,44,5,8,WORK,9,10:00,14:00,15:00,19:00
206,44,5,9,WORK,10,11:00,15:00,15:00,19:00
206,44,5,10,REST,,,,,
207,1,6,1,WORK,1,08:00,12:00,12:00,16:00
207,1,6,2,REST,,,,,
207,1,6,3,WORK,1,08:00,12:00,12:00,16:00
207,1,6,4,WORK,1,08:00,12:00,12:00,16:00
207,1,6,5,WORK,1,08:00,12:00,12:00,16:00
207,1,6,6,WORK,1,08:00,12:00,12:00,16:00
207,1,6,7,WORK,1,08:00,12:00,12:00,16:00
207,1,6,8,WORK,1,08:00,12:00,12:00,16:00
207,1,6,9,REST,,,,,
207,1,6,10,WORK,1,08:00,12:00,12:00,16:00
208,2,6,1,WORK,1,08:00,12:00,12:00,16:00
208,2,6,2,REST,,,,,
208,2,6,3,WORK,1,08:00,12:00,12:00,16:00
208,2,6,4,WORK,4,08:00,12:00,15:00,19:00
208,2,6,5,WORK,1,08:00,12:00,12:00,16:00
208,2,6,6,WORK,1,08:00,12:00,12:00,16:00
208,2,6,7,WORK,1,08:00,12:00,12:00,16:00
208,2,6,8,WORK,1,08:00,12:00,12:00,16:00
208,2,6,9,REST,,,,,
208,2,6,10,WORK,1,08:00,12:00,12:00,16:00
209,3,6,1,REST,,,,,
209,3,6,2,REST,,,,,
209,3,6,3,WORK,1,08:00,12:00,12:00,16:00
209,3,6,4,WORK,4,08:00,12:00,15:00,19:00
209,3,6,5,WORK,1,08:00,12:00,12:00,16:00
209,3,6,6,WORK,1,08:00,12:00,12:00,16:00
209,3,6,7,WORK,1,08:00,12:00,12:00,16:00
209,3,6,8,WORK,1,08:00,12:00,12:00,16:00
209,3,6,9,WORK,1,08:00,12:00,12:00,16:00
209,3,6,10,WORK,1,08:00,12:00,12:00,16:00
210,4,6,1,REST,,,,,
210,4,6,2,REST,,,,,
210,4,6,3,WORK,1,08:00,12:00,12:00,16:00
210,4,6,4,WORK,4,08:00,12:00,15:00,19:00
210,4,6,5,WORK,4,08:00,12:00,15:00,19:00
210,4,6,6,WORK,1,08:00,12:00,12:00,16:00
210,4,6,7,WORK,1,08:00,12:00,12:00,16:00
210,4,6,8,WORK,1,08:00,12:00,12:00,16:00
210,4,6,9,WORK,1,08:00,12:00,12:00,16:00
210,4,6,10,WORK,1,08:00,12:00,12:00,16:00
211,5,6,1,REST,,,,,
211,5,6,2,REST,,,,,
211,5,6,3,WORK,1,08:00,12:00,12:00,16:00
211,5,6,4,WORK,6,09:00,13:00,14:00,18:00
211,5,6,5,WORK,4,08:00,12:00,15:00,19:00
211,5,6,6,WORK,1,08:00,12:00,12:00,16:00
211,5,6,7,WORK,1,08:00,12:00,12:00,16:00
211,5,6,8,WORK,1,08:00,12:00,12:00,16:00
211,5,6,9,WORK,1,08:00,12:00,12:00,16:00
211,5,6,10,WORK,1,08:00,12:00,12:00,16:00
212,6,6,1,REST,,,,,
212,6,6,2,REST,,,,,
212,6,6,3,WORK,1,08:00,12:00,12:00,16:00
212,6,6,4,WORK,6,09:00,13:00,14:00,18:00
212,6,6,5,WORK,4,08:00,12:00,15:00,19:00
212,6,6,6,WORK,1,08:00,12:00,12:00,16:00
212,6,6,7,WORK,1,08:00,12:00,12:00,16:00
212,6,6,8,WORK,1,08:00,12:00,12:00,16:00
212,6,6,9,WORK,1,08:00,12:00,12:00,16:00
212,6,6,10,WORK,1,08:00,12:00,12:00,16:00
213,7,6,1,REST,,,,,
213,7,6,2,REST,,,,,
213,7,6,3,WORK,1,08:00,12:00,12:00,16:00
213,7,6,4,WORK,6,09:00,13:00,14:00,18:00
213,7,6,5,WORK,4,08:00,12:00,15:00,19:00
213,7,6,6,WORK,1,08:00,12:00,12:00,16:00
213,7,6,7,WORK,1,08:00,12:00,12:00,16:00
213,7,6,8,WORK,1,08:00,12:00,12:00,16:00
213,7,6,9,WORK,1,08:00,12:00,12:00,16:00
213,7,6,10,WORK,1,08:00,12:00,12:00,16:00
214,8,6,1,REST,,,,,
214,8,6,2,REST,,,,,
214,8,6,3,WORK,1,08:00,12:00,12:00,16:00
214,8,6,4,WORK,7,09:00,13:00,15:00,19:00
214,8,6,5,WORK,4,08:00,12:00,15:00,19:00
214,8,6,6,WORK,1,08:00,12:00,12:00,16:00
214,8,6,7,WORK,1,08:00,12:00,12:00,16:00
214,8,6,8,WORK,1,08:00,12:00,12:00,16:00
214,8,6,9,WORK,1,08:00,12:00,12:00,16:00
214,8,6,10,WORK,1,08:00,12:00,12:00,16:00
215,9,6,1,REST,,,,,
215,9,6,2,REST,,,,,
215,9,6,3,WORK,1,08:00,12:00,12:00,16:00
215,9,6,4,WORK,7,09:00,13:00,15:00,19:00
215,9,6,5,WORK,4,08:00,12:00,15:00,19:00
215,9,6,6,WORK,1,08:00,12:00,12:00,16:00
215,9,6,7,WORK,1,08:00,12:00,12:00,16:00
215,9,6,8,WORK,1,08:00,12:00,12:00,16:00
215,9,6,9,WORK,1,08:00,12:00,12:00,16:00
215,9,6,10,WORK,1,08:00,12:00,12:00,16:00
216,10,6,1,REST,,,,,
216,10,6,2,WORK,1,08:00,12:00,12:00,16:00
216,10,6,3,REST,,,,,
216,10,6,4,WORK,7,09:00,13:00,15:00,19:00
216,10,6,5,WORK,4,08:00,12:00,15:00,19:00
216,10,6,6,WORK,1,08:00,12:00,12:00,16:00
216,10,6,7,WORK,1,08:00,12:00,12:00,16:00
216,10,6,8,WORK,1,08:00,12:00,12:00,16:00
216,10,6,9,WORK,1,08:00,12:00,12:00,16:00
216,10,6,10,WORK,1,08:00,12:00,12:00,16:00
217,11,6,1,REST,,,,,
217,11,6,2,WORK,1,08:00,12:00,12:00,16:00
217,11,6,3,REST,,,,,
217,11,6,4,WORK,7,09:00,13:00,15:00,19:00
217,11,6,5,WORK,4,08:00,12:00,15:00,19:00
217,11,6,6,WORK,1,08:00,12:00,12:00,16:00
217,11,6,7,WORK,1,08:00,12:00,12:00,16:00
217,11,6,8,WORK,1,08:00,12:00,12:00,16:00
217,11,6,9,WORK,1,08:00,12:00,12:00,16:00
217,11,6,10,WORK,1,08:00,12:00,12:00,16:00
218,12,6,1,REST,,,,,
218,12,6,2,WORK,1,08:00,12:00,12:00,16:00
218,12,6,3,REST,,,,,
218,12,6,4,WORK,7,09:00,13:00,15:00,19:00
218,12,6,5,WORK,4,08:00,12:00,15:00,19:00
218,12,6,6,WORK,1,08:00,12:00,12:00,16:00
218,12,6,7,WORK,4,08:00,12:00,15:00,19:00
218,12,6,8,WORK,4,08:00,12:00,15:00,19:00
218,12,6,9,WORK,3,08:00,12:00,14:00,18:00
218,12,6,10,WORK,1,08:00,12:00,12:00,16:00
219,13,6,1,REST,,,,,
219,13,6,2,WORK,1,08:00,12:00,12:00,16:00
219,13,6,3,REST,,,,,
219,13,6,4,WORK,7,09:00,13:00,15:00,19:00
219,13,6,5,WORK,4,08:00,12:00,15:00,19:00
219,13,6,6,WORK,1,08:00,12:00,12:00,16:00
219,13,6,7,WORK,4,08:00,12:00,15:00,19:00
219,13,6,8,WORK,4,08:00,12:00,15:00,19:00
219,13,6,9,WORK,3,08:00,12:00,14:00,18:00
219,13,6,10,WORK,1,08:00,12:00,12:00,16:00
220,14,6,1,REST,,,,,
220,14,6,2,WORK,1,08:00,12:00,12:00,16:00
220,14,6,3,REST,,,,,
220,14,6,4,WORK,7,09:00,13:00,15:00,19:00
220,14,6,5,WORK,4,08:00,12:00,15:00,19:00
220,14,6,6,WORK,1,08:00,12:00,12:00,16:00
220,14,6,7,WORK,4,08:00,12:00,15:00,19:00
220,14,6,8,WORK,4,08:00,12:00,15:00,19:00
220,14,6,9,WORK,4,08:00,12:00,15:00,19:00
220,14,6,10,WORK,3,08:00,12:00,14:00,18:00
221,15,6,1,REST,,,,,
221,15,6,2,WORK,1,08:00,12:00,12:00,16:00
221,15,6,3,REST,,,,,
221,15,6,4,WORK,7,09:00,13:00,15:00,19:00
221,15,6,5,WORK,7,09:00,13:00,15:00,19:00
221,15,6,6,WORK,1,08:00,12:00,12:00,16:00
221,15,6,7,WORK,4,08:00,12:00,15:00,19:00
221,15,6,8,WORK,4,08:00,12:00,15:00,19:00
221,15,6,9,WORK,4,08:00,12:00,15:00,19:00
221,15,6,10,WORK,3,08:00,12:00,14:00,18:00
222,16,6,1,REST,,,,,
222,16,6,2,WORK,4,08:00,12:00,15:00,19:00
222,16,6,3,REST,,,,,
222,16,6,4,WORK,7,09:00,13:00,15:00,19:00
222,16,6,5,WORK,7,09:00,13:00,15:00,19:00
222,16,6,6,WORK,1,08:00,12:00,12:00,16:00
222,16,6,7,WORK,4,08:00,12:00,15:00,19:00
222,16,6,8,WORK,4,08:00,12:00,15:00,19:00
222,16,6,9,WORK,4,08:00,12:00,15:00,19:00
222,16,6,10,WORK,3,08:00,12:00,14:00,18:00
223,17,6,1,REST,,,,,
223,17,6,2,WORK,4,08:00,12:00,15:00,19:00
223,17,6,3,REST,,,,,
223,17,6,4,WORK,7,09:00,13:00,15:00,19:00
223,17,6,5,WORK,7,09:00,13:00,15:00,19:00
223,17,6,6,WORK,1,08:00,12:00,12:00,16:00
223,17,6,7,WORK,4,08:00,12:00,15:00,19:00
223,17,6,8,WORK,4,08:00,12:00,15:00,19:00
223,17,6,9,WORK,4,08:00,12:00,15:00,19:00
223,17,6,10,WORK,3,08:00,12:00,14:00,18:00
224,18,6,1,REST,,,,,
224,18,6,2,WORK,7,09:00,13:00,15:00,19:00
224,18,6,3,REST,,,,,
224,18,6,4,WORK,7,09:00,13:00,15:00,19:00
224,18,6,5,WORK,7,09:00,13:00,15:00,19:00
224,18,6,6,WORK,1,08:00,12:00,12:00,16:00
224,18,6,7,WORK,4,08:00,12:00,15:00,19:00
224,18,6,8,WORK,4,08:00,12:00,15:00,19:00
224,18,6,9,WORK,4,08:00,12:00,15:00,19:00
224,18,6,10,WORK,3,08:00,12:00,14:00,18:00
225,19,6,1,REST,,,,,
225,19,6,2,WORK,7,09:00,13:00,15:00,19:00
225,19,6,3,REST,,,,,
225,19,6,4,WORK,7,09:00,13:00,15:00,19:00
225,19,6,5,WORK,7,09:00,13:00,15:00,19:00
225,19,6,6,WORK,1,08:00,12:00,12:00,16:00
225,19,6,7,WORK,4,08:00,12:00,15:00,19:00
225,19,6,8,WORK,4,08:00,12:00,15:00,19:00
225,19,6,9,WORK,4,08:00,12:00,15:00,19:00
225,19,6,10,WORK,3,08:00,12:00,14:00,18:00
226,20,6,1,REST,,,,,
226,20,6,2,WORK,7,09:00,13:00,15:00,19:00
226,20,6,3,REST,,,,,
226,20,6,4,WORK,8,10:00,14:00,14:00,18:00
226,20,6,5,WORK,7,09:00,13:00,15:00,19:00
226,20,6,6,WORK,4,08:00,12:00,15:00,19:00
226,20,6,7,WORK,4,08:00,12:00,15:00,19:00
226,20,6,8,WORK,4,08:00,12:00,15:00,19:00
226,20,6,9,WORK,4,08:00,12:00,15:00,19:00
226,20,6,10,WORK,4,08:00,12:00,15:00,19:00
227,21,6,1,REST,,,,,
227,21,6,2,WORK,7,09:00,13:00,15:00,19:00
227,21,6,3,WORK,1,08:00,12:00,12:00,16:00
227,21,6,4,REST,,,,,
227,21,6,5,WORK,7,09:00,13:00,15:00,19:00
227,21,6,6,WORK,4,08:00,12:00,15:00,19:00
227,21,6,7,WORK,4,08:00,12:00,15:00,19:00
227,21,6,8,WORK,4,08:00,12:00,15:00,19:00
227,21,6,9,WORK,4,08:00,12:00,15:00,19:00
227,21,6,10,WORK,4,08:00,12:00,15:00,19:00
228,22,6,1,WORK,1,08:00,12:00,12:00,16:00
228,22,6,2,WORK,7,09:00,13:00,15:00,19:00
228,22,6,3,WORK,1,08:00,12:00,12:00,16:00
228,22,6,4,REST,,,,,
228,22,6,5,REST,,,,,
228,22,6,6,WORK,4,08:00,12:00,15:00,19:00
228,22,6,7,WORK,4,08:00,12:00,15:00,19:00
228,22,6,8,WORK,4,08:00,12:00,15:00,19:00
228,22,6,9,WORK,4,08:00,12:00,15:00,19:00
228,22,6,10,WORK,4,08:00,12:00,15:00,19:00
229,23,6,1,WORK,4,08:00,12:00,15:00,19:00
229,23,6,2,WORK,7,09:00,13:00,15:00,19:00
229,23,6,3,WORK,1,08:00,12:00,12:00,16:00
229,23,6,4,REST,,,,,
229,23,6,5,REST,,,,,
229,23,6,6,WORK,4,08:00,12:00,15:00,19:00
229,23,6,7,WORK,4,08:00,12:00,15:00,19:00
229,23,6,8,WORK,4,08:00,12:00,15:00,19:00
229,23,6,9,WORK,4,08:00,12:00,15:00,19:00
229,23,6,10,WORK,4,08:00,12:00,15:00,19:00
230,24,6,1,WORK,4,08:00,12:00,15:00,19:00
230,24,6,2,WORK,7,09:00,13:00,15:00,19:00
230,24,6,3,WORK,1,08:00,12:00,12:00,16:00
230,24,6,4,REST,,,,,
230,24,6,5,REST,,,,,
230,24,6,6,WORK,4,08:00,12:00,15:00,19:00
230,24,6,7,WORK,4,08:00,12:00,15:00,19:00
230,24,6,8,WORK,4,08:00,12:00,15:00,19:00
230,24,6,9,WORK,6,09:00,13:00,14:00,18:00
230,24,6,10,WORK,4,08:00,12:00,15:00,19:00
231,25,6,1,WORK,4,08:00,12:00,15:00,19:00
231,25,6,2,WORK,7,09:00,13:00,15:00,19:00
231,25,6,3,WORK,1,08:00,12:00,12:00,16:00
231,25,6,4,REST,,,,,
231,25,6,5,REST,,,,,
231,25,6,6,WORK,6,09:00,13:00,14:00,18:00
231,25,6,7,WORK,4,08:00,12:00,15:00,19:00
231,25,6,8,WORK,4,08:00,12:00,15:00,19:00
231,25,6,9,WORK,6,09:00,13:00,14:00,18:00
231,25,6,10,WORK,4,08:00,12:00,15:00,19:00
232,26,6,1,WORK,4,08:00,12:00,15:00,19:00
232,26,6,2,WORK,7,09:00,13:00,15:00,19:00
232,26,6,3,WORK,1,08:00,12:00,12:00,16:00
232,26,6,4,REST,,,,,
232,26,6,5,REST,,,,,
232,26,6,6,WORK,6,09:00,13:00,14:00,18:00
232,26,6,7,WORK,4,08:00,12:00,15:00,19:00
232,26,6,8,WORK,4,08:00,12:00,15:00,19:00
232,26,6,9,WORK,6,09:00,13:00,14:00,18:00
232,26,6,10,WORK,4,08:00,12:00,15:00,19:00
233,27,6,1,WORK,4,08:00,12:00,15:00,19:00
233,27,6,2,WORK,7,09:00,13:00,15:00,19:00
233,27,6,3,WORK,1,08:00,12:00,12:00,16:00
233,27,6,4,REST,,,,,
233,27,6,5,REST,,,,,
233,27,6,6,WORK,6,09:00,13:00,14:00,18:00
233,27,6,7,WORK,4,08:00,12:00,15:00,19:00
233,27,6,8,WORK,4,08:00,12:00,15:00,19:00
233,27,6,9,WORK,6,09:00,13:00,14:00,18:00
233,27,6,10,WORK,4,08:00,12:00,15:00,19:00
234,28,6,1,WORK,4,08:00,12:00,15:00,19:00
234,28,6,2,WORK,7,09:00,13:00,15:00,19:00
234,28,6,3,WORK,1,08:00,12:00,12:00,16:00
234,28,6,4,REST,,,,,
234,28,6,5,WORK,7,09:00,13:00,15:00,19:00
234,28,6,6,REST,,,,,
234,28,6,7,WORK,4,08:00,12:00,15:00,19:00
234,28,6,8,WORK,7,09:00,13:00,15:00,19:00
234,28,6,9,WORK,6,09:00,13:00,14:00,18:00
234,28,6,10,WORK,4,08:00,12:00,15:00,19:00
235,29,6,1,WORK,4,08:00,12:00,15:00,19:00
235,29,6,2,WORK,7,09:00,13:00,15:00,19:00
235,29,6,3,WORK,1,08:00,12:00,12:00,16:00
235,29,6,4,REST,,,,,
235,29,6,5,WORK,7,09:00,13:00,15:00,19:00
235,29,6,6,REST,,,,,
235,29,6,7,WORK,4,08:00,12:00,15:00,19:00
235,29,6,8,WORK,9,10:00,14:00,15:00,19:00
235,29,6,9,WORK,6,09:00,13:00,14:00,18:00
235,29,6,10,WORK,4,08:00,12:00,15:00,19:00
236,30,6,1,WORK,4,08:00,12:00,15:00,19:00
236,30,6,2,WORK,7,09:00,13:00,15:00,19:00
236,30,6,3,WORK,1,08:00,12:00,12:00,16:00
236,30,6,4,REST,,,,,
236,30,6,5,WORK,7,09:00,13:00,15:00,19:00
236,30,6,6,REST,,,,,
236,30,6,7,WORK,4,08:00,12:00,15:00,19:00
236,30,6,8,WORK,9,10:00,14:00,15:00,19:00
236,30,6,9,WORK,6,09:00,13:00,14:00,18:00
236,30,6,10,WORK,4,08:00,12:00,15:00,19:00
237,31,6,1,WORK,4,08:00,12:00,15:00,19:00
237,31,6,2,WORK,7,09:00,13:00,15:00,19:00
237,31,6,3,WORK,1,08:00,12:00,12:00,16:00
237,31,6,4,REST,,,,,
237,31,6,5,WORK,7,09:00,13:00,15:00,19:00
237,31,6,6,REST,,,,,
237,31,6,7,WORK,4,08:00,12:00,15:00,19:00
237,31,6,8,WORK,9,10:00,14:00,15:00,19:00
237,31,6,9,WORK,6,09:00,13:00,14:00,18:00
237,31,6,10,WORK,4,08:00,12:00,15:00,19:00
238,32,6,1,WORK,4,08:00,12:00,15:00,19:00
238,32,6,2,WORK,7,09:00,13:00,15:00,19:00
238,32,6,3,WORK,1,08:00,12:00,12:00,16:00
238,32,6,4,REST,,,,,
238,32,6,5,WORK,7,09:00,13:00,15:00,19:00
238,32,6,6,REST,,,,,
238,32,6,7,WORK,4,08:00,12:00,15:00,19:00
238,32,6,8,WORK,9,10:00,14:00,15:00,19:00
238,32,6,9,WORK,8,10:00,14:00,14:00,18:00
238,32,6,10,WORK,8,10:00,14:00,14:00,18:00
239,33,6,1,WORK,4,08:00,12:00,15:00,19:00
239,33,6,2,WORK,7,09:00,13:00,15:00,19:00
239,33,6,3,WORK,10,11:00,15:00,15:00,19:00
239,33,6,4,REST,,,,,
239,33,6,5,WORK,7,09:00,13:00,15:00,19:00
239,33,6,6,REST,,,,,
239,33,6,7,WORK,7,09:00,13:00,15:00,19:00
239,33,6,8,WORK,9,10:00,14:00,15:00,19:00
239,33,6,9,WORK,8,10:00,14:00,14:00,18:00
239,33,6,10,WORK,8,10:00,14:00,14:00,18:00
240,34,6,1,WORK,4,08:00,12:00,15:00,19:00
240,34,6,2,WORK,7,09:00,13:00,15:00,19:00
240,34,6,3,WORK,10,11:00,15:00,15:00,19:00
240,34,6,4,WORK,8,10:00,14:00,14:00,18:00
240,34,6,5,WORK,9,10:00,14:00,15:00,19:00
240,34,6,6,REST,,,,,
240,34,6,7,WORK,7,09:00,13:00,15:00,19:00
240,34,6,8,WORK,9,10:00,14:00,15:00,19:00
240,34,6,9,REST,,,,,
240,34,6,10,WORK,8,10:00,14:00,14:00,18:00
241,35,6,1,WORK,4,08:00,12:00,15:00,19:00
241,35,6,2,WORK,7,09:00,13:00,15:00,19:00
241,35,6,3,WORK,10,11:00,15:00,15:00,19:00
241,35,6,4,WORK,8,10:00,14:00,14:00,18:00
241,35,6,5,WORK,10,11:00,15:00,15:00,19:00
241,35,6,6,REST,,,,,
241,35,6,7,WORK,7,09:00,13:00,15:00,19:00
241,35,6,8,WORK,9,10:00,14:00,15:00,19:00
241,35,6,9,REST,,,,,
241,35,6,10,WORK,10,11:00,15:00,15:00,19:00
242,36,6,1,WORK,4,08:00,12:00,15:00,19:00
242,36,6,2,WORK,7,09:00,13:00,15:00,19:00
242,36,6,3,WORK,10,11:00,15:00,15:00,19:00
242,36,6,4,WORK,8,10:00,14:00,14:00,18:00
242,36,6,5,WORK,10,11:00,15:00,15:00,19:00
242,36,6,6,REST,,,,,
242,36,6,7,WORK,7,09:00,13:00,15:00,19:00
242,36,6,8,WORK,9,10:00,14:00,15:00,19:00
242,36,6,9,REST,,,,,
242,36,6,10,WORK,10,11:00,15:00,15:00,19:00
243,37,6,1,WORK,4,08:00,12:00,15:00,19:00
243,37,6,2,WORK,7,09:00,13:00,15:00,19:00
243,37,6,3,WORK,10,11:00,15:00,15:00,19:00
243,37,6,4,WORK,8,10:00,14:00,14:00,18:00
243,37,6,5,WORK,10,11:00,15:00,15:00,19:00
243,37,6,6,REST,,,,,
243,37,6,7,WORK,7,09:00,13:00,15:00,19:00
243,37,6,8,WORK,9,10:00,14:00,15:00,19:00
243,37,6,9,REST,,,,,
243,37,6,10,WORK,10,11:00,15:00,15:00,19:00
244,38,6,1,REST,,,,,
244,38,6,2,WORK,7,09:00,13:00,15:00,19:00
244,38,6,3,WORK,10,11:00,15:00,15:00,19:00
244,38,6,4,WORK,8,10:00,14:00,14:00,18:00
244,38,6,5,WORK,10,11:00,15:00,15:00,19:00
244,38,6,6,WORK,6,09:00,13:00,14:00,18:00
244,38,6,7,WORK,7,09:00,13:00,15:00,19:00
244,38,6,8,WORK,9,10:00,14:00,15:00,19:00
244,38,6,9,REST,,,,,
244,38,6,10,WORK,10,11:00,15:00,15:00,19:00
245,39,6,1,REST,,,,,
245,39,6,2,WORK,10,11:00,15:00,15:00,19:00
245,39,6,3,WORK,10,11:00,15:00,15:00,19:00
245,39,6,4,WORK,8,10:00,14:00,14:00,18:00
245,39,6,5,WORK,10,11:00,15:00,15:00,19:00
245,39,6,6,WORK,7,09:00,13:00,15:00,19:00
245,39,6,7,WORK,7,09:00,13:00,15:00,19:00
245,39,6,8,WORK,9,10:00,14:00,15:00,19:00
245,39,6,9,REST,,,,,
245,39,6,10,WORK,10,11:00,15:00,15:00,19:00
246,1,7,1,WORK,1,08:00,12:00,12:00,16:00
246,1,7,2,WORK,1,08:00,12:00,12:00,16:00
246,1,7,3,WORK,1,08:00,12:00,12:00,16:00
246,1,7,4,REST,,,,,
246,1,7,5,WORK,1,08:00,12:00,12:00,16:00
246,1,7,6,WORK,1,08:00,12:00,12:00,16:00
246,1,7,7,WORK,1,08:00,12:00,12:00,16:00
246,1,7,8,WORK,1,08:00,12:00,12:00,16:00
246,1,7,9,WORK,1,08:00,12:00,12:00,16:00
246,1,7,10,REST,,,,,
247,2,7,1,REST,,,,,
247,2,7,2,WORK,1,08:00,12:00,12:00,16:00
247,2,7,3,WORK,1,08:00,12:00,12:00,16:00
247,2,7,4,REST,,,,,
247,2,7,5,WORK,1,08:00,12:00,12:00,16:00
247,2,7,6,WORK,1,08:00,12:00,12:00,16:00
247,2,7,7,WORK,1,08:00,12:00,12:00,16:00
247,2,7,8,WORK,1,08:00,12:00,12:00,16:00
247,2,7,9,WORK,1,08:00,12:00,12:00,16:00
247,2,7,10,WORK,2,08:00,12:00,13:00,17:00
248,3,7,1,REST,,,,,
248,3,7,2,WORK,1,08:00,12:00,12:00,16:00
248,3,7,3,WORK,1,08:00,12:00,12:00,16:00
248,3,7,4,REST,,,,,
248,3,7,5,WORK,1,08:00,12:00,12:00,16:00
248,3,7,6,WORK,1,08:00,12:00,12:00,16:00
248,3,7,7,WORK,1,08:00,12:00,12:00,16:00
248,3,7,8,WORK,1,08:00,12:00,12:00,16:00
248,3,7,9,WORK,1,08:00,12:00,12:00,16:00
248,3,7,10,WORK,2,08:00,12:00,13:00,17:00
249,4,7,1,REST,,,,,
249,4,7,2,WORK,1,08:00,12:00,12:00,16:00
249,4,7,3,WORK,1,08:00,12:00,12:00,16:00
249,4,7,4,REST,,,,,
249,4,7,5,WORK,1,08:00,12:00,12:00,16:00
249,4,7,6,WORK,1,08:00,12:00,12:00,16:00
249,4,7,7,WORK,1,08:00,12:00,12:00,16:00
249,4,7,8,WORK,1,08:00,12:00,12:00,16:00
249,4,7,9,WORK,1,08:00,12:00,12:00,16:00
249,4,7,10,WORK,2,08:00,12:00,13:00,17:00
250,5,7,1,REST,,,,,
250,5,7,2,WORK,1,08:00,12:00,12:00,16:00
250,5,7,3,WORK,1,08:00,12:00,12:00,16:00
250,5,7,4,REST,,,,,
250,5,7,5,WORK,1,08:00,12:00,12:00,16:00
250,5,7,6,WORK,3,08:00,12:00,14:00,18:00
250,5,7,7,WORK,1,08:00,12:00,12:00,16:00
250,5,7,8,WORK,1,08:00,12:00,12:00,16:00
250,5,7,9,WORK,1,08:00,12:00,12:00,16:00
250,5,7,10,WORK,2,08:00,12:00,13:00,17:00
251,6,7,1,REST,,,,,
251,6,7,2,WORK,1,08:00,12:00,12:00,16:00
251,6,7,3,WORK,1,08:00,12:00,12:00,16:00
251,6,7,4,REST,,,,,
251,6,7,5,WORK,1,08:00,12:00,12:00,16:00
251,6,7,6,WORK,3,08:00,12:00,14:00,18:00
251,6,7,7,WORK,1,08:00,12:00,12:00,16:00
251,6,7,8,WORK,1,08:00,12:00,12:00,16:00
251,6,7,9,WORK,1,08:00,12:00,12:00,16:00
251,6,7,10,WORK,2,08:00,12:00,13:00,17:00
252,7,7,1,REST,,,,,
252,7,7,2,WORK,1,08:00,12:00,12:00,16:00
252,7,7,3,WORK,1,08:00,12:00,12:00,16:00
252,7,7,4,REST,,,,,
252,7,7,5,WORK,1,08:00,12:00,12:00,16:00
252,7,7,6,WORK,3,08:00,12:00,14:00,18:00
252,7,7,7,WORK,1,08:00,12:00,12:00,16:00
252,7,7,8,WORK,1,08:00,12:00,12:00,16:00
252,7,7,9,WORK,1,08:00,12:00,12:00,16:00
252,7,7,10,WORK,2,08:00,12:00,13:00,17:00
253,8,7,1,REST,,,,,
253,8,7,2,WORK,1,08:00,12:00,12:00,16:00
253,8,7,3,WORK,1,08:00,12:00,12:00,16:00
253,8,7,4,REST,,,,,
253,8,7,5,WORK,1,08:00,12:00,12:00,16:00
253,8,7,6,WORK,3,08:00,12:00,14:00,18:00
253,8,7,7,WORK,1,08:00,12:00,12:00,16:00
253,8,7,8,WORK,1,08:00,12:00,12:00,16:00
253,8,7,9,WORK,4,08:00,12:00,15:00,19:00
253,8,7,10,WORK,2,08:00,12:00,13:00,17:00
254,9,7,1,REST,,,,,
254,9,7,2,WORK,1,08:00,12:00,12:00,16:00
254,9,7,3,WORK,1,08:00,12:00,12:00,16:00
254,9,7,4,REST,,,,,
254,9,7,5,WORK,1,08:00,12:00,12:00,16:00
254,9,7,6,WORK,4,08:00,12:00,15:00,19:00
254,9,7,7,WORK,1,08:00,12:00,12:00,16:00
254,9,7,8,WORK,1,08:00,12:00,12:00,16:00
254,9,7,9,WORK,4,08:00,12:00,15:00,19:00
254,9,7,10,WORK,2,08:00,12:00,13:00,17:00
255,10,7,1,REST,,,,,
255,10,7,2,WORK,1,08:00,12:00,12:00,16:00
255,10,7,3,WORK,1,08:00,12:00,12:00,16:00
255,10,7,4,REST,,,,,
255,10,7,5,WORK,1,08:00,12:00,12:00,16:00
255,10,7,6,WORK,5,09:00,13:00,13:00,17:00
255,10,7,7,WORK,1,08:00,12:00,12:00,16:00
255,10,7,8,WORK,1,08:00,12:00,12:00,16:00
255,10,7,9,WORK,4,08:00,12:00,15:00,19:00
255,10,7,10,WORK,2,08:00,12:00,13:00,17:00
256,11,7,1,REST,,,,,
256,11,7,2,WORK,1,08:00,12:00,12:00,16:00
256,11,7,3,WORK,1,08:00,12:00,12:00,16:00
256,11,7,4,REST,,,,,
256,11,7,5,WORK,1,08:00,12:00,12:00,16:00
256,11,7,6,WORK,5,09:00,13:00,13:00,17:00
256,11,7,7,WORK,1,08:00,12:00,12:00,16:00
256,11,7,8,WORK,1,08:00,12:00,12:00,16:00
256,11,7,9,WORK,4,08:00,12:00,15:00,19:00
256,11,7,10,WORK,2,08:00,12:00,13:00,17:00
257,12,7,1,REST,,,,,
257,12,7,2,WORK,1,08:00,12:00,12:00,16:00
257,12,7,3,WORK,1,08:00,12:00,12:00,16:00
257,12,7,4,REST,,,,,
257,12,7,5,WORK,1,08:00,12:00,12:00,16:00
257,12,7,6,WORK,5,09:00,13:00,13:00,17:00
257,12,7,7,WORK,1,08:00,12:00,12:00,16:00
257,12,7,8,WORK,1,08:00,12:00,12:00,16:00
257,12,7,9,WORK,4,08:00,12:00,15:00,19:00
257,12,7,10,WORK,2,08:00,12:00,13:00,17:00
258,13,7,1,REST,,,,,
258,13,7,2,WORK,1,08:00,12:00,12:00,16:00
258,13,7,3,WORK,1,08:00,12:00,12:00,16:00
258,13,7,4,REST,,,,,
258,13,7,5,WORK,1,08:00,12:00,12:00,16:00
258,13,7,6,WORK,5,09:00,13:00,13:00,17:00
258,13,7,7,WORK,1,08:00,12:00,12:00,16:00
258,13,7,8,WORK,1,08:00,12:00,12:00,16:00
258,13,7,9,WORK,4,08:00,12:00,15:00,19:00
258,13,7,10,WORK,2,08:00,12:00,13:00,17:00
259,14,7,1,REST,,,,,
259,14,7,2,WORK,1,08:00,12:00,12:00,16:00
259,14,7,3,WORK,1,08:00,12:00,12:00,16:00
259,14,7,4,WORK,1,08:00,12:00,12:00,16:00
259,14,7,5,REST,,,,,
259,14,7,6,WORK,5,09:00,13:00,13:00,17:00
259,14,7,7,WORK,1,08:00,12:00,12:00,16:00
259,14,7,8,WORK,1,08:00,12:00,12:00,16:00
259,14,7,9,WORK,4,08:00,12:00,15:00,19:00
259,14,7,10,WORK,2,08:00,12:00,13:00,17:00
260,15,7,1,REST,,,,,
260,15,7,2,WORK,1,08:00,12:00,12:00,16:00
260,15,7,3,WORK,1,08:00,12:00,12:00,16:00
260,15,7,4,WORK,1,08:00,12:00,12:00,16:00
260,15,7,5,REST,,,,,
260,15,7,6,WORK,5,09:00,13:00,13:00,17:00
260,15,7,7,WORK,1,08:00,12:00,12:00,16:00
260,15,7,8,WORK,1,08:00,12:00,12:00,16:00
260,15,7,9,WORK,4,08:00,12:00,15:00,19:00
260,15,7,10,WORK,2,08:00,12:00,13:00,17:00
261,16,7,1,REST,,,,,
261,16,7,2,WORK,1,08:00,12:00,12:00,16:00
261,16,7,3,WORK,1,08:00,12:00,12:00,16:00
261,16,7,4,WORK,1,08:00,12:00,12:00,16:00
261,16,7,5,REST,,,,,
261,16,7,6,WORK,5,09:00,13:00,13:00,17:00
261,16,7,7,WORK,1,08:00,12:00,12:00,16:00
261,16,7,8,WORK,1,08:00,12:00,12:00,16:00
261,16,7,9,WORK,8,10:00,14:00,14:00,18:00
261,16,7,10,WORK,2,08:00,12:00,13:00,17:00
262,17,7,1,REST,,,,,
262,17,7,2,WORK,4,08:00,12:00,15:00,19:00
262,17,7,3,WORK,4,08:00,12:00,15:00,19:00
262,17,7,4,WORK,1,08:00,12:00,12:00,16:00
262,17,7,5,REST,,,,,
262,17,7,6,WORK,5,09:00,13:00,13:00,17:00
262,17,7,7,WORK,1,08:00,12:00,12:00,16:00
262,17,7,8,WORK,1,08:00,12:00,12:00,16:00
262,17,7,9,WORK,8,10:00,14:00,14:00,18:00
262,17,7,10,WORK,2,08:00,12:00,13:00,17:00
263,18,7,1,REST,,,,,
263,18,7,2,WORK,4,08:00,12:00,15:00,19:00
263,18,7,3,WORK,4,08:00,12:00,15:00,19:00
263,18,7,4,WORK,1,08:00,12:00,12:00,16:00
263,18,7,5,REST,,,,,
263,18,7,6,WORK,5,09:00,13:00,13:00,17:00
263,18,7,7,WORK,1,08:00,12:00,12:00,16:00
263,18,7,8,WORK,1,08:00,12:00,12:00,16:00
263,18,7,9,WORK,8,10:00,14:00,14:00,18:00
263,18,7,10,WORK,2,08:00,12:00,13:00,17:00
264,19,7,1,WORK,1,08:00,12:00,12:00,16:00
264,19,7,2,WORK,4,08:00,12:00,15:00,19:00
264,19,7,3,WORK,4,08:00,12:00,15:00,19:00
264,19,7,4,WORK,1,08:00,12:00,12:00,16:00
264,19,7,5,REST,,,,,
264,19,7,6,REST,,,,,
264,19,7,7,WORK,1,08:00,12:00,12:00,16:00
264,19,7,8,WORK,1,08:00,12:00,12:00,16:00
264,19,7,9,WORK,8,10:00,14:00,14:00,18:00
264,19,7,10,WORK,2,08:00,12:00,13:00,17:00
265,20,7,1,WORK,1,08:00,12:00,12:00,16:00
265,20,7,2,WORK,4,08:00,12:00,15:00,19:00
265,20,7,3,WORK,4,08:00,12:00,15:00,19:00
265,20,7,4,WORK,1,08:00,12:00,12:00,16:00
265,20,7,5,REST,,,,,
265,20,7,6,REST,,,,,
265,20,7,7,WORK,1,08:00,12:00,12:00,16:00
265,20,7,8,WORK,1,08:00,12:00,12:00,16:00
265,20,7,9,WORK,8,10:00,14:00,14:00,18:00
265,20,7,10,WORK,2,08:00,12:00,13:00,17:00
266,21,7,1,WORK,1,08:00,12:00,12:00,16:00
266,21,7,2,WORK,4,08:00,12:00,15:00,19:00
266,21,7,3,WORK,4,08:00,12:00,15:00,19:00
266,21,7,4,WORK,1,08:00,12:00,12:00,16:00
266,21,7,5,REST,,,,,
266,21,7,6,REST,,,,,
266,21,7,7,WORK,1,08:00,12:00,12:00,16:00
266,21,7,8,WORK,1,08:00,12:00,12:00,16:00
266,21,7,9,WORK,8,10:00,14:00,14:00,18:00
266,21,7,10,WORK,2,08:00,12:00,13:00,17:00
267,22,7,1,WORK,1,08:00,12:00,12:00,16:00
267,22,7,2,WORK,4,08:00,12:00,15:00,19:00
267,22,7,3,WORK,4,08:00,12:00,15:00,19:00
267,22,7,4,WORK,1,08:00,12:00,12:00,16:00
267,22,7,5,REST,,,,,
267,22,7,6,REST,,,,,
267,22,7,7,WORK,1,08:00,12:00,12:00,16:00
267,22,7,8,WORK,2,08:00,12:00,13:00,17:00
267,22,7,9,WORK,8,10:00,14:00,14:00,18:00
267,22,7,10,WORK,2,08:00,12:00,13:00,17:00
268,23,7,1,WORK,1,08:00,12:00,12:00,16:00
268,23,7,2,WORK,4,08:00,12:00,15:00,19:00
268,23,7,3,WORK,4,08:00,12:00,15:00,19:00
268,23,7,4,WORK,1,08:00,12:00,12:00,16:00
268,23,7,5,REST,,,,,
268,23,7,6,REST,,,,,
268,23,7,7,WORK,3,08:00,12:00,14:00,18:00
268,23,7,8,WORK,2,08:00,12:00,13:00,17:00
268,23,7,9,WORK,8,10:00,14:00,14:00,18:00
268,23,7,10,WORK,2,08:00,12:00,13:00,17:00
269,24,7,1,WORK,1,08:00,12:00,12:00,16:00
269,24,7,2,WORK,4,08:00,12:00,15:00,19:00
269,24,7,3,WORK,4,08:00,12:00,15:00,19:00
269,24,7,4,WORK,1,08:00,12:00,12:00,16:00
269,24,7,5,REST,,,,,
269,24,7,6,REST,,,,,
269,24,7,7,WORK,3,08:00,12:00,14:00,18:00
269,24,7,8,WORK,2,08:00,12:00,13:00,17:00
269,24,7,9,WORK,8,10:00,14:00,14:00,18:00
269,24,7,10,WORK,4,08:00,12:00,15:00,19:00
270,25,7,1,WORK,3,08:00,12:00,14:00,18:00
270,25,7,2,WORK,4,08:00,12:00,15:00,19:00
270,25,7,3,WORK,4,08:00,12:00,15:00,19:00
270,25,7,4,WORK,1,08:00,12:00,12:00,16:00
270,25,7,5,REST,,,,,
270,25,7,6,REST,,,,,
270,25,7,7,WORK,3,08:00,12:00,14:00,18:00
270,25,7,8,WORK,4,08:00,12:00,15:00,19:00
270,25,7,9,WORK,8,10:00,14:00,14:00,18:00
270,25,7,10,WORK,4,08:00,12:00,15:00,19:00
271,26,7,1,WORK,3,08:00,12:00,14:00,18:00
271,26,7,2,WORK,4,08:00,12:00,15:00,19:00
271,26,7,3,WORK,4,08:00,12:00,15:00,19:00
271,26,7,4,WORK,1,08:00,12:00,12:00,16:00
271,26,7,5,REST,,,,,
271,26,7,6,REST,,,,,
271,26,7,7,WORK,3,08:00,12:00,14:00,18:00
271,26,7,8,WORK,4,08:00,12:00,15:00,19:00
271,26,7,9,WORK,8,10:00,14:00,14:00,18:00
271,26,7,10,WORK,4,08:00,12:00,15:00,19:00
272,27,7,1,WORK,3,08:00,12:00,14:00,18:00
272,27,7,2,WORK,4,08:00,12:00,15:00,19:00
272,27,7,3,WORK,4,08:00,12:00,15:00,19:00
272,27,7,4,WORK,4,08:00,12:00,15:00,19:00
272,27,7,5,REST,,,,,
272,27,7,6,REST,,,,,
272,27,7,7,WORK,3,08:00,12:00,14:00,18:00
272,27,7,8,WORK,4,08:00,12:00,15:00,19:00
272,27,7,9,WORK,8,10:00,14:00,14:00,18:00
272,27,7,10,WORK,4,08:00,12:00,15:00,19:00
273,28,7,1,WORK,3,08:00,12:00,14:00,18:00
273,28,7,2,WORK,4,08:00,12:00,15:00,19:00
273,28,7,3,WORK,4,08:00,12:00,15:00,19:00
273,28,7,4,WORK,4,08:00,12:00,15:00,19:00
273,28,7,5,REST,,,,,
273,28,7,6,REST,,,,,
273,28,7,7,WORK,3,08:00,12:00,14:00,18:00
273,28,7,8,WORK,4,08:00,12:00,15:00,19:00
273,28,7,9,WORK,8,10:00,14:00,14:00,18:00
273,28,7,10,WORK,5,09:00,13:00,13:00,17:00
274,29,7,1,WORK,3,08:00,12:00,14:00,18:00
274,29,7,2,WORK,4,08:00,12:00,15:00,19:00
274,29,7,3,WORK,4,08:00,12:00,15:00,19:00
274,29,7,4,WORK,4,08:00,12:00,15:00,19:00
274,29,7,5,REST,,,,,
274,29,7,6,REST,,,,,
274,29,7,7,WORK,3,08:00,12:00,14:00,18:00
274,29,7,8,WORK,4,08:00,12:00,15:00,19:00
274,29,7,9,WORK,8,10:00,14:00,14:00,18:00
274,29,7,10,WORK,10,11:00,15:00,15:00,19:00
275,30,7,1,WORK,3,08:00,12:00,14:00,18:00
275,30,7,2,WORK,10,11:00,15:00,15:00,19:00
275,30,7,3,WORK,4,08:00,12:00,15:00,19:00
275,30,7,4,WORK,4,08:00,12:00,15:00,19:00
275,30,7,5,REST,,,,,
275,30,7,6,WORK,5,09:00,13:00,13:00,17:00
275,30,7,7,WORK,3,08:00,12:00,14:00,18:00
275,30,7,8,REST,,,,,
275,30,7,9,WORK,8,10:00,14:00,14:00,18:00
275,30,7,10,WORK,10,11:00,15:00,15:00,19:00
276,31,7,1,WORK,3,08:00,12:00,14:00,18:00
276,31,7,2,WORK,10,11:00,15:00,15:00,19:00
276,31,7,3,WORK,7,09:00,13:00,15:00,19:00
276,31,7,4,WORK,4,08:00,12:00,15:00,19:00
276,31,7,5,REST,,,,,
276,31,7,6,WORK,5,09:00,13:00,13:00,17:00
276,31,7,7,WORK,3,08:00,12:00,14:00,18:00
276,31,7,8,REST,,,,,
276,31,7,9,WORK,8,10:00,14:00,14:00,18:00
276,31,7,10,WORK,10,11:00,15:00,15:00,19:00
277,32,7,1,WORK,3,08:00,12:00,14:00,18:00
277,32,7,2,WORK,10,11:00,15:00,15:00,19:00
277,32,7,3,WORK,7,09:00,13:00,15:00,19:00
277,32,7,4,WORK,4,08:00,12:00,15:00,19:00
277,32,7,5,WORK,1,08:00,12:00,12:00,16:00
277,32,7,6,WORK,5,09:00,13:00,13:00,17:00
277,32,7,7,WORK,4,08:00,12:00,15:00,19:00
277,32,7,8,WORK,4,08:00,12:00,15:00,19:00
277,32,7,9,REST,,,,,
277,32,7,10,REST,,,,,
278,33,7,1,WORK,4,08:00,12:00,15:00,19:00
278,33,7,2,WORK,10,11:00,15:00,15:00,19:00
278,33,7,3,WORK,7,09:00,13:00,15:00,19:00
278,33,7,4,WORK,4,08:00,12:00,15:00,19:00
278,33,7,5,WORK,4,08:00,12:00,15:00,19:00
278,33,7,6,WORK,5,09:00,13:00,13:00,17:00
278,33,7,7,WORK,4,08:00,12:00,15:00,19:00
278,33,7,8,WORK,4,08:00,12:00,15:00,19:00
278,33,7,9,REST,,,,,
278,33,7,10,REST,,,,,
279,34,7,1,WORK,4,08:00,12:00,15:00,19:00
279,34,7,2,WORK,10,11:00,15:00,15:00,19:00
279,34,7,3,WORK,7,09:00,13:00,15:00,19:00
279,34,7,4,WORK,4,08:00,12:00,15:00,19:00
279,34,7,5,WORK,4,08:00,12:00,15:00,19:00
279,34,7,6,WORK,5,09:00,13:00,13:00,17:00
279,34,7,7,WORK,4,08:00,12:00,15:00,19:00
279,34,7,8,WORK,4,08:00,12:00,15:00,19:00
279,34,7,9,REST,,,,,
279,34,7,10,REST,,,,,
280,35,7,1,WORK,4,08:00,12:00,15:00,19:00
280,35,7,2,WORK,10,11:00,15:00,15:00,19:00
280,35,7,3,WORK,7,09:00,13:00,15:00,19:00
280,35,7,4,WORK,4,08:00,12:00,15:00,19:00
280,35,7,5,WORK,4,08:00,12:00,15:00,19:00
280,35,7,6,WORK,5,09:00,13:00,13:00,17:00
280,35,7,7,WORK,4,08:00,12:00,15:00,19:00
280,35,7,8,WORK,4,08:00,12:00,15:00,19:00
280,35,7,9,REST,,,,,
280,35,7,10,REST,,,,,
281,36,7,1,WORK,4,08:00,12:00,15:00,19:00
281,36,7,2,WORK,10,11:00,15:00,15:00,19:00
281,36,7,3,WORK,7,09:00,13:00,15:00,19:00
281,36,7,4,WORK,4,08:00,12:00,15:00,19:00
281,36,7,5,WORK,7,09:00,13:00,15:00,19:00
281,36,7,6,WORK,5,09:00,13:00,13:00,17:00
281,36,7,7,WORK,4,08:00,12:00,15:00,19:00
281,36,7,8,WORK,4,08:00,12:00,15:00,19:00
281,36,7,9,REST,,,,,
281,36,7,10,REST,,,,,
282,37,7,1,WORK,4,08:00,12:00,15:00,19:00
282,37,7,2,WORK,10,11:00,15:00,15:00,19:00
282,37,7,3,WORK,7,09:00,13:00,15:00,19:00
282,37,7,4,WORK,4,08:00,12:00,15:00,19:00
282,37,7,5,WORK,7,09:00,13:00,15:00,19:00
282,37,7,6,WORK,5,09:00,13:00,13:00,17:00
282,37,7,7,WORK,4,08:00,12:00,15:00,19:00
282,37,7,8,WORK,4,08:00,12:00,15:00,19:00
282,37,7,9,REST,,,,,
282,37,7,10,REST,,,,,
283,38,7,1,WORK,8,10:00,14:00,14:00,18:00
283,38,7,2,WORK,10,11:00,15:00,15:00,19:00
283,38,7,3,WORK,7,09:00,13:00,15:00,19:00
283,38,7,4,WORK,4,08:00,12:00,15:00,19:00
283,38,7,5,WORK,7,09:00,13:00,15:00,19:00
283,38,7,6,WORK,5,09:00,13:00,13:00,17:00
283,38,7,7,WORK,4,08:00,12:00,15:00,19:00
283,38,7,8,WORK,4,08:00,12:00,15:00,19:00
283,38,7,9,REST,,,,,
283,38,7,10,REST,,,,,
284,39,7,1,WORK,8,10:00,14:00,14:00,18:00
284,39,7,2,WORK,10,11:00,15:00,15:00,19:00
284,39,7,3,WORK,7,09:00,13:00,15:00,19:00
284,39,7,4,WORK,4,08:00,12:00,15:00,19:00
284,39,7,5,WORK,8,10:00,14:00,14:00,18:00
284,39,7,6,WORK,5,09:00,13:00,13:00,17:00
284,39,7,7,WORK,4,08:00,12:00,15:00,19:00
284,39,7,8,WORK,4,08:00,12:00,15:00,19:00
284,39,7,9,REST,,,,,
284,39,7,10,REST,,,,,
285,40,7,1,WORK,8,10:00,14:00,14:00,18:00
285,40,7,2,WORK,10,11:00,15:00,15:00,19:00
285,40,7,3,WORK,7,09:00,13:00,15:00,19:00
285,40,7,4,WORK,4,08:00,12:00,15:00,19:00
285,40,7,5,WORK,8,10:00,14:00,14:00,18:00
285,40,7,6,WORK,5,09:00,13:00,13:00,17:00
285,40,7,7,WORK,4,08:00,12:00,15:00,19:00
285,40,7,8,WORK,4,08:00,12:00,15:00,19:00
285,40,7,9,REST,,,,,
285,40,7,10,REST,,,,,
286,41,7,1,WORK,8,10:00,14:00,14:00,18:00
286,41,7,2,WORK,10,11:00,15:00,15:00,19:00
286,41,7,3,WORK,7,09:00,13:00,15:00,19:00
286,41,7,4,WORK,4,08:00,12:00,15:00,19:00
286,41,7,5,WORK,9,10:00,14:00,15:00,19:00
286,41,7,6,WORK,5,09:00,13:00,13:00,17:00
286,41,7,7,WORK,4,08:00,12:00,15:00,19:00
286,41,7,8,WORK,4,08:00,12:00,15:00,19:00
286,41,7,9,REST,,,,,
286,41,7,10,REST,,,,,
287,42,7,1,REST,,,,,
287,42,7,2,WORK,10,11:00,15:00,15:00,19:00
287,42,7,3,WORK,7,09:00,13:00,15:00,19:00
287,42,7,4,WORK,4,08:00,12:00,15:00,19:00
287,42,7,5,WORK,9,10:00,14:00,15:00,19:00
287,42,7,6,WORK,6,09:00,13:00,14:00,18:00
287,42,7,7,WORK,4,08:00,12:00,15:00,19:00
287,42,7,8,WORK,4,08:00,12:00,15:00,19:00
287,42,7,9,WORK,9,10:00,14:00,15:00,19:00
287,42,7,10,REST,,,,,
288,1,8,1,WORK,1,08:00,12:00,12:00,16:00
288,1,8,2,REST,,,,,
288,1,8,3,WORK,1,08:00,12:00,12:00,16:00
288,1,8,4,WORK,1,08:00,12:00,12:00,16:00
288,1,8,5,WORK,1,08:00,12:00,12:00,16:00
288,1,8,6,WORK,1,08:00,12:00,12:00,16:00
288,1,8,7,WORK,1,08:00,12:00,12:00,16:00
288,1,8,8,WORK,1,08:00,12:00,12:00,16:00
288,1,8,9,WORK,1,08:00,12:00,12:00,16:00
288,1,8,10,REST,,,,,
289,2,8,1,REST,,,,,
289,2,8,2,REST,,,,,
289,2,8,3,WORK,1,08:00,12:00,12:00,16:00
289,2,8,4,WORK,1,08:00,12:00,12:00,16:00
289,2,8,5,WORK,1,08:00,12:00,12:00,16:00
289,2,8,6,WORK,1,08:00,12:00,12:00,16:00
289,2,8,7,WORK,1,08:00,12:00,12:00,16:00
289,2,8,8,WORK,1,08:00,12:00,12:00,16:00
289,2,8,9,WORK,1,08:00,12:00,12:00,16:00
289,2,8,10,WORK,1,08:00,12:00,12:00,16:00
290,3,8,1,REST,,,,,
290,3,8,2,REST,,,,,
290,3,8,3,WORK,1,08:00,12:00,12:00,16:00
290,3,8,4,WORK,1,08:00,12:00,12:00,16:00
290,3,8,5,WORK,1,08:00,12:00,12:00,16:00
290,3,8,6,WORK,1,08:00,12:00,12:00,16:00
290,3,8,7,WORK,1,08:00,12:00,12:00,16:00
290,3,8,8,WORK,1,08:00,12:00,12:00,16:00
290,3,8,9,WORK,1,08:00,12:00,12:00,16:00
290,3,8,10,WORK,1,08:00,12:00,12:00,16:00
291,4,8,1,REST,,,,,
291,4,8,2,REST,,,,,
291,4,8,3,WORK,1,08:00,12:00,12:00,16:00
291,4,8,4,WORK,1,08:00,12:00,12:00,16:00
291,4,8,5,WORK,1,08:00,12:00,12:00,16:00
291,4,8,6,WORK,1,08:00,12:00,12:00,16:00
291,4,8,7,WORK,1,08:00,12:00,12:00,16:00
291,4,8,8,WORK,1,08:00,12:00,12:00,16:00
291,4,8,9,WORK,1,08:00,12:00,12:00,16:00
291,4,8,10,WORK,1,08:00,12:00,12:00,16:00
292,5,8,1,REST,,,,,
292,5,8,2,REST,,,,,
292,5,8,3,WORK,1,08:00,12:00,12:00,16:00
292,5,8,4,WORK,1,08:00,12:00,12:00,16:00
292,5,8,5,WORK,1,08:00,12:00,12:00,16:00
292,5,8,6,WORK,2,08:00,12:00,13:00,17:00
292,5,8,7,WORK,1,08:00,12:00,12:00,16:00
292,5,8,8,WORK,1,08:00,12:00,12:00,16:00
292,5,8,9,WORK,1,08:00,12:00,12:00,16:00
292,5,8,10,WORK,3,08:00,12:00,14:00,18:00
293,6,8,1,REST,,,,,
293,6,8,2,REST,,,,,
293,6,8,3,WORK,1,08:00,12:00,12:00,16:00
293,6,8,4,WORK,1,08:00,12:00,12:00,16:00
293,6,8,5,WORK,1,08:00,12:00,12:00,16:00
293,6,8,6,WORK,2,08:00,12:00,13:00,17:00
293,6,8,7,WORK,1,08:00,12:00,12:00,16:00
293,6,8,8,WORK,1,08:00,12:00,12:00,16:00
293,6,8,9,WORK,1,08:00,12:00,12:00,16:00
293,6,8,10,WORK,3,08:00,12:00,14:00,18:00
294,7,8,1,REST,,,,,
294,7,8,2,REST,,,,,
294,7,8,3,WORK,1,08:00,12:00,12:00,16:00
294,7,8,4,WORK,1,08:00,12:00,12:00,16:00
294,7,8,5,WORK,1,08:00,12:00,12:00,16:00
294,7,8,6,WORK,4,08:00,12:00,15:00,19:00
294,7,8,7,WORK,4,08:00,12:00,15:00,19:00
294,7,8,8,WORK,1,08:00,12:00,12:00,16:00
294,7,8,9,WORK,1,08:00,12:00,12:00,16:00
294,7,8,10,WORK,3,08:00,12:00,14:00,18:00
295,8,8,1,REST,,,,,
295,8,8,2,REST,,,,,
295,8,8,3,WORK,1,08:00,12:00,12:00,16:00
295,8,8,4,WORK,1,08:00,12:00,12:00,16:00
295,8,8,5,WORK,1,08:00,12:00,12:00,16:00
295,8,8,6,WORK,4,08:00,12:00,15:00,19:00
295,8,8,7,WORK,4,08:00,12:00,15:00,19:00
295,8,8,8,WORK,1,08:00,12:00,12:00,16:00
295,8,8,9,WORK,1,08:00,12:00,12:00,16:00
295,8,8,10,WORK,3,08:00,12:00,14:00,18:00
296,9,8,1,REST,,,,,
296,9,8,2,REST,,,,,
296,9,8,3,WORK,1,08:00,12:00,12:00,16:00
296,9,8,4,WORK,1,08:00,12:00,12:00,16:00
296,9,8,5,WORK,1,08:00,12:00,12:00,16:00
296,9,8,6,WORK,4,08:00,12:00,15:00,19:00
296,9,8,7,WORK,4,08:00,12:00,15:00,19:00
296,9,8,8,WORK,1,08:00,12:00,12:00,16:00
296,9,8,9,WORK,1,08:00,12:00,12:00,16:00
296,9,8,10,WORK,4,08:00,12:00,15:00,19:00
297,10,8,1,REST,,,,,
297,10,8,2,REST,,,,,
297,10,8,3,WORK,1,08:00,12:00,12:00,16:00
297,10,8,4,WORK,1,08:00,12:00,12:00,16:00
297,10,8,5,WORK,1,08:00,12:00,12:00,16:00
297,10,8,6,WORK,4,08:00,12:00,15:00,19:00
297,10,8,7,WORK,4,08:00,12:00,15:00,19:00
297,10,8,8,WORK,1,08:00,12:00,12:00,16:00
297,10,8,9,WORK,1,08:00,12:00,12:00,16:00
297,10,8,10,WORK,4,08:00,12:00,15:00,19:00
298,11,8,1,REST,,,,,
298,11,8,2,REST,,,,,
298,11,8,3,WORK,2,08:00,12:00,13:00,17:00
298,11,8,4,WORK,1,08:00,12:00,12:00,16:00
298,11,8,5,WORK,1,08:00,12:00,12:00,16:00
298,11,8,6,WORK,4,08:00,12:00,15:00,19:00
298,11,8,7,WORK,4,08:00,12:00,15:00,19:00
298,11,8,8,WORK,1,08:00,12:00,12:00,16:00
298,11,8,9,WORK,1,08:00,12:00,12:00,16:00
298,11,8,10,WORK,4,08:00,12:00,15:00,19:00
299,12,8,1,REST,,,,,
299,12,8,2,REST,,,,,
299,12,8,3,WORK,2,08:00,12:00,13:00,17:00
299,12,8,4,WORK,1,08:00,12:00,12:00,16:00
299,12,8,5,WORK,1,08:00,12:00,12:00,16:00
299,12,8,6,WORK,4,08:00,12:00,15:00,19:00
299,12,8,7,WORK,4,08:00,12:00,15:00,19:00
299,12,8,8,WORK,1,08:00,12:00,12:00,16:00
299,12,8,9,WORK,1,08:00,12:00,12:00,16:00
299,12,8,10,WORK,4,08:00,12:00,15:00,19:00
300,13,8,1,REST,,,,,
300,13,8,2,WORK,1,08:00,12:00,12:00,16:00
300,13,8,3,REST,,,,,
300,13,8,4,WORK,1,08:00,12:00,12:00,16:00
300,13,8,5,WORK,4,08:00,12:00,15:00,19:00
300,13,8,6,WORK,4,08:00,12:00,15:00,19:00
300,13,8,7,WORK,4,08:00,12:00,15:00,19:00
300,13,8,8,WORK,1,08:00,12:00,12:00,16:00
300,13,8,9,WORK,1,08:00,12:00,12:00,16:00
300,13,8,10,WORK,4,08:00,12:00,15:00,19:00
301,14,8,1,REST,,,,,
301,14,8,2,WORK,1,08:00,12:00,12:00,16:00
301,14,8,3,REST,,,,,
301,14,8,4,WORK,1,08:00,12:00,12:00,16:00
301,14,8,5,WORK,4,08:00,12:00,15:00,19:00
301,14,8,6,WORK,4,08:00,12:00,15:00,19:00
301,14,8,7,WORK,4,08:00,12:00,15:00,19:00
301,14,8,8,WORK,3,08:00,12:00,14:00,18:00
301,14,8,9,WORK,1,08:00,12:00,12:00,16:00
301,14,8,10,WORK,4,08:00,12:00,15:00,19:00
302,15,8,1,REST,,,,,
302,15,8,2,WORK,4,08:00,12:00,15:00,19:00
302,15,8,3,REST,,,,,
302,15,8,4,WORK,1,08:00,12:00,12:00,16:00
302,15,8,5,WORK,4,08:00,12:00,15:00,19:00
302,15,8,6,WORK,4,08:00,12:00,15:00,19:00
302,15,8,7,WORK,6,09:00,13:00,14:00,18:00
302,15,8,8,WORK,3,08:00,12:00,14:00,18:00
302,15,8,9,WORK,3,08:00,12:00,14:00,18:00
302,15,8,10,WORK,4,08:00,12:00,15:00,19:00
303,16,8,1,REST,,,,,
303,16,8,2,WORK,4,08:00,12:00,15:00,19:00
303,16,8,3,REST,,,,,
303,16,8,4,WORK,4,08:00,12:00,15:00,19:00
303,16,8,5,WORK,4,08:00,12:00,15:00,19:00
303,16,8,6,WORK,4,08:00,12:00,15:00,19:00
303,16,8,7,WORK,6,09:00,13:00,14:00,18:00
303,16,8,8,WORK,4,08:00,12:00,15:00,19:00
303,16,8,9,WORK,3,08:00,12:00,14:00,18:00
303,16,8,10,WORK,4,08:00,12:00,15:00,19:00
304,17,8,1,REST,,,,,
304,17,8,2,WORK,4,08:00,12:00,15:00,19:00
304,17,8,3,REST,,,,,
304,17,8,4,WORK,4,08:00,12:00,15:00,19:00
304,17,8,5,WORK,4,08:00,12:00,15:00,19:00
304,17,8,6,WORK,4,08:00,12:00,15:00,19:00
304,17,8,7,WORK,6,09:00,13:00,14:00,18:00
304,17,8,8,WORK,4,08:00,12:00,15:00,19:00
304,17,8,9,WORK,4,08:00,12:00,15:00,19:00
304,17,8,10,WORK,4,08:00,12:00,15:00,19:00
305,18,8,1,REST,,,,,
305,18,8,2,WORK,4,08:00,12:00,15:00,19:00
305,18,8,3,REST,,,,,
305,18,8,4,WORK,4,08:00,12:00,15:00,19:00
305,18,8,5,WORK,4,08:00,12:00,15:00,19:00
305,18,8,6,WORK,4,08:00,12:00,15:00,19:00
305,18,8,7,WORK,6,09:00,13:00,14:00,18:00
305,18,8,8,WORK,4,08:00,12:00,15:00,19:00
305,18,8,9,WORK,4,08:00,12:00,15:00,19:00
305,18,8,10,WORK,4,08:00,12:00,15:00,19:00
306,19,8,1,REST,,,,,
306,19,8,2,WORK,4,08:00,12:00,15:00,19:00
306,19,8,3,REST,,,,,
306,19,8,4,WORK,4,08:00,12:00,15:00,19:00
306,19,8,5,WORK,4,08:00,12:00,15:00,19:00
306,19,8,6,WORK,4,08:00,12:00,15:00,19:00
306,19,8,7,WORK,6,09:00,13:00,14:00,18:00
306,19,8,8,WORK,4,08:00,12:00,15:00,19:00
306,19,8,9,WORK,4,08:00,12:00,15:00,19:00
306,19,8,10,WORK,4,08:00,12:00,15:00,19:00
307,20,8,1,WORK,1,08:00,12:00,12:00,16:00
307,20,8,2,WORK,4,08:00,12:00,15:00,19:00
307,20,8,3,REST,,,,,
307,20,8,4,REST,,,,,
307,20,8,5,WORK,4,08:00,12:00,15:00,19:00
307,20,8,6,WORK,4,08:00,12:00,15:00,19:00
307,20,8,7,WORK,6,09:00,13:00,14:00,18:00
307,20,8,8,WORK,4,08:00,12:00,15:00,19:00
307,20,8,9,WORK,4,08:00,12:00,15:00,19:00
307,20,8,10,WORK,4,08:00,12:00,15:00,19:00
308,21,8,1,WORK,1,08:00,12:00,12:00,16:00
308,21,8,2,WORK,4,08:00,12:00,15:00,19:00
308,21,8,3,REST,,,,,
308,21,8,4,REST,,,,,
308,21,8,5,WORK,4,08:00,12:00,15:00,19:00
308,21,8,6,WORK,5,09:00,13:00,13:00,17:00
308,21,8,7,WORK,7,09:00,13:00,15:00,19:00
308,21,8,8,WORK,4,08:00,12:00,15:00,19:00
308,21,8,9,WORK,4,08:00,12:00,15:00,19:00
308,21,8,10,WORK,4,08:00,12:00,15:00,19:00
309,22,8,1,WORK,1,08:00,12:00,12:00,16:00
309,22,8,2,WORK,4,08:00,12:00,15:00,19:00
309,22,8,3,REST,,,,,
309,22,8,4,WORK,4,08:00,12:00,15:00,19:00
309,22,8,5,WORK,4,08:00,12:00,15:00,19:00
309,22,8,6,REST,,,,,
309,22,8,7,WORK,7,09:00,13:00,15:00,19:00
309,22,8,8,WORK,4,08:00,12:00,15:00,19:00
309,22,8,9,WORK,4,08:00,12:00,15:00,19:00
309,22,8,10,WORK,4,08:00,12:00,15:00,19:00
310,23,8,1,WORK,1,08:00,12:00,12:00,16:00
310,23,8,2,WORK,4,08:00,12:00,15:00,19:00
310,23,8,3,REST,,,,,
310,23,8,4,WORK,4,08:00,12:00,15:00,19:00
310,23,8,5,WORK,4,08:00,12:00,15:00,19:00
310,23,8,6,REST,,,,,
310,23,8,7,WORK,7,09:00,13:00,15:00,19:00
310,23,8,8,WORK,4,08:00,12:00,15:00,19:00
310,23,8,9,WORK,4,08:00,12:00,15:00,19:00
310,23,8,10,WORK,4,08:00,12:00,15:00,19:00
311,24,8,1,WORK,1,08:00,12:00,12:00,16:00
311,24,8,2,WORK,4,08:00,12:00,15:00,19:00
311,24,8,3,WORK,2,08:00,12:00,13:00,17:00
311,24,8,4,WORK,4,08:00,12:00,15:00,19:00
311,24,8,5,WORK,4,08:00,12:00,15:00,19:00
311,24,8,6,REST,,,,,
311,24,8,7,REST,,,,,
311,24,8,8,WORK,4,08:00,12:00,15:00,19:00
311,24,8,9,WORK,4,08:00,12:00,15:00,19:00
311,24,8,10,WORK,4,08:00,12:00,15:00,19:00
312,25,8,1,WORK,1,08:00,12:00,12:00,16:00
312,25,8,2,WORK,4,08:00,12:00,15:00,19:00
312,25,8,3,WORK,2,08:00,12:00,13:00,17:00
312,25,8,4,WORK,4,08:00,12:00,15:00,19:00
312,25,8,5,WORK,4,08:00,12:00,15:00,19:00
312,25,8,6,REST,,,,,
312,25,8,7,REST,,,,,
312,25,8,8,WORK,4,08:00,12:00,15:00,19:00
312,25,8,9,WORK,4,08:00,12:00,15:00,19:00
312,25,8,10,WORK,4,08:00,12:00,15:00,19:00
313,26,8,1,WORK,1,08:00,12:00,12:00,16:00
313,26,8,2,WORK,4,08:00,12:00,15:00,19:00
313,26,8,3,WORK,2,08:00,12:00,13:00,17:00
313,26,8,4,WORK,4,08:00,12:00,15:00,19:00
313,26,8,5,WORK,4,08:00,12:00,15:00,19:00
313,26,8,6,REST,,,,,
313,26,8,7,REST,,,,,
313,26,8,8,WORK,10,11:00,15:00,15:00,19:00
313,26,8,9,WORK,6,09:00,13:00,14:00,18:00
313,26,8,10,WORK,6,09:00,13:00,14:00,18:00
314,27,8,1,WORK,3,08:00,12:00,14:00,18:00
314,27,8,2,WORK,4,08:00,12:00,15:00,19:00
314,27,8,3,WORK,2,08:00,12:00,13:00,17:00
314,27,8,4,WORK,4,08:00,12:00,15:00,19:00
314,27,8,5,WORK,4,08:00,12:00,15:00,19:00
314,27,8,6,REST,,,,,
314,27,8,7,REST,,,,,
314,27,8,8,WORK,10,11:00,15:00,15:00,19:00
314,27,8,9,WORK,6,09:00,13:00,14:00,18:00
314,27,8,10,WORK,6,09:00,13:00,14:00,18:00
315,28,8,1,WORK,4,08:00,12:00,15:00,19:00
315,28,8,2,WORK,4,08:00,12:00,15:00,19:00
315,28,8,3,WORK,2,08:00,12:00,13:00,17:00
315,28,8,4,WORK,4,08:00,12:00,15:00,19:00
315,28,8,5,WORK,4,08:00,12:00,15:00,19:00
315,28,8,6,REST,,,,,
315,28,8,7,REST,,,,,
315,28,8,8,WORK,10,11:00,15:00,15:00,19:00
315,28,8,9,WORK,6,09:00,13:00,14:00,18:00
315,28,8,10,WORK,6,09:00,13:00,14:00,18:00
316,29,8,1,WORK,4,08:00,12:00,15:00,19:00
316,29,8,2,WORK,4,08:00,12:00,15:00,19:00
316,29,8,3,WORK,2,08:00,12:00,13:00,17:00
316,29,8,4,WORK,6,09:00,13:00,14:00,18:00
316,29,8,5,WORK,4,08:00,12:00,15:00,19:00
316,29,8,6,REST,,,,,
316,29,8,7,REST,,,,,
316,29,8,8,WORK,10,11:00,15:00,15:00,19:00
316,29,8,9,WORK,8,10:00,14:00,14:00,18:00
316,29,8,10,WORK,8,10:00,14:00,14:00,18:00
317,30,8,1,WORK,4,08:00,12:00,15:00,19:00
317,30,8,2,WORK,4,08:00,12:00,15:00,19:00
317,30,8,3,WORK,4,08:00,12:00,15:00,19:00
317,30,8,4,WORK,6,09:00,13:00,14:00,18:00
317,30,8,5,WORK,4,08:00,12:00,15:00,19:00
317,30,8,6,WORK,10,11:00,15:00,15:00,19:00
317,30,8,7,REST,,,,,
317,30,8,8,REST,,,,,
317,30,8,9,WORK,8,10:00,14:00,14:00,18:00
317,30,8,10,WORK,8,10:00,14:00,14:00,18:00
318,31,8,1,WORK,4,08:00,12:00,15:00,19:00
318,31,8,2,WORK,4,08:00,12:00,15:00,19:00
318,31,8,3,WORK,4,08:00,12:00,15:00,19:00
318,31,8,4,WORK,6,09:00,13:00,14:00,18:00
318,31,8,5,WORK,4,08:00,12:00,15:00,19:00
318,31,8,6,WORK,10,11:00,15:00,15:00,19:00
318,31,8,7,REST,,,,,
318,31,8,8,REST,,,,,
318,31,8,9,WORK,8,10:00,14:00,14:00,18:00
318,31,8,10,WORK,8,10:00,14:00,14:00,18:00
319,32,8,1,WORK,4,08:00,12:00,15:00,19:00
319,32,8,2,WORK,4,08:00,12:00,15:00,19:00
319,32,8,3,WORK,4,08:00,12:00,15:00,19:00
319,32,8,4,WORK,6,09:00,13:00,14:00,18:00
319,32,8,5,WORK,4,08:00,12:00,15:00,19:00
319,32,8,6,WORK,10,11:00,15:00,15:00,19:00
319,32,8,7,WORK,7,09:00,13:00,15:00,19:00
319,32,8,8,WORK,10,11:00,15:00,15:00,19:00
319,32,8,9,REST,,,,,
319,32,8,10,REST,,,,,
320,33,8,1,WORK,4,08:00,12:00,15:00,19:00
320,33,8,2,WORK,4,08:00,12:00,15:00,19:00
320,33,8,3,WORK,4,08:00,12:00,15:00,19:00
320,33,8,4,WORK,6,09:00,13:00,14:00,18:00
320,33,8,5,WORK,10,11:00,15:00,15:00,19:00
320,33,8,6,WORK,10,11:00,15:00,15:00,19:00
320,33,8,7,WORK,7,09:00,13:00,15:00,19:00
320,33,8,8,WORK,10,11:00,15:00,15:00,19:00
320,33,8,9,REST,,,,,
320,33,8,10,REST,,,,,
321,34,8,1,WORK,6,09:00,13:00,14:00,18:00
321,34,8,2,WORK,4,08:00,12:00,15:00,19:00
321,34,8,3,WORK,4,08:00,12:00,15:00,19:00
321,34,8,4,WORK,6,09:00,13:00,14:00,18:00
321,34,8,5,WORK,10,11:00,15:00,15:00,19:00
321,34,8,6,WORK,10,11:00,15:00,15:00,19:00
321,34,8,7,WORK,7,09:00,13:00,15:00,19:00
321,34,8,8,WORK,10,11:00,15:00,15:00,19:00
321,34,8,9,REST,,,,,
321,34,8,10,REST,,,,,
322,35,8,1,WORK,6,09:00,13:00,14:00,18:00
322,35,8,2,WORK,4,08:00,12:00,15:00,19:00
322,35,8,3,WORK,4,08:00,12:00,15:00,19:00
322,35,8,4,WORK,6,09:00,13:00,14:00,18:00
322,35,8,5,WORK,10,11:00,15:00,15:00,19:00
322,35,8,6,WORK,10,11:00,15:00,15:00,19:00
322,35,8,7,WORK,7,09:00,13:00,15:00,19:00
322,35,8,8,WORK,10,11:00,15:00,15:00,19:00
322,35,8,9,REST,,,,,
322,35,8,10,REST,,,,,
323,36,8,1,WORK,6,09:00,13:00,14:00,18:00
323,36,8,2,WORK,9,10:00,14:00,15:00,19:00
323,36,8,3,WORK,5,09:00,13:00,13:00,17:00
323,36,8,4,WORK,7,09:00,13:00,15:00,19:00
323,36,8,5,WORK,10,11:00,15:00,15:00,19:00
323,36,8,6,WORK,10,11:00,15:00,15:00,19:00
323,36,8,7,WORK,7,09:00,13:00,15:00,19:00
323,36,8,8,WORK,10,11:00,15:00,15:00,19:00
323,36,8,9,REST,,,,,
323,36,8,10,REST,,,,,
324,37,8,1,WORK,10,11:00,15:00,15:00,19:00
324,37,8,2,WORK,9,10:00,14:00,15:00,19:00
324,37,8,3,WORK,10,11:00,15:00,15:00,19:00
324,37,8,4,WORK,7,09:00,13:00,15:00,19:00
324,37,8,5,WORK,10,11:00,15:00,15:00,19:00
324,37,8,6,WORK,10,11:00,15:00,15:00,19:00
324,37,8,7,WORK,7,09:00,13:00,15:00,19:00
324,37,8,8,WORK,10,11:00,15:00,15:00,19:00
324,37,8,9,REST,,,,,
324,37,8,10,REST,,,,,
325,38,8,1,WORK,10,11:00,15:00,15:00,19:00
325,38,8,2,WORK,9,10:00,14:00,15:00,19:00
325,38,8,3,WORK,10,11:00,15:00,15:00,19:00
325,38,8,4,WORK,10,11:00,15:00,15:00,19:00
325,38,8,5,WORK,10,11:00,15:00,15:00,19:00
325,38,8,6,WORK,10,11:00,15:00,15:00,19:00
325,38,8,7,WORK,8,10:00,14:00,14:00,18:00
325,38,8,8,WORK,10,11:00,15:00,15:00,19:00
325,38,8,9,REST,,,,,
325,38,8,10,REST,,,,,
326,39,8,1,WORK,10,11:00,15:00,15:00,19:00
326,39,8,2,WORK,9,10:00,14:00,15:00,19:00
326,39,8,3,WORK,10,11:00,15:00,15:00,19:00
326,39,8,4,WORK,10,11:00,15:00,15:00,19:00
326,39,8,5,WORK,10,11:00,15:00,15:00,19:00
326,39,8,6,WORK,10,11:00,15:00,15:00,19:00
326,39,8,7,WORK,8,10:00,14:00,14:00,18:00
326,39,8,8,WORK,10,11:00,15:00,15:00,19:00
326,39,8,9,REST,,,,,
326,39,8,10,REST,,,,,
327,40,8,1,WORK,10,11:00,15:00,15:00,19:00
327,40,8,2,WORK,9,10:00,14:00,15:00,19:00
327,40,8,3,WORK,10,11:00,15:00,15:00,19:00
327,40,8,4,WORK,10,11:00,15:00,15:00,19:00
327,40,8,5,WORK,10,11:00,15:00,15:00,19:00
327,40,8,6,WORK,10,11:00,15:00,15:00,19:00
327,40,8,7,WORK,8,10:00,14:00,14:00,18:00
327,40,8,8,WORK,10,11:00,15:00,15:00,19:00
327,40,8,9,REST,,,,,
327,40,8,10,REST,,,,,
328,41,8,1,WORK,10,11:00,15:00,15:00,19:00
328,41,8,2,WORK,9,10:00,14:00,15:00,19:00
328,41,8,3,WORK,10,11:00,15:00,15:00,19:00
328,41,8,4,WORK,10,11:00,15:00,15:00,19:00
328,41,8,5,WORK,10,11:00,15:00,15:00,19:00
328,41,8,6,WORK,10,11:00,15:00,15:00,19:00
328,41,8,7,WORK,8,10:00,14:00,14:00,18:00
328,41,8,8,WORK,10,11:00,15:00,15:00,19:00
328,41,8,9,REST,,,,,
328,41,8,10,REST,,,,,
329,42,8,1,REST,,,,,
329,42,8,2,WORK,9,10:00,14:00,15:00,19:00
329,42,8,3,WORK,10,11:00,15:00,15:00,19:00
329,42,8,4,WORK,10,11:00,15:00,15:00,19:00
329,42,8,5,WORK,10,11:00,15:00,15:00,19:00
329,42,8,6,WORK,10,11:00,15:00,15:00,19:00
329,42,8,7,WORK,8,10:00,14:00,14:00,18:00
329,42,8,8,WORK,10,11:00,15:00,15:00,19:00
329,42,8,9,WORK,8,10:00,14:00,14:00,18:00
329,42,8,10,REST,,,,,
330,1,9,1,WORK,2,08:00,12:00,13:00,17:00
330,1,9,2,WORK,1,08:00,12:00,12:00,16:00
330,1,9,3,REST,,,,,
330,1,9,4,WORK,1,08:00,12:00,12:00,16:00
330,1,9,5,WORK,1,08:00,12:00,12:00,16:00
330,1,9,6,WORK,1,08:00,12:00,12:00,16:00
330,1,9,7,WORK,1,08:00,12:00,12:00,16:00
330,1,9,8,WORK,1,08:00,12:00,12:00,16:00
330,1,9,9,REST,,,,,
330,1,9,10,WORK,1,08:00,12:00,12:00,16:00
331,2,9,1,WORK,2,08:00,12:00,13:00,17:00
331,2,9,2,WORK,1,08:00,12:00,12:00,16:00
331,2,9,3,REST,,,,,
331,2,9,4,WORK,1,08:00,12:00,12:00,16:00
331,2,9,5,WORK,1,08:00,12:00,12:00,16:00
331,2,9,6,WORK,1,08:00,12:00,12:00,16:00
331,2,9,7,WORK,1,08:00,12:00,12:00,16:00
331,2,9,8,WORK,1,08:00,12:00,12:00,16:00
331,2,9,9,REST,,,,,
331,2,9,10,WORK,1,08:00,12:00,12:00,16:00
332,3,9,1,WORK,2,08:00,12:00,13:00,17:00
332,3,9,2,WORK,1,08:00,12:00,12:00,16:00
332,3,9,3,REST,,,,,
332,3,9,4,WORK,1,08:00,12:00,12:00,16:00
332,3,9,5,WORK,1,08:00,12:00,12:00,16:00
332,3,9,6,WORK,1,08:00,12:00,12:00,16:00
332,3,9,7,WORK,1,08:00,12:00,12:00,16:00
332,3,9,8,WORK,1,08:00,12:00,12:00,16:00
332,3,9,9,REST,,,,,
332,3,9,10,WORK,1,08:00,12:00,12:00,16:00
333,4,9,1,REST,,,,,
333,4,9,2,WORK,1,08:00,12:00,12:00,16:00
333,4,9,3,REST,,,,,
333,4,9,4,WORK,1,08:00,12:00,12:00,16:00
333,4,9,5,WORK,1,08:00,12:00,12:00,16:00
333,4,9,6,WORK,1,08:00,12:00,12:00,16:00
333,4,9,7,WORK,1,08:00,12:00,12:00,16:00
333,4,9,8,WORK,1,08:00,12:00,12:00,16:00
333,4,9,9,WORK,1,08:00,12:00,12:00,16:00
333,4,9,10,WORK,1,08:00,12:00,12:00,16:00
334,5,9,1,REST,,,,,
334,5,9,2,WORK,1,08:00,12:00,12:00,16:00
334,5,9,3,REST,,,,,
334,5,9,4,WORK,1,08:00,12:00,12:00,16:00
334,5,9,5,WORK,1,08:00,12:00,12:00,16:00
334,5,9,6,WORK,4,08:00,12:00,15:00,19:00
334,5,9,7,WORK,1,08:00,12:00,12:00,16:00
334,5,9,8,WORK,1,08:00,12:00,12:00,16:00
334,5,9,9,WORK,1,08:00,12:00,12:00,16:00
334,5,9,10,WORK,1,08:00,12:00,12:00,16:00
335,6,9,1,REST,,,,,
335,6,9,2,WORK,1,08:00,12:00,12:00,16:00
335,6,9,3,REST,,,,,
335,6,9,4,WORK,1,08:00,12:00,12:00,16:00
335,6,9,5,WORK,1,08:00,12:00,12:00,16:00
335,6,9,6,WORK,4,08:00,12:00,15:00,19:00
335,6,9,7,WORK,1,08:00,12:00,12:00,16:00
335,6,9,8,WORK,2,08:00,12:00,13:00,17:00
335,6,9,9,WORK,1,08:00,12:00,12:00,16:00
335,6,9,10,WORK,1,08:00,12:00,12:00,16:00
336,7,9,1,REST,,,,,
336,7,9,2,WORK,1,08:00,12:00,12:00,16:00
336,7,9,3,REST,,,,,
336,7,9,4,WORK,1,08:00,12:00,12:00,16:00
336,7,9,5,WORK,1,08:00,12:00,12:00,16:00
336,7,9,6,WORK,4,08:00,12:00,15:00,19:00
336,7,9,7,WORK,1,08:00,12:00,12:00,16:00
336,7,9,8,WORK,2,08:00,12:00,13:00,17:00
336,7,9,9,WORK,1,08:00,12:00,12:00,16:00
336,7,9,10,WORK,1,08:00,12:00,12:00,16:00
337,8,9,1,REST,,,,,
337,8,9,2,WORK,1,08:00,12:00,12:00,16:00
337,8,9,3,REST,,,,,
337,8,9,4,WORK,1,08:00,12:00,12:00,16:00
337,8,9,5,WORK,1,08:00,12:00,12:00,16:00
337,8,9,6,WORK,4,08:00,12:00,15:00,19:00
337,8,9,7,WORK,1,08:00,12:00,12:00,16:00
337,8,9,8,WORK,2,08:00,12:00,13:00,17:00
337,8,9,9,WORK,4,08:00,12:00,15:00,19:00
337,8,9,10,WORK,1,08:00,12:00,12:00,16:00
338,9,9,1,REST,,,,,
338,9,9,2,WORK,1,08:00,12:00,12:00,16:00
338,9,9,3,REST,,,,,
338,9,9,4,WORK,1,08:00,12:00,12:00,16:00
338,9,9,5,WORK,1,08:00,12:00,12:00,16:00
338,9,9,6,WORK,4,08:00,12:00,15:00,19:00
338,9,9,7,WORK,4,08:00,12:00,15:00,19:00
338,9,9,8,WORK,2,08:00,12:00,13:00,17:00
338,9,9,9,WORK,4,08:00,12:00,15:00,19:00
338,9,9,10,WORK,1,08:00,12:00,12:00,16:00
339,10,9,1,REST,,,,,
339,10,9,2,WORK,1,08:00,12:00,12:00,16:00
339,10,9,3,REST,,,,,
339,10,9,4,WORK,1,08:00,12:00,12:00,16:00
339,10,9,5,WORK,1,08:00,12:00,12:00,16:00
339,10,9,6,WORK,7,09:00,13:00,15:00,19:00
339,10,9,7,WORK,4,08:00,12:00,15:00,19:00
339,10,9,8,WORK,2,08:00,12:00,13:00,17:00
339,10,9,9,WORK,4,08:00,12:00,15:00,19:00
339,10,9,10,WORK,1,08:00,12:00,12:00,16:00
340,11,9,1,REST,,,,,
340,11,9,2,WORK,1,08:00,12:00,12:00,16:00
340,11,9,3,REST,,,,,
340,11,9,4,WORK,1,08:00,12:00,12:00,16:00
340,11,9,5,WORK,1,08:00,12:00,12:00,16:00
340,11,9,6,WORK,7,09:00,13:00,15:00,19:00
340,11,9,7,WORK,4,08:00,12:00,15:00,19:00
340,11,9,8,WORK,2,08:00,12:00,13:00,17:00
340,11,9,9,WORK,4,08:00,12:00,15:00,19:00
340,11,9,10,WORK,1,08:00,12:00,12:00,16:00
341,12,9,1,REST,,,,,
341,12,9,2,WORK,1,08:00,12:00,12:00,16:00
341,12,9,3,REST,,,,,
341,12,9,4,WORK,1,08:00,12:00,12:00,16:00
341,12,9,5,WORK,1,08:00,12:00,12:00,16:00
341,12,9,6,WORK,7,09:00,13:00,15:00,19:00
341,12,9,7,WORK,4,08:00,12:00,15:00,19:00
341,12,9,8,WORK,2,08:00,12:00,13:00,17:00
341,12,9,9,WORK,4,08:00,12:00,15:00,19:00
341,12,9,10,WORK,1,08:00,12:00,12:00,16:00
342,13,9,1,REST,,,,,
342,13,9,2,WORK,1,08:00,12:00,12:00,16:00
342,13,9,3,WORK,1,08:00,12:00,12:00,16:00
342,13,9,4,REST,,,,,
342,13,9,5,WORK,1,08:00,12:00,12:00,16:00
342,13,9,6,WORK,7,09:00,13:00,15:00,19:00
342,13,9,7,WORK,4,08:00,12:00,15:00,19:00
342,13,9,8,WORK,2,08:00,12:00,13:00,17:00
342,13,9,9,WORK,4,08:00,12:00,15:00,19:00
342,13,9,10,WORK,4,08:00,12:00,15:00,19:00
343,14,9,1,REST,,,,,
343,14,9,2,WORK,2,08:00,12:00,13:00,17:00
343,14,9,3,WORK,1,08:00,12:00,12:00,16:00
343,14,9,4,REST,,,,,
343,14,9,5,WORK,1,08:00,12:00,12:00,16:00
343,14,9,6,WORK,7,09:00,13:00,15:00,19:00
343,14,9,7,WORK,4,08:00,12:00,15:00,19:00
343,14,9,8,WORK,2,08:00,12:00,13:00,17:00
343,14,9,9,WORK,4,08:00,12:00,15:00,19:00
343,14,9,10,WORK,4,08:00,12:00,15:00,19:00
344,15,9,1,REST,,,,,
344,15,9,2,WORK,2,08:00,12:00,13:00,17:00
344,15,9,3,WORK,1,08:00,12:00,12:00,16:00
344,15,9,4,REST,,,,,
344,15,9,5,WORK,1,08:00,12:00,12:00,16:00
344,15,9,6,WORK,7,09:00,13:00,15:00,19:00
344,15,9,7,WORK,4,08:00,12:00,15:00,19:00
344,15,9,8,WORK,2,08:00,12:00,13:00,17:00
344,15,9,9,WORK,4,08:00,12:00,15:00,19:00
344,15,9,10,WORK,4,08:00,12:00,15:00,19:00
345,16,9,1,REST,,,,,
345,16,9,2,WORK,4,08:00,12:00,15:00,19:00
345,16,9,3,WORK,1,08:00,12:00,12:00,16:00
345,16,9,4,REST,,,,,
345,16,9,5,WORK,1,08:00,12:00,12:00,16:00
345,16,9,6,WORK,7,09:00,13:00,15:00,19:00
345,16,9,7,WORK,4,08:00,12:00,15:00,19:00
345,16,9,8,WORK,2,08:00,12:00,13:00,17:00
345,16,9,9,WORK,7,09:00,13:00,15:00,19:00
345,16,9,10,WORK,4,08:00,12:00,15:00,19:00
346,17,9,1,REST,,,,,
346,17,9,2,WORK,4,08:00,12:00,15:00,19:00
346,17,9,3,WORK,1,08:00,12:00,12:00,16:00
346,17,9,4,WORK,1,08:00,12:00,12:00,16:00
346,17,9,5,WORK,1,08:00,12:00,12:00,16:00
346,17,9,6,REST,,,,,
346,17,9,7,WORK,4,08:00,12:00,15:00,19:00
346,17,9,8,WORK,2,08:00,12:00,13:00,17:00
346,17,9,9,WORK,7,09:00,13:00,15:00,19:00
346,17,9,10,WORK,4,08:00,12:00,15:00,19:00
347,18,9,1,REST,,,,,
347,18,9,2,WORK,4,08:00,12:00,15:00,19:00
347,18,9,3,WORK,1,08:00,12:00,12:00,16:00
347,18,9,4,WORK,1,08:00,12:00,12:00,16:00
347,18,9,5,WORK,1,08:00,12:00,12:00,16:00
347,18,9,6,REST,,,,,
347,18,9,7,WORK,4,08:00,12:00,15:00,19:00
347,18,9,8,WORK,3,08:00,12:00,14:00,18:00
347,18,9,9,WORK,7,09:00,13:00,15:00,19:00
347,18,9,10,WORK,4,08:00,12:00,15:00,19:00
348,19,9,1,REST,,,,,
348,19,9,2,WORK,4,08:00,12:00,15:00,19:00
348,19,9,3,WORK,2,08:00,12:00,13:00,17:00
348,19,9,4,WORK,1,08:00,12:00,12:00,16:00
348,19,9,5,WORK,1,08:00,12:00,12:00,16:00
348,19,9,6,REST,,,,,
348,19,9,7,WORK,7,09:00,13:00,15:00,19:00
348,19,9,8,WORK,4,08:00,12:00,15:00,19:00
348,19,9,9,WORK,7,09:00,13:00,15:00,19:00
348,19,9,10,WORK,4,08:00,12:00,15:00,19:00
349,20,9,1,REST,,,,,
349,20,9,2,WORK,4,08:00,12:00,15:00,19:00
349,20,9,3,WORK,2,08:00,12:00,13:00,17:00
349,20,9,4,WORK,1,08:00,12:00,12:00,16:00
349,20,9,5,WORK,1,08:00,12:00,12:00,16:00
349,20,9,6,REST,,,,,
349,20,9,7,WORK,7,09:00,13:00,15:00,19:00
349,20,9,8,WORK,4,08:00,12:00,15:00,19:00
349,20,9,9,WORK,7,09:00,13:00,15:00,19:00
349,20,9,10,WORK,4,08:00,12:00,15:00,19:00
350,21,9,1,REST,,,,,
350,21,9,2,WORK,4,08:00,12:00,15:00,19:00
350,21,9,3,WORK,2,08:00,12:00,13:00,17:00
350,21,9,4,WORK,1,08:00,12:00,12:00,16:00
350,21,9,5,WORK,4,08:00,12:00,15:00,19:00
350,21,9,6,REST,,,,,
350,21,9,7,WORK,7,09:00,13:00,15:00,19:00
350,21,9,8,WORK,4,08:00,12:00,15:00,19:00
350,21,9,9,WORK,7,09:00,13:00,15:00,19:00
350,21,9,10,WORK,4,08:00,12:00,15:00,19:00
351,22,9,1,REST,,,,,
351,22,9,2,WORK,4,08:00,12:00,15:00,19:00
351,22,9,3,WORK,2,08:00,12:00,13:00,17:00
351,22,9,4,WORK,1,08:00,12:00,12:00,16:00
351,22,9,5,WORK,4,08:00,12:00,15:00,19:00
351,22,9,6,REST,,,,,
351,22,9,7,WORK,7,09:00,13:00,15:00,19:00
351,22,9,8,WORK,4,08:00,12:00,15:00,19:00
351,22,9,9,WORK,7,09:00,13:00,15:00,19:00
351,22,9,10,WORK,4,08:00,12:00,15:00,19:00
352,23,9,1,REST,,,,,
352,23,9,2,WORK,4,08:00,12:00,15:00,19:00
352,23,9,3,WORK,2,08:00,12:00,13:00,17:00
352,23,9,4,WORK,1,08:00,12:00,12:00,16:00
352,23,9,5,WORK,4,08:00,12:00,15:00,19:00
352,23,9,6,REST,,,,,
352,23,9,7,WORK,9,10:00,14:00,15:00,19:00
352,23,9,8,WORK,4,08:00,12:00,15:00,19:00
352,23,9,9,WORK,7,09:00,13:00,15:00,19:00
352,23,9,10,WORK,4,08:00,12:00,15:00,19:00
353,24,9,1,REST,,,,,
353,24,9,2,WORK,4,08:00,12:00,15:00,19:00
353,24,9,3,WORK,2,08:00,12:00,13:00,17:00
353,24,9,4,WORK,1,08:00,12:00,12:00,16:00
353,24,9,5,WORK,4,08:00,12:00,15:00,19:00
353,24,9,6,REST,,,,,
353,24,9,7,WORK,9,10:00,14:00,15:00,19:00
353,24,9,8,WORK,4,08:00,12:00,15:00,19:00
353,24,9,9,WORK,7,09:00,13:00,15:00,19:00
353,24,9,10,WORK,4,08:00,12:00,15:00,19:00
354,25,9,1,REST,,,,,
354,25,9,2,WORK,4,08:00,12:00,15:00,19:00
354,25,9,3,WORK,2,08:00,12:00,13:00,17:00
354,25,9,4,WORK,1,08:00,12:00,12:00,16:00
354,25,9,5,WORK,4,08:00,12:00,15:00,19:00
354,25,9,6,REST,,,,,
354,25,9,7,WORK,9,10:00,14:00,15:00,19:00
354,25,9,8,WORK,4,08:00,12:00,15:00,19:00
354,25,9,9,WORK,7,09:00,13:00,15:00,19:00
354,25,9,10,WORK,4,08:00,12:00,15:00,19:00
355,26,9,1,WORK,2,08:00,12:00,13:00,17:00
355,26,9,2,WORK,4,08:00,12:00,15:00,19:00
355,26,9,3,WORK,2,08:00,12:00,13:00,17:00
355,26,9,4,WORK,4,08:00,12:00,15:00,19:00
355,26,9,5,WORK,4,08:00,12:00,15:00,19:00
355,26,9,6,REST,,,,,
355,26,9,7,REST,,,,,
355,26,9,8,WORK,4,08:00,12:00,15:00,19:00
355,26,9,9,WORK,7,09:00,13:00,15:00,19:00
355,26,9,10,WORK,4,08:00,12:00,15:00,19:00
356,27,9,1,WORK,2,08:00,12:00,13:00,17:00
356,27,9,2,WORK,4,08:00,12:00,15:00,19:00
356,27,9,3,WORK,3,08:00,12:00,14:00,18:00
356,27,9,4,WORK,4,08:00,12:00,15:00,19:00
356,27,9,5,WORK,4,08:00,12:00,15:00,19:00
356,27,9,6,WORK,7,09:00,13:00,15:00,19:00
356,27,9,7,REST,,,,,
356,27,9,8,REST,,,,,
356,27,9,9,WORK,7,09:00,13:00,15:00,19:00
356,27,9,10,WORK,4,08:00,12:00,15:00,19:00
357,28,9,1,WORK,2,08:00,12:00,13:00,17:00
357,28,9,2,WORK,4,08:00,12:00,15:00,19:00
357,28,9,3,WORK,3,08:00,12:00,14:00,18:00
357,28,9,4,WORK,4,08:00,12:00,15:00,19:00
357,28,9,5,WORK,4,08:00,12:00,15:00,19:00
357,28,9,6,WORK,7,09:00,13:00,15:00,19:00
357,28,9,7,REST,,,,,
357,28,9,8,REST,,,,,
357,28,9,9,WORK,7,09:00,13:00,15:00,19:00
357,28,9,10,WORK,4,08:00,12:00,15:00,19:00
358,29,9,1,WORK,2,08:00,12:00,13:00,17:00
358,29,9,2,WORK,4,08:00,12:00,15:00,19:00
358,29,9,3,WORK,3,08:00,12:00,14:00,18:00
358,29,9,4,WORK,4,08:00,12:00,15:00,19:00
358,29,9,5,WORK,4,08:00,12:00,15:00,19:00
358,29,9,6,WORK,7,09:00,13:00,15:00,19:00
358,29,9,7,REST,,,,,
358,29,9,8,REST,,,,,
358,29,9,9,WORK,7,09:00,13:00,15:00,19:00
358,29,9,10,WORK,4,08:00,12:00,15:00,19:00
359,30,9,1,WORK,2,08:00,12:00,13:00,17:00
359,30,9,2,WORK,10,11:00,15:00,15:00,19:00
359,30,9,3,WORK,3,08:00,12:00,14:00,18:00
359,30,9,4,WORK,4,08:00,12:00,15:00,19:00
359,30,9,5,WORK,4,08:00,12:00,15:00,19:00
359,30,9,6,WORK,7,09:00,13:00,15:00,19:00
359,30,9,7,REST,,,,,
359,30,9,8,REST,,,,,
359,30,9,9,WORK,7,09:00,13:00,15:00,19:00
359,30,9,10,WORK,10,11:00,15:00,15:00,19:00
360,31,9,1,WORK,2,08:00,12:00,13:00,17:00
360,31,9,2,WORK,10,11:00,15:00,15:00,19:00
360,31,9,3,WORK,3,08:00,12:00,14:00,18:00
360,31,9,4,WORK,4,08:00,12:00,15:00,19:00
360,31,9,5,WORK,4,08:00,12:00,15:00,19:00
360,31,9,6,WORK,7,09:00,13:00,15:00,19:00
360,31,9,7,REST,,,,,
360,31,9,8,REST,,,,,
360,31,9,9,WORK,7,09:00,13:00,15:00,19:00
360,31,9,10,WORK,10,11:00,15:00,15:00,19:00
361,32,9,1,WORK,2,08:00,12:00,13:00,17:00
361,32,9,2,WORK,10,11:00,15:00,15:00,19:00
361,32,9,3,WORK,3,08:00,12:00,14:00,18:00
361,32,9,4,WORK,4,08:00,12:00,15:00,19:00
361,32,9,5,WORK,4,08:00,12:00,15:00,19:00
361,32,9,6,WORK,7,09:00,13:00,15:00,19:00
361,32,9,7,REST,,,,,
361,32,9,8,REST,,,,,
361,32,9,9,WORK,9,10:00,14:00,15:00,19:00
361,32,9,10,WORK,10,11:00,15:00,15:00,19:00
362,33,9,1,WORK,2,08:00,12:00,13:00,17:00
362,33,9,2,WORK,10,11:00,15:00,15:00,19:00
362,33,9,3,WORK,4,08:00,12:00,15:00,19:00
362,33,9,4,WORK,4,08:00,12:00,15:00,19:00
362,33,9,5,WORK,4,08:00,12:00,15:00,19:00
362,33,9,6,WORK,7,09:00,13:00,15:00,19:00
362,33,9,7,REST,,,,,
362,33,9,8,REST,,,,,
362,33,9,9,WORK,9,10:00,14:00,15:00,19:00
362,33,9,10,WORK,10,11:00,15:00,15:00,19:00
363,34,9,1,WORK,2,08:00,12:00,13:00,17:00
363,34,9,2,WORK,10,11:00,15:00,15:00,19:00
363,34,9,3,WORK,4,08:00,12:00,15:00,19:00
363,34,9,4,WORK,4,08:00,12:00,15:00,19:00
363,34,9,5,WORK,4,08:00,12:00,15:00,19:00
363,34,9,6,WORK,7,09:00,13:00,15:00,19:00
363,34,9,7,WORK,9,10:00,14:00,15:00,19:00
363,34,9,8,REST,,,,,
363,34,9,9,REST,,,,,
363,34,9,10,WORK,10,11:00,15:00,15:00,19:00
364,35,9,1,WORK,2,08:00,12:00,13:00,17:00
364,35,9,2,WORK,10,11:00,15:00,15:00,19:00
364,35,9,3,WORK,4,08:00,12:00,15:00,19:00
364,35,9,4,WORK,4,08:00,12:00,15:00,19:00
364,35,9,5,WORK,4,08:00,12:00,15:00,19:00
364,35,9,6,WORK,7,09:00,13:00,15:00,19:00
364,35,9,7,WORK,9,10:00,14:00,15:00,19:00
364,35,9,8,WORK,4,08:00,12:00,15:00,19:00
364,35,9,9,REST,,,,,
364,35,9,10,REST,,,,,
365,36,9,1,WORK,4,08:00,12:00,15:00,19:00
365,36,9,2,WORK,10,11:00,15:00,15:00,19:00
365,36,9,3,WORK,5,09:00,13:00,13:00,17:00
365,36,9,4,WORK,8,10:00,14:00,14:00,18:00
365,36,9,5,WORK,4,08:00,12:00,15:00,19:00
365,36,9,6,WORK,9,10:00,14:00,15:00,19:00
365,36,9,7,WORK,9,10:00,14:00,15:00,19:00
365,36,9,8,WORK,5,09:00,13:00,13:00,17:00
365,36,9,9,REST,,,,,
365,36,9,10,REST,,,,,
366,37,9,1,WORK,4,08:00,12:00,15:00,19:00
366,37,9,2,WORK,10,11:00,15:00,15:00,19:00
366,37,9,3,WORK,5,09:00,13:00,13:00,17:00
366,37,9,4,WORK,8,10:00,14:00,14:00,18:00
366,37,9,5,WORK,7,09:00,13:00,15:00,19:00
366,37,9,6,WORK,9,10:00,14:00,15:00,19:00
366,37,9,7,WORK,9,10:00,14:00,15:00,19:00
366,37,9,8,WORK,5,09:00,13:00,13:00,17:00
366,37,9,9,REST,,,,,
366,37,9,10,REST,,,,,
367,38,9,1,WORK,5,09:00,13:00,13:00,17:00
367,38,9,2,WORK,10,11:00,15:00,15:00,19:00
367,38,9,3,WORK,5,09:00,13:00,13:00,17:00
367,38,9,4,WORK,8,10:00,14:00,14:00,18:00
367,38,9,5,WORK,7,09:00,13:00,15:00,19:00
367,38,9,6,WORK,10,11:00,15:00,15:00,19:00
367,38,9,7,WORK,10,11:00,15:00,15:00,19:00
367,38,9,8,WORK,5,09:00,13:00,13:00,17:00
367,38,9,9,REST,,,,,
367,38,9,10,REST,,,,,
368,39,9,1,WORK,5,09:00,13:00,13:00,17:00
368,39,9,2,WORK,10,11:00,15:00,15:00,19:00
368,39,9,3,WORK,5,09:00,13:00,13:00,17:00
368,39,9,4,WORK,8,10:00,14:00,14:00,18:00
368,39,9,5,WORK,7,09:00,13:00,15:00,19:00
368,39,9,6,WORK,10,11:00,15:00,15:00,19:00
368,39,9,7,WORK,10,11:00,15:00,15:00,19:00
368,39,9,8,WORK,10,11:00,15:00,15:00,19:00
368,39,9,9,REST,,,,,
368,39,9,10,REST,,,,,
369,40,9,1,WORK,5,09:00,13:00,13:00,17:00
369,40,9,2,WORK,10,11:00,15:00,15:00,19:00
369,40,9,3,WORK,5,09:00,13:00,13:00,17:00
369,40,9,4,WORK,8,10:00,14:00,14:00,18:00
369,40,9,5,WORK,7,09:00,13:00,15:00,19:00
369,40,9,6,WORK,10,11:00,15:00,15:00,19:00
369,40,9,7,WORK,10,11:00,15:00,15:00,19:00
369,40,9,8,WORK,10,11:00,15:00,15:00,19:00
369,40,9,9,REST,,,,,
369,40,9,10,REST,,,,,
370,41,9,1,REST,,,,,
370,41,9,2,WORK,10,11:00,15:00,15:00,19:00
370,41,9,3,WORK,5,09:00,13:00,13:00,17:00
370,41,9,4,WORK,8,10:00,14:00,14:00,18:00
370,41,9,5,WORK,7,09:00,13:00,15:00,19:00
370,41,9,6,WORK,10,11:00,15:00,15:00,19:00
370,41,9,7,WORK,10,11:00,15:00,15:00,19:00
370,41,9,8,WORK,10,11:00,15:00,15:00,19:00
370,41,9,9,REST,,,,,
370,41,9,10,WORK,10,11:00,15:00,15:00,19:00
371,42,9,1,REST,,,,,
371,42,9,2,WORK,10,11:00,15:00,15:00,19:00
371,42,9,3,WORK,5,09:00,13:00,13:00,17:00
371,42,9,4,WORK,8,10:00,14:00,14:00,18:00
371,42,9,5,WORK,7,09:00,13:00,15:00,19:00
371,42,9,6,WORK,10,11:00,15:00,15:00,19:00
371,42,9,7,WORK,10,11:00,15:00,15:00,19:00
371,42,9,8,WORK,10,11:00,15:00,15:00,19:00
371,42,9,9,REST,,,,,
371,42,9,10,WORK,10,11:00,15:00,15:00,19:00
372,43,9,1,REST,,,,,
372,43,9,2,WORK,10,11:00,15:00,15:00,19:00
372,43,9,3,WORK,5,09:00,13:00,13:00,17:00
372,43,9,4,WORK,9,10:00,14:00,15:00,19:00
372,43,9,5,WORK,7,09:00,13:00,15:00,19:00
372,43,9,6,WORK,10,11:00,15:00,15:00,19:00
372,43,9,7,WORK,10,11:00,15:00,15:00,19:00
372,43,9,8,WORK,10,11:00,15:00,15:00,19:00
372,43,9,9,REST,,,,,
372,43,9,10,WORK,10,11:00,15:00,15:00,19:00
373,1,10,1,WORK,1,08:00,12:00,12:00,16:00
373,1,10,2,WORK,1,08:00,12:00,12:00,16:00
373,1,10,3,REST,,,,,
373,1,10,4,WORK,1,08:00,12:00,12:00,16:00
373,1,10,5,WORK,1,08:00,12:00,12:00,16:00
373,1,10,6,WORK,1,08:00,12:00,12:00,16:00
373,1,10,7,WORK,1,08:00,12:00,12:00,16:00
373,1,10,8,WORK,1,08:00,12:00,12:00,16:00
373,1,10,9,WORK,3,08:00,12:00,14:00,18:00
373,1,10,10,REST,,,,,
374,2,10,1,WORK,1,08:00,12:00,12:00,16:00
374,2,10,2,WORK,1,08:00,12:00,12:00,16:00
374,2,10,3,REST,,,,,
374,2,10,4,WORK,1,08:00,12:00,12:00,16:00
374,2,10,5,WORK,1,08:00,12:00,12:00,16:00
374,2,10,6,WORK,1,08:00,12:00,12:00,16:00
374,2,10,7,WORK,1,08:00,12:00,12:00,16:00
374,2,10,8,WORK,1,08:00,12:00,12:00,16:00
374,2,10,9,WORK,4,08:00,12:00,15:00,19:00
374,2,10,10,REST,,,,,
375,3,10,1,WORK,1,08:00,12:00,12:00,16:00
375,3,10,2,WORK,1,08:00,12:00,12:00,16:00
375,3,10,3,REST,,,,,
375,3,10,4,WORK,1,08:00,12:00,12:00,16:00
375,3,10,5,WORK,1,08:00,12:00,12:00,16:00
375,3,10,6,WORK,1,08:00,12:00,12:00,16:00
375,3,10,7,WORK,1,08:00,12:00,12:00,16:00
375,3,10,8,WORK,1,08:00,12:00,12:00,16:00
375,3,10,9,WORK,4,08:00,12:00,15:00,19:00
375,3,10,10,REST,,,,,
376,4,10,1,WORK,1,08:00,12:00,12:00,16:00
376,4,10,2,WORK,1,08:00,12:00,12:00,16:00
376,4,10,3,REST,,,,,
376,4,10,4,WORK,1,08:00,12:00,12:00,16:00
376,4,10,5,WORK,1,08:00,12:00,12:00,16:00
376,4,10,6,WORK,2,08:00,12:00,13:00,17:00
376,4,10,7,WORK,1,08:00,12:00,12:00,16:00
376,4,10,8,WORK,1,08:00,12:00,12:00,16:00
376,4,10,9,WORK,4,08:00,12:00,15:00,19:00
376,4,10,10,REST,,,,,
377,5,10,1,REST,,,,,
377,5,10,2,WORK,1,08:00,12:00,12:00,16:00
377,5,10,3,REST,,,,,
377,5,10,4,WORK,1,08:00,12:00,12:00,16:00
377,5,10,5,WORK,1,08:00,12:00,12:00,16:00
377,5,10,6,WORK,2,08:00,12:00,13:00,17:00
377,5,10,7,WORK,1,08:00,12:00,12:00,16:00
377,5,10,8,WORK,1,08:00,12:00,12:00,16:00
377,5,10,9,WORK,4,08:00,12:00,15:00,19:00
377,5,10,10,WORK,1,08:00,12:00,12:00,16:00
378,6,10,1,REST,,,,,
378,6,10,2,WORK,1,08:00,12:00,12:00,16:00
378,6,10,3,REST,,,,,
378,6,10,4,WORK,1,08:00,12:00,12:00,16:00
378,6,10,5,WORK,1,08:00,12:00,12:00,16:00
378,6,10,6,WORK,2,08:00,12:00,13:00,17:00
378,6,10,7,WORK,1,08:00,12:00,12:00,16:00
378,6,10,8,WORK,1,08:00,12:00,12:00,16:00
378,6,10,9,WORK,4,08:00,12:00,15:00,19:00
378,6,10,10,WORK,1,08:00,12:00,12:00,16:00
379,7,10,1,REST,,,,,
379,7,10,2,WORK,1,08:00,12:00,12:00,16:00
379,7,10,3,REST,,,,,
379,7,10,4,WORK,1,08:00,12:00,12:00,16:00
379,7,10,5,WORK,1,08:00,12:00,12:00,16:00
379,7,10,6,WORK,2,08:00,12:00,13:00,17:00
379,7,10,7,WORK,1,08:00,12:00,12:00,16:00
379,7,10,8,WORK,1,08:00,12:00,12:00,16:00
379,7,10,9,WORK,4,08:00,12:00,15:00,19:00
379,7,10,10,WORK,4,08:00,12:00,15:00,19:00
380,8,10,1,REST,,,,,
380,8,10,2,WORK,1,08:00,12:00,12:00,16:00
380,8,10,3,REST,,,,,
380,8,10,4,WORK,1,08:00,12:00,12:00,16:00
380,8,10,5,WORK,1,08:00,12:00,12:00,16:00
380,8,10,6,WORK,2,08:00,12:00,13:00,17:00
380,8,10,7,WORK,1,08:00,12:00,12:00,16:00
380,8,10,8,WORK,1,08:00,12:00,12:00,16:00
380,8,10,9,WORK,4,08:00,12:00,15:00,19:00
380,8,10,10,WORK,4,08:00,12:00,15:00,19:00
381,9,10,1,REST,,,,,
381,9,10,2,WORK,1,08:00,12:00,12:00,16:00
381,9,10,3,REST,,,,,
381,9,10,4,WORK,7,09:00,13:00,15:00,19:00
381,9,10,5,WORK,1,08:00,12:00,12:00,16:00
381,9,10,6,WORK,2,08:00,12:00,13:00,17:00
381,9,10,7,WORK,1,08:00,12:00,12:00,16:00
381,9,10,8,WORK,1,08:00,12:00,12:00,16:00
381,9,10,9,WORK,4,08:00,12:00,15:00,19:00
381,9,10,10,WORK,4,08:00,12:00,15:00,19:00
382,10,10,1,REST,,,,,
382,10,10,2,WORK,1,08:00,12:00,12:00,16:00
382,10,10,3,REST,,,,,
382,10,10,4,WORK,7,09:00,13:00,15:00,19:00
382,10,10,5,WORK,1,08:00,12:00,12:00,16:00
382,10,10,6,WORK,2,08:00,12:00,13:00,17:00
382,10,10,7,WORK,1,08:00,12:00,12:00,16:00
382,10,10,8,WORK,1,08:00,12:00,12:00,16:00
382,10,10,9,WORK,4,08:00,12:00,15:00,19:00
382,10,10,10,WORK,4,08:00,12:00,15:00,19:00
383,11,10,1,REST,,,,,
383,11,10,2,WORK,1,08:00,12:00,12:00,16:00
383,11,10,3,REST,,,,,
383,11,10,4,WORK,7,09:00,13:00,15:00,19:00
383,11,10,5,WORK,1,08:00,12:00,12:00,16:00
383,11,10,6,WORK,2,08:00,12:00,13:00,17:00
383,11,10,7,WORK,1,08:00,12:00,12:00,16:00
383,11,10,8,WORK,1,08:00,12:00,12:00,16:00
383,11,10,9,WORK,4,08:00,12:00,15:00,19:00
383,11,10,10,WORK,4,08:00,12:00,15:00,19:00
384,12,10,1,REST,,,,,
384,12,10,2,WORK,1,08:00,12:00,12:00,16:00
384,12,10,3,WORK,1,08:00,12:00,12:00,16:00
384,12,10,4,REST,,,,,
384,12,10,5,WORK,1,08:00,12:00,12:00,16:00
384,12,10,6,WORK,2,08:00,12:00,13:00,17:00
384,12,10,7,WORK,1,08:00,12:00,12:00,16:00
384,12,10,8,WORK,1,08:00,12:00,12:00,16:00
384,12,10,9,WORK,4,08:00,12:00,15:00,19:00
384,12,10,10,WORK,4,08:00,12:00,15:00,19:00
385,13,10,1,REST,,,,,
385,13,10,2,WORK,1,08:00,12:00,12:00,16:00
385,13,10,3,WORK,1,08:00,12:00,12:00,16:00
385,13,10,4,REST,,,,,
385,13,10,5,WORK,1,08:00,12:00,12:00,16:00
385,13,10,6,WORK,2,08:00,12:00,13:00,17:00
385,13,10,7,WORK,1,08:00,12:00,12:00,16:00
385,13,10,8,WORK,1,08:00,12:00,12:00,16:00
385,13,10,9,WORK,4,08:00,12:00,15:00,19:00
385,13,10,10,WORK,4,08:00,12:00,15:00,19:00
386,14,10,1,REST,,,,,
386,14,10,2,WORK,1,08:00,12:00,12:00,16:00
386,14,10,3,WORK,1,08:00,12:00,12:00,16:00
386,14,10,4,REST,,,,,
386,14,10,5,WORK,1,08:00,12:00,12:00,16:00
386,14,10,6,WORK,2,08:00,12:00,13:00,17:00
386,14,10,7,WORK,1,08:00,12:00,12:00,16:00
386,14,10,8,WORK,1,08:00,12:00,12:00,16:00
386,14,10,9,WORK,4,08:00,12:00,15:00,19:00
386,14,10,10,WORK,4,08:00,12:00,15:00,19:00
387,15,10,1,REST,,,,,
387,15,10,2,WORK,1,08:00,12:00,12:00,16:00
387,15,10,3,WORK,1,08:00,12:00,12:00,16:00
387,15,10,4,REST,,,,,
387,15,10,5,WORK,1,08:00,12:00,12:00,16:00
387,15,10,6,WORK,2,08:00,12:00,13:00,17:00
387,15,10,7,WORK,1,08:00,12:00,12:00,16:00
387,15,10,8,WORK,1,08:00,12:00,12:00,16:00
387,15,10,9,WORK,4,08:00,12:00,15:00,19:00
387,15,10,10,WORK,7,09:00,13:00,15:00,19:00
388,16,10,1,REST,,,,,
388,16,10,2,WORK,1,08:00,12:00,12:00,16:00
388,16,10,3,WORK,1,08:00,12:00,12:00,16:00
388,16,10,4,REST,,,,,
388,16,10,5,WORK,4,08:00,12:00,15:00,19:00
388,16,10,6,WORK,2,08:00,12:00,13:00,17:00
388,16,10,7,WORK,1,08:00,12:00,12:00,16:00
388,16,10,8,WORK,1,08:00,12:00,12:00,16:00
388,16,10,9,WORK,4,08:00,12:00,15:00,19:00
388,16,10,10,WORK,7,09:00,13:00,15:00,19:00
389,17,10,1,REST,,,,,
389,17,10,2,WORK,1,08:00,12:00,12:00,16:00
389,17,10,3,WORK,1,08:00,12:00,12:00,16:00
389,17,10,4,REST,,,,,
389,17,10,5,WORK,4,08:00,12:00,15:00,19:00
389,17,10,6,WORK,4,08:00,12:00,15:00,19:00
389,17,10,7,WORK,1,08:00,12:00,12:00,16:00
389,17,10,8,WORK,1,08:00,12:00,12:00,16:00
389,17,10,9,WORK,4,08:00,12:00,15:00,19:00
389,17,10,10,WORK,7,09:00,13:00,15:00,19:00
390,18,10,1,REST,,,,,
390,18,10,2,WORK,1,08:00,12:00,12:00,16:00
390,18,10,3,WORK,1,08:00,12:00,12:00,16:00
390,18,10,4,REST,,,,,
390,18,10,5,WORK,4,08:00,12:00,15:00,19:00
390,18,10,6,WORK,4,08:00,12:00,15:00,19:00
390,18,10,7,WORK,3,08:00,12:00,14:00,18:00
390,18,10,8,WORK,1,08:00,12:00,12:00,16:00
390,18,10,9,WORK,4,08:00,12:00,15:00,19:00
390,18,10,10,WORK,10,11:00,15:00,15:00,19:00
391,19,10,1,WORK,1,08:00,12:00,12:00,16:00
391,19,10,2,WORK,1,08:00,12:00,12:00,16:00
391,19,10,3,WORK,2,08:00,12:00,13:00,17:00
391,19,10,4,REST,,,,,
391,19,10,5,WORK,4,08:00,12:00,15:00,19:00
391,19,10,6,REST,,,,,
391,19,10,7,WORK,4,08:00,12:00,15:00,19:00
391,19,10,8,WORK,1,08:00,12:00,12:00,16:00
391,19,10,9,WORK,4,08:00,12:00,15:00,19:00
391,19,10,10,WORK,10,11:00,15:00,15:00,19:00
392,20,10,1,WORK,1,08:00,12:00,12:00,16:00
392,20,10,2,WORK,1,08:00,12:00,12:00,16:00
392,20,10,3,WORK,2,08:00,12:00,13:00,17:00
392,20,10,4,REST,,,,,
392,20,10,5,WORK,4,08:00,12:00,15:00,19:00
392,20,10,6,REST,,,,,
392,20,10,7,WORK,4,08:00,12:00,15:00,19:00
392,20,10,8,WORK,4,08:00,12:00,15:00,19:00
392,20,10,9,WORK,4,08:00,12:00,15:00,19:00
392,20,10,10,WORK,10,11:00,15:00,15:00,19:00
393,21,10,1,WORK,1,08:00,12:00,12:00,16:00
393,21,10,2,WORK,1,08:00,12:00,12:00,16:00
393,21,10,3,WORK,2,08:00,12:00,13:00,17:00
393,21,10,4,REST,,,,,
393,21,10,5,WORK,4,08:00,12:00,15:00,19:00
393,21,10,6,REST,,,,,
393,21,10,7,WORK,4,08:00,12:00,15:00,19:00
393,21,10,8,WORK,4,08:00,12:00,15:00,19:00
393,21,10,9,WORK,4,08:00,12:00,15:00,19:00
393,21,10,10,WORK,10,11:00,15:00,15:00,19:00
394,22,10,1,WORK,1,08:00,12:00,12:00,16:00
394,22,10,2,WORK,1,08:00,12:00,12:00,16:00
394,22,10,3,WORK,2,08:00,12:00,13:00,17:00
394,22,10,4,REST,,,,,
394,22,10,5,WORK,4,08:00,12:00,15:00,19:00
394,22,10,6,REST,,,,,
394,22,10,7,WORK,4,08:00,12:00,15:00,19:00
394,22,10,8,WORK,4,08:00,12:00,15:00,19:00
394,22,10,9,WORK,4,08:00,12:00,15:00,19:00
394,22,10,10,WORK,10,11:00,15:00,15:00,19:00
395,23,10,1,WORK,1,08:00,12:00,12:00,16:00
395,23,10,2,WORK,1,08:00,12:00,12:00,16:00
395,23,10,3,WORK,2,08:00,12:00,13:00,17:00
395,23,10,4,REST,,,,,
395,23,10,5,WORK,4,08:00,12:00,15:00,19:00
395,23,10,6,REST,,,,,
395,23,10,7,WORK,4,08:00,12:00,15:00,19:00
395,23,10,8,WORK,4,08:00,12:00,15:00,19:00
395,23,10,9,WORK,4,08:00,12:00,15:00,19:00
395,23,10,10,WORK,10,11:00,15:00,15:00,19:00
396,24,10,1,WORK,3,08:00,12:00,14:00,18:00
396,24,10,2,WORK,1,08:00,12:00,12:00,16:00
396,24,10,3,WORK,2,08:00,12:00,13:00,17:00
396,24,10,4,REST,,,,,
396,24,10,5,WORK,4,08:00,12:00,15:00,19:00
396,24,10,6,REST,,,,,
396,24,10,7,WORK,4,08:00,12:00,15:00,19:00
396,24,10,8,WORK,4,08:00,12:00,15:00,19:00
396,24,10,9,WORK,6,09:00,13:00,14:00,18:00
396,24,10,10,WORK,10,11:00,15:00,15:00,19:00
397,25,10,1,WORK,3,08:00,12:00,14:00,18:00
397,25,10,2,WORK,2,08:00,12:00,13:00,17:00
397,25,10,3,WORK,2,08:00,12:00,13:00,17:00
397,25,10,4,REST,,,,,
397,25,10,5,WORK,4,08:00,12:00,15:00,19:00
397,25,10,6,REST,,,,,
397,25,10,7,WORK,4,08:00,12:00,15:00,19:00
397,25,10,8,WORK,4,08:00,12:00,15:00,19:00
397,25,10,9,WORK,6,09:00,13:00,14:00,18:00
397,25,10,10,WORK,10,11:00,15:00,15:00,19:00
398,26,10,1,WORK,3,08:00,12:00,14:00,18:00
398,26,10,2,WORK,2,08:00,12:00,13:00,17:00
398,26,10,3,WORK,2,08:00,12:00,13:00,17:00
398,26,10,4,REST,,,,,
398,26,10,5,WORK,4,08:00,12:00,15:00,19:00
398,26,10,6,REST,,,,,
398,26,10,7,WORK,4,08:00,12:00,15:00,19:00
398,26,10,8,WORK,4,08:00,12:00,15:00,19:00
398,26,10,9,WORK,6,09:00,13:00,14:00,18:00
398,26,10,10,WORK,10,11:00,15:00,15:00,19:00
399,27,10,1,WORK,3,08:00,12:00,14:00,18:00
399,27,10,2,WORK,2,08:00,12:00,13:00,17:00
399,27,10,3,WORK,2,08:00,12:00,13:00,17:00
399,27,10,4,WORK,10,11:00,15:00,15:00,19:00
399,27,10,5,WORK,4,08:00,12:00,15:00,19:00
399,27,10,6,REST,,,,,
399,27,10,7,WORK,4,08:00,12:00,15:00,19:00
399,27,10,8,WORK,4,08:00,12:00,15:00,19:00
399,27,10,9,REST,,,,,
399,27,10,10,WORK,10,11:00,15:00,15:00,19:00
400,28,10,1,WORK,3,08:00,12:00,14:00,18:00
400,28,10,2,WORK,2,08:00,12:00,13:00,17:00
400,28,10,3,WORK,2,08:00,12:00,13:00,17:00
400,28,10,4,WORK,10,11:00,15:00,15:00,19:00
400,28,10,5,WORK,4,08:00,12:00,15:00,19:00
400,28,10,6,REST,,,,,
400,28,10,7,WORK,4,08:00,12:00,15:00,19:00
400,28,10,8,WORK,4,08:00,12:00,15:00,19:00
400,28,10,9,REST,,,,,
400,28,10,10,WORK,10,11:00,15:00,15:00,19:00
401,29,10,1,WORK,3,08:00,12:00,14:00,18:00
401,29,10,2,WORK,2,08:00,12:00,13:00,17:00
401,29,10,3,WORK,2,08:00,12:00,13:00,17:00
401,29,10,4,WORK,10,11:00,15:00,15:00,19:00
401,29,10,5,WORK,4,08:00,12:00,15:00,19:00
401,29,10,6,REST,,,,,
401,29,10,7,WORK,4,08:00,12:00,15:00,19:00
401,29,10,8,WORK,4,08:00,12:00,15:00,19:00
401,29,10,9,REST,,,,,
401,29,10,10,WORK,10,11:00,15:00,15:00,19:00
402,30,10,1,WORK,3,08:00,12:00,14:00,18:00
402,30,10,2,WORK,2,08:00,12:00,13:00,17:00
402,30,10,3,WORK,2,08:00,12:00,13:00,17:00
402,30,10,4,WORK,10,11:00,15:00,15:00,19:00
402,30,10,5,WORK,4,08:00,12:00,15:00,19:00
402,30,10,6,REST,,,,,
402,30,10,7,WORK,4,08:00,12:00,15:00,19:00
402,30,10,8,WORK,4,08:00,12:00,15:00,19:00
402,30,10,9,REST,,,,,
402,30,10,10,WORK,10,11:00,15:00,15:00,19:00
403,31,10,1,WORK,3,08:00,12:00,14:00,18:00
403,31,10,2,WORK,2,08:00,12:00,13:00,17:00
403,31,10,3,WORK,2,08:00,12:00,13:00,17:00
403,31,10,4,WORK,10,11:00,15:00,15:00,19:00
403,31,10,5,WORK,4,08:00,12:00,15:00,19:00
403,31,10,6,REST,,,,,
403,31,10,7,WORK,4,08:00,12:00,15:00,19:00
403,31,10,8,WORK,4,08:00,12:00,15:00,19:00
403,31,10,9,REST,,,,,
403,31,10,10,WORK,10,11:00,15:00,15:00,19:00
404,32,10,1,WORK,3,08:00,12:00,14:00,18:00
404,32,10,2,WORK,2,08:00,12:00,13:00,17:00
404,32,10,3,WORK,4,08:00,12:00,15:00,19:00
404,32,10,4,WORK,10,11:00,15:00,15:00,19:00
404,32,10,5,WORK,10,11:00,15:00,15:00,19:00
404,32,10,6,REST,,,,,
404,32,10,7,WORK,4,08:00,12:00,15:00,19:00
404,32,10,8,WORK,4,08:00,12:00,15:00,19:00
404,32,10,9,REST,,,,,
404,32,10,10,WORK,10,11:00,15:00,15:00,19:00
405,33,10,1,WORK,4,08:00,12:00,15:00,19:00
405,33,10,2,WORK,3,08:00,12:00,14:00,18:00
405,33,10,3,WORK,4,08:00,12:00,15:00,19:00
405,33,10,4,WORK,10,11:00,15:00,15:00,19:00
405,33,10,5,WORK,10,11:00,15:00,15:00,19:00
405,33,10,6,REST,,,,,
405,33,10,7,WORK,4,08:00,12:00,15:00,19:00
405,33,10,8,WORK,4,08:00,12:00,15:00,19:00
405,33,10,9,REST,,,,,
405,33,10,10,WORK,10,11:00,15:00,15:00,19:00
406,34,10,1,WORK,4,08:00,12:00,15:00,19:00
406,34,10,2,WORK,3,08:00,12:00,14:00,18:00
406,34,10,3,WORK,4,08:00,12:00,15:00,19:00
406,34,10,4,WORK,10,11:00,15:00,15:00,19:00
406,34,10,5,WORK,10,11:00,15:00,15:00,19:00
406,34,10,6,WORK,4,08:00,12:00,15:00,19:00
406,34,10,7,WORK,4,08:00,12:00,15:00,19:00
406,34,10,8,WORK,4,08:00,12:00,15:00,19:00
406,34,10,9,REST,,,,,
406,34,10,10,REST,,,,,
407,35,10,1,WORK,8,10:00,14:00,14:00,18:00
407,35,10,2,WORK,3,08:00,12:00,14:00,18:00
407,35,10,3,WORK,4,08:00,12:00,15:00,19:00
407,35,10,4,WORK,10,11:00,15:00,15:00,19:00
407,35,10,5,WORK,10,11:00,15:00,15:00,19:00
407,35,10,6,WORK,4,08:00,12:00,15:00,19:00
407,35,10,7,WORK,4,08:00,12:00,15:00,19:00
407,35,10,8,WORK,4,08:00,12:00,15:00,19:00
407,35,10,9,REST,,,,,
407,35,10,10,REST,,,,,
408,36,10,1,WORK,8,10:00,14:00,14:00,18:00
408,36,10,2,WORK,4,08:00,12:00,15:00,19:00
408,36,10,3,WORK,4,08:00,12:00,15:00,19:00
408,36,10,4,WORK,10,11:00,15:00,15:00,19:00
408,36,10,5,WORK,10,11:00,15:00,15:00,19:00
408,36,10,6,WORK,4,08:00,12:00,15:00,19:00
408,36,10,7,WORK,8,10:00,14:00,14:00,18:00
408,36,10,8,WORK,4,08:00,12:00,15:00,19:00
408,36,10,9,REST,,,,,
408,36,10,10,REST,,,,,
409,37,10,1,WORK,8,10:00,14:00,14:00,18:00
409,37,10,2,WORK,4,08:00,12:00,15:00,19:00
409,37,10,3,WORK,4,08:00,12:00,15:00,19:00
409,37,10,4,WORK,10,11:00,15:00,15:00,19:00
409,37,10,5,WORK,10,11:00,15:00,15:00,19:00
409,37,10,6,WORK,4,08:00,12:00,15:00,19:00
409,37,10,7,WORK,8,10:00,14:00,14:00,18:00
409,37,10,8,WORK,4,08:00,12:00,15:00,19:00
409,37,10,9,REST,,,,,
409,37,10,10,REST,,,,,
410,38,10,1,WORK,8,10:00,14:00,14:00,18:00
410,38,10,2,WORK,4,08:00,12:00,15:00,19:00
410,38,10,3,WORK,4,08:00,12:00,15:00,19:00
410,38,10,4,WORK,10,11:00,15:00,15:00,19:00
410,38,10,5,WORK,10,11:00,15:00,15:00,19:00
410,38,10,6,WORK,4,08:00,12:00,15:00,19:00
410,38,10,7,WORK,8,10:00,14:00,14:00,18:00
410,38,10,8,WORK,4,08:00,12:00,15:00,19:00
410,38,10,9,REST,,,,,
410,38,10,10,REST,,,,,
411,39,10,1,WORK,8,10:00,14:00,14:00,18:00
411,39,10,2,WORK,4,08:00,12:00,15:00,19:00
411,39,10,3,WORK,4,08:00,12:00,15:00,19:00
411,39,10,4,WORK,10,11:00,15:00,15:00,19:00
411,39,10,5,WORK,10,11:00,15:00,15:00,19:00
411,39,10,6,WORK,5,09:00,13:00,13:00,17:00
411,39,10,7,WORK,8,10:00,14:00,14:00,18:00
411,39,10,8,WORK,7,09:00,13:00,15:00,19:00
411,39,10,9,REST,,,,,
411,39,10,10,REST,,,,,
412,40,10,1,WORK,8,10:00,14:00,14:00,18:00
412,40,10,2,WORK,4,08:00,12:00,15:00,19:00
412,40,10,3,WORK,5,09:00,13:00,13:00,17:00
412,40,10,4,WORK,10,11:00,15:00,15:00,19:00
412,40,10,5,WORK,10,11:00,15:00,15:00,19:00
412,40,10,6,WORK,10,11:00,15:00,15:00,19:00
412,40,10,7,WORK,8,10:00,14:00,14:00,18:00
412,40,10,8,WORK,7,09:00,13:00,15:00,19:00
412,40,10,9,REST,,,,,
412,40,10,10,REST,,,,,
413,41,10,1,WORK,8,10:00,14:00,14:00,18:00
413,41,10,2,WORK,4,08:00,12:00,15:00,19:00
413,41,10,3,WORK,5,09:00,13:00,13:00,17:00
413,41,10,4,WORK,10,11:00,15:00,15:00,19:00
413,41,10,5,WORK,10,11:00,15:00,15:00,19:00
413,41,10,6,WORK,10,11:00,15:00,15:00,19:00
413,41,10,7,WORK,8,10:00,14:00,14:00,18:00
413,41,10,8,WORK,7,09:00,13:00,15:00,19:00
413,41,10,9,REST,,,,,
413,41,10,10,REST,,,,,
414,42,10,1,REST,,,,,
414,42,10,2,WORK,4,08:00,12:00,15:00,19:00
414,42,10,3,WORK,5,09:00,13:00,13:00,17:00
414,42,10,4,WORK,10,11:00,15:00,15:00,19:00
414,42,10,5,WORK,10,11:00,15:00,15:00,19:00
414,42,10,6,WORK,10,11:00,15:00,15:00,19:00
414,42,10,7,WORK,8,10:00,14:00,14:00,18:00
414,42,10,8,WORK,8,10:00,14:00,14:00,18:00
414,42,10,9,WORK,6,09:00,13:00,14:00,18:00
414,42,10,10,REST,,,,,
415,43,10,1,REST,,,,,
415,43,10,2,WORK,4,08:00,12:00,15:00,19:00
415,43,10,3,WORK,9,10:00,14:00,15:00,19:00
415,43,10,4,WORK,10,11:00,15:00,15:00,19:00
415,43,10,5,WORK,10,11:00,15:00,15:00,19:00
415,43,10,6,WORK,10,11:00,15:00,15:00,19:00
415,43,10,7,WORK,8,10:00,14:00,14:00,18:00
415,43,10,8,WORK,8,10:00,14:00,14:00,18:00
415,43,10,9,WORK,8,10:00,14:00,14:00,18:00
415,43,10,10,REST,,,,,
416,44,10,1,REST,,,,,
416,44,10,2,WORK,4,08:00,12:00,15:00,19:00
416,44,10,3,WORK,9,10:00,14:00,15:00,19:00
416,44,10,4,WORK,10,11:00,15:00,15:00,19:00
416,44,10,5,WORK,10,11:00,15:00,15:00,19:00
416,44,10,6,WORK,10,11:00,15:00,15:00,19:00
416,44,10,7,WORK,8,10:00,14:00,14:00,18:00
416,44,10,8,WORK,9,10:00,14:00,15:00,19:00
416,44,10,9,WORK,8,10:00,14:00,14:00,18:00
416,44,10,10,REST,,,,,
417,45,10,1,REST,,,,,
417,45,10,2,WORK,4,08:00,12:00,15:00,19:00
417,45,10,3,WORK,9,10:00,14:00,15:00,19:00
417,45,10,4,WORK,10,11:00,15:00,15:00,19:00
417,45,10,5,WORK,10,11:00,15:00,15:00,19:00
417,45,10,6,WORK,10,11:00,15:00,15:00,19:00
417,45,10,7,WORK,8,10:00,14:00,14:00,18:00
417,45,10,8,WORK,9,10:00,14:00,15:00,19:00
417,45,10,9,WORK,8,10:00,14:00,14:00,18:00
417,45,10,10,REST,,,,,
