employee,day,status,group,shift,first_start,first_end,second_start,second_end
1,1,WORK,1,1,08:00,12:00,12:00,16:00
1,2,REST,,,,,,
1,3,WORK,1,1,08:00,12:00,12:00,16:00
1,4,WORK,1,1,08:00,12:00,12:00,16:00
1,5,WORK,1,1,08:00,12:00,12:00,16:00
1,6,WORK,1,1,08:00,12:00,12:00,16:00
1,7,WORK,1,1,08:00,12:00,12:00,16:00
1,8,WORK,1,1,08:00,12:00,12:00,16:00
1,9,WORK,1,1,08:00,12:00,12:00,16:00
1,10,REST,,,,,,
2,1,WORK,1,1,08:00,12:00,12:00,16:00
2,2,REST,,,,,,
2,3,WORK,1,1,08:00,12:00,12:00,16:00
2,4,WORK,1,1,08:00,12:00,12:00,16:00
2,5,WORK,1,1,08:00,12:00,12:00,16:00
2,6,WORK,1,2,08:00,12:00,13:00,17:00
2,7,WORK,1,1,08:00,12:00,12:00,16:00
2,8,WORK,1,1,08:00,12:00,12:00,16:00
2,9,WORK,1,1,08:00,12:00,12:00,16:00
2,10,REST,,,,,,
3,1,WORK,1,1,08:00,12:00,12:00,16:00
3,2,REST,,,,,,
3,3,WORK,1,1,08:00,12:00,12:00,16:00
3,4,WORK,1,1,08:00,12:00,12:00,16:00
3,5,WORK,1,1,08:00,12:00,12:00,16:00
3,6,WORK,1,2,08:00,12:00,13:00,17:00
3,7,WORK,1,1,08:00,12:00,12:00,16:00
3,8,WORK,1,2,08:00,12:00,13:00,17:00
3,9,WORK,1,1,08:00,12:00,12:00,16:00
3,10,REST,,,,,,
4,1,WORK,1,1,08:00,12:00,12:00,16:00
4,2,REST,,,,,,
4,3,WORK,1,1,08:00,12:00,12:00,16:00
4,4,WORK,1,1,08:00,12:00,12:00,16:00
4,5,WORK,1,1,08:00,12:00,12:00,16:00
4,6,WORK,1,2,08:00,12:00,13:00,17:00
4,7,WORK,1,1,08:00,12:00,12:00,16:00
4,8,WORK,1,2,08:00,12:00,13:00,17:00
4,9,WORK,1,1,08:00,12:00,12:00,16:00
4,10,REST,,,,,,
5,1,WORK,1,1,08:00,12:00,12:00,16:00
5,2,REST,,,,,,
5,3,WORK,1,1,08:00,12:00,12:00,16:00
5,4,WORK,1,1,08:00,12:00,12:00,16:00
5,5,WORK,1,2,08:00,12:00,13:00,17:00
5,6,WORK,1,2,08:00,12:00,13:00,17:00
5,7,WORK,1,1,08:00,12:00,12:00,16:00
5,8,WORK,1,2,08:00,12:00,13:00,17:00
5,9,WORK,1,1,08:00,12:00,12:00,16:00
5,10,REST,,,,,,
6,1,WORK,1,2,08:00,12:00,13:00,17:00
6,2,REST,,,,,,
6,3,WORK,1,1,08:00,12:00,12:00,16:00
6,4,WORK,1,1,08:00,12:00,12:00,16:00
6,5,WORK,1,2,08:00,12:00,13:00,17:00
6,6,WORK,1,3,08:00,12:00,14:00,18:00
6,7,WORK,1,1,08:00,12:00,12:00,16:00
6,8,WORK,1,4,08:00,12:00,15:00,19:00
6,9,WORK,1,1,08:00,12:00,12:00,16:00
6,10,REST,,,,,,
7,1,WORK,1,2,08:00,12:00,13:00,17:00
7,2,REST,,,,,,
7,3,WORK,1,1,08:00,12:00,12:00,16:00
7,4,WORK,1,1,08:00,12:00,12:00,16:00
7,5,WORK,1,2,08:00,12:00,13:00,17:00
7,6,WORK,1,3,08:00,12:00,14:00,18:00
7,7,WORK,1,1,08:00,12:00,12:00,16:00
7,8,WORK,1,4,08:00,12:00,15:00,19:00
7,9,WORK,1,1,08:00,12:00,12:00,16:00
7,10,REST,,,,,,
8,1,WORK,1,2,08:00,12:00,13:00,17:00
8,2,REST,,,,,,
8,3,WORK,1,1,08:00,12:00,12:00,16:00
8,4,WORK,1,1,08:00,12:00,12:00,16:00
8,5,WORK,1,2,08:00,12:00,13:00,17:00
8,6,WORK,1,3,08:00,12:00,14:00,18:00
8,7,WORK,1,1,08:00,12:00,12:00,16:00
8,8,WORK,1,4,08:00,12:00,15:00,19:00
8,9,WORK,1,1,08:00,12:00,12:00,16:00
8,10,REST,,,,,,
9,1,WORK,1,2,08:00,12:00,13:00,17:00
9,2,REST,,,,,,
9,3,WORK,1,1,08:00,12:00,12:00,16:00
9,4,WORK,1,1,08:00,12:00,12:00,16:00
9,5,WORK,1,2,08:00,12:00,13:00,17:00
9,6,WORK,1,3,08:00,12:00,14:00,18:00
9,7,WORK,1,1,08:00,12:00,12:00,16:00
9,8,WORK,1,4,08:00,12:00,15:00,19:00
9,9,WORK,1,1,08:00,12:00,12:00,16:00
9,10,REST,,,,,,
10,1,WORK,1,2,08:00,12:00,13:00,17:00
10,2,REST,,,,,,
10,3,WORK,1,1,08:00,12:00,12:00,16:00
10,4,WORK,1,1,08:00,12:00,12:00,16:00
10,5,WORK,1,2,08:00,12:00,13:00,17:00
10,6,WORK,1,4,08:00,12:00,15:00,19:00
10,7,WORK,1,2,08:00,12:00,13:00,17:00
10,8,WORK,1,4,08:00,12:00,15:00,19:00
10,9,WORK,1,1,08:00,12:00,12:00,16:00
10,10,REST,,,,,,
11,1,WORK,1,2,08:00,12:00,13:00,17:00
11,2,REST,,,,,,
11,3,WORK,1,1,08:00,12:00,12:00,16:00
11,4,WORK,1,1,08:00,12:00,12:00,16:00
11,5,WORK,1,2,08:00,12:00,13:00,17:00
11,6,WORK,1,4,08:00,12:00,15:00,19:00
11,7,WORK,1,3,08:00,12:00,14:00,18:00
11,8,WORK,1,4,08:00,12:00,15:00,19:00
11,9,WORK,1,1,08:00,12:00,12:00,16:00
11,10,REST,,,,,,
12,1,WORK,1,4,08:00,12:00,15:00,19:00
12,2,REST,,,,,,
12,3,WORK,1,4,08:00,12:00,15:00,19:00
12,4,WORK,1,1,08:00,12:00,12:00,16:00
12,5,WORK,1,3,08:00,12:00,14:00,18:00
12,6,WORK,1,5,09:00,13:00,13:00,17:00
12,7,WORK,1,3,08:00,12:00,14:00,18:00
12,8,WORK,1,4,08:00,12:00,15:00,19:00
12,9,WORK,1,1,08:00,12:00,12:00,16:00
12,10,REST,,,,,,
13,1,WORK,1,4,08:00,12:00,15:00,19:00
13,2,REST,,,,,,
13,3,WORK,1,4,08:00,12:00,15:00,19:00
13,4,WORK,1,1,08:00,12:00,12:00,16:00
13,5,WORK,1,3,08:00,12:00,14:00,18:00
13,6,WORK,1,5,09:00,13:00,13:00,17:00
13,7,WORK,1,3,08:00,12:00,14:00,18:00
13,8,WORK,1,4,08:00,12:00,15:00,19:00
13,9,WORK,1,4,08:00,12:00,15:00,19:00
13,10,REST,,,,,,
14,1,WORK,1,4,08:00,12:00,15:00,19:00
14,2,REST,,,,,,
14,3,WORK,1,4,08:00,12:00,15:00,19:00
14,4,WORK,1,1,08:00,12:00,12:00,16:00
14,5,WORK,1,3,08:00,12:00,14:00,18:00
14,6,WORK,1,5,09:00,13:00,13:00,17:00
14,7,WORK,1,3,08:00,12:00,14:00,18:00
14,8,WORK,1,4,08:00,12:00,15:00,19:00
14,9,WORK,1,4,08:00,12:00,15:00,19:00
14,10,REST,,,,,,
15,1,WORK,1,5,09:00,13:00,13:00,17:00
15,2,REST,,,,,,
15,3,WORK,1,4,08:00,12:00,15:00,19:00
15,4,WORK,1,1,08:00,12:00,12:00,16:00
15,5,WORK,1,3,08:00,12:00,14:00,18:00
15,6,WORK,1,5,09:00,13:00,13:00,17:00
15,7,WORK,1,3,08:00,12:00,14:00,18:00
15,8,WORK,1,9,10:00,14:00,15:00,19:00
15,9,WORK,1,4,08:00,12:00,15:00,19:00
15,10,REST,,,,,,
16,1,WORK,1,5,09:00,13:00,13:00,17:00
16,2,REST,,,,,,
16,3,WORK,1,4,08:00,12:00,15:00,19:00
16,4,WORK,1,4,08:00,12:00,15:00,19:00
16,5,WORK,1,3,08:00,12:00,14:00,18:00
16,6,WORK,1,5,09:00,13:00,13:00,17:00
16,7,WORK,1,4,08:00,12:00,15:00,19:00
16,8,WORK,1,9,10:00,14:00,15:00,19:00
16,9,WORK,1,4,08:00,12:00,15:00,19:00
16,10,REST,,,,,,
17,1,WORK,1,5,09:00,13:00,13:00,17:00
17,2,REST,,,,,,
17,3,WORK,1,4,08:00,12:00,15:00,19:00
17,4,WORK,1,4,08:00,12:00,15:00,19:00
17,5,WORK,1,3,08:00,12:00,14:00,18:00
17,6,WORK,1,5,09:00,13:00,13:00,17:00
17,7,WORK,1,4,08:00,12:00,15:00,19:00
17,8,WORK,1,9,10:00,14:00,15:00,19:00
17,9,WORK,1,4,08:00,12:00,15:00,19:00
17,10,REST,,,,,,
18,1,WORK,1,10,11:00,15:00,15:00,19:00
18,2,REST,,,,,,
18,3,WORK,1,7,09:00,13:00,15:00,19:00
18,4,WORK,1,4,08:00,12:00,15:00,19:00
18,5,WORK,1,3,08:00,12:00,14:00,18:00
18,6,WORK,1,5,09:00,13:00,13:00,17:00
18,7,WORK,1,4,08:00,12:00,15:00,19:00
18,8,WORK,1,10,11:00,15:00,15:00,19:00
18,9,WORK,1,4,08:00,12:00,15:00,19:00
18,10,REST,,,,,,
19,1,WORK,2,1,08:00,12:00,12:00,16:00
19,2,REST,,,,,,
19,3,WORK,1,7,09:00,13:00,15:00,19:00
19,4,WORK,1,4,08:00,12:00,15:00,19:00
19,5,WORK,1,3,08:00,12:00,14:00,18:00
19,6,WORK,1,5,09:00,13:00,13:00,17:00
19,7,WORK,1,4,08:00,12:00,15:00,19:00
19,8,WORK,1,10,11:00,15:00,15:00,19:00
19,9,WORK,1,4,08:00,12:00,15:00,19:00
19,10,REST,,,,,,
20,1,WORK,2,1,08:00,12:00,12:00,16:00
20,2,REST,,,,,,
20,3,WORK,1,7,09:00,13:00,15:00,19:00
20,4,WORK,1,4,08:00,12:00,15:00,19:00
20,5,WORK,1,3,08:00,12:00,14:00,18:00
20,6,WORK,1,5,09:00,13:00,13:00,17:00
20,7,WORK,1,4,08:00,12:00,15:00,19:00
20,8,WORK,1,10,11:00,15:00,15:00,19:00
20,9,WORK,1,4,08:00,12:00,15:00,19:00
20,10,REST,,,,,,
21,1,WORK,2,1,08:00,12:00,12:00,16:00
21,2,REST,,,,,,
21,3,WORK,1,7,09:00,13:00,15:00,19:00
21,4,WORK,1,4,08:00,12:00,15:00,19:00
21,5,WORK,1,3,08:00,12:00,14:00,18:00
21,6,WORK,1,5,09:00,13:00,13:00,17:00
21,7,WORK,1,4,08:00,12:00,15:00,19:00
21,8,WORK,1,10,11:00,15:00,15:00,19:00
21,9,WORK,1,9,10:00,14:00,15:00,19:00
21,10,REST,,,,,,
22,1,WORK,2,1,08:00,12:00,12:00,16:00
22,2,REST,,,,,,
22,3,WORK,1,7,09:00,13:00,15:00,19:00
22,4,WORK,1,4,08:00,12:00,15:00,19:00
22,5,WORK,1,3,08:00,12:00,14:00,18:00
22,6,WORK,1,5,09:00,13:00,13:00,17:00
22,7,WORK,1,4,08:00,12:00,15:00,19:00
22,8,WORK,1,10,11:00,15:00,15:00,19:00
22,9,WORK,1,9,10:00,14:00,15:00,19:00
22,10,REST,,,,,,
23,1,WORK,2,2,08:00,12:00,13:00,17:00
23,2,REST,,,,,,
23,3,WORK,1,7,09:00,13:00,15:00,19:00
23,4,WORK,1,4,08:00,12:00,15:00,19:00
23,5,WORK,1,3,08:00,12:00,14:00,18:00
23,6,WORK,1,5,09:00,13:00,13:00,17:00
23,7,WORK,1,4,08:00,12:00,15:00,19:00
23,8,WORK,1,10,11:00,15:00,15:00,19:00
23,9,WORK,1,10,11:00,15:00,15:00,19:00
23,10,REST,,,,,,
24,1,WORK,2,2,08:00,12:00,13:00,17:00
24,2,REST,,,,,,
24,3,WORK,1,7,09:00,13:00,15:00,19:00
24,4,WORK,1,4,08:00,12:00,15:00,19:00
24,5,WORK,1,3,08:00,12:00,14:00,18:00
24,6,WORK,1,5,09:00,13:00,13:00,17:00
24,7,WORK,1,4,08:00,12:00,15:00,19:00
24,8,WORK,1,10,11:00,15:00,15:00,19:00
24,9,WORK,1,10,11:00,15:00,15:00,19:00
24,10,REST,,,,,,
25,1,WORK,2,4,08:00,12:00,15:00,19:00
25,2,REST,,,,,,
25,3,WORK,1,7,09:00,13:00,15:00,19:00
25,4,WORK,1,4,08:00,12:00,15:00,19:00
25,5,WORK,1,3,08:00,12:00,14:00,18:00
25,6,WORK,1,5,09:00,13:00,13:00,17:00
25,7,WORK,1,4,08:00,12:00,15:00,19:00
25,8,WORK,1,10,11:00,15:00,15:00,19:00
25,9,WORK,1,10,11:00,15:00,15:00,19:00
25,10,REST,,,,,,
26,1,WORK,2,4,08:00,12:00,15:00,19:00
26,2,REST,,,,,,
26,3,WORK,1,7,09:00,13:00,15:00,19:00
26,4,WORK,1,4,08:00,12:00,15:00,19:00
26,5,WORK,1,4,08:00,12:00,15:00,19:00
26,6,WORK,1,5,09:00,13:00,13:00,17:00
26,7,WORK,1,4,08:00,12:00,15:00,19:00
26,8,WORK,1,10,11:00,15:00,15:00,19:00
26,9,WORK,1,10,11:00,15:00,15:00,19:00
26,10,REST,,,,,,
27,1,WORK,2,4,08:00,12:00,15:00,19:00
27,2,REST,,,,,,
27,3,WORK,1,7,09:00,13:00,15:00,19:00
27,4,WORK,1,4,08:00,12:00,15:00,19:00
27,5,WORK,1,5,09:00,13:00,13:00,17:00
27,6,WORK,1,5,09:00,13:00,13:00,17:00
27,7,WORK,1,10,11:00,15:00,15:00,19:00
27,8,WORK,1,10,11:00,15:00,15:00,19:00
27,9,WORK,1,10,11:00,15:00,15:00,19:00
27,10,REST,,,,,,
28,1,WORK,2,4,08:00,12:00,15:00,19:00
28,2,REST,,,,,,
28,3,WORK,1,7,09:00,13:00,15:00,19:00
28,4,WORK,1,4,08:00,12:00,15:00,19:00
28,5,WORK,1,5,09:00,13:00,13:00,17:00
28,6,WORK,1,5,09:00,13:00,13:00,17:00
28,7,WORK,1,10,11:00,15:00,15:00,19:00
28,8,WORK,1,10,11:00,15:00,15:00,19:00
28,9,WORK,1,10,11:00,15:00,15:00,19:00
28,10,REST,,,,,,
29,1,REST,,,,,,
29,2,REST,,,,,,
29,3,WORK,1,7,09:00,13:00,15:00,19:00
29,4,WORK,1,4,08:00,12:00,15:00,19:00
29,5,WORK,1,5,09:00,13:00,13:00,17:00
29,6,WORK,1,5,09:00,13:00,13:00,17:00
29,7,WORK,1,10,11:00,15:00,15:00,19:00
29,8,WORK,2,1,08:00,12:00,12:00,16:00
29,9,WORK,2,1,08:00,12:00,12:00,16:00
29,10,WORK,1,1,08:00,12:00,12:00,16:00
30,1,REST,,,,,,
30,2,REST,,,,,,
30,3,WORK,1,7,09:00,13:00,15:00,19:00
30,4,WORK,1,10,11:00,15:00,15:00,19:00
30,5,WORK,1,5,09:00,13:00,13:00,17:00
30,6,WORK,2,1,08:00,12:00,12:00,16:00
30,7,WORK,1,10,11:00,15:00,15:00,19:00
30,8,WORK,2,1,08:00,12:00,12:00,16:00
30,9,WORK,2,1,08:00,12:00,12:00,16:00
30,10,WORK,1,1,08:00,12:00,12:00,16:00
31,1,REST,,,,,,
31,2,REST,,,,,,
31,3,WORK,2,1,08:00,12:00,12:00,16:00
31,4,WORK,1,10,11:00,15:00,15:00,19:00
31,5,WORK,1,5,09:00,13:00,13:00,17:00
31,6,WORK,2,1,08:00,12:00,12:00,16:00
31,7,WORK,1,10,11:00,15:00,15:00,19:00
31,8,WORK,2,1,08:00,12:00,12:00,16:00
31,9,WORK,2,1,08:00,12:00,12:00,16:00
31,10,WORK,1,1,08:00,12:00,12:00,16:00
32,1,REST,,,,,,
32,2,REST,,,,,,
32,3,WORK,2,1,08:00,12:00,12:00,16:00
32,4,WORK,1,10,11:00,15:00,15:00,19:00
32,5,WORK,1,5,09:00,13:00,13:00,17:00
32,6,WORK,2,1,08:00,12:00,12:00,16:00
32,7,WORK,1,10,11:00,15:00,15:00,19:00
32,8,WORK,2,1,08:00,12:00,12:00,16:00
32,9,WORK,2,1,08:00,12:00,12:00,16:00
32,10,WORK,1,1,08:00,12:00,12:00,16:00
33,1,REST,,,,,,
33,2,REST,,,,,,
33,3,WORK,2,1,08:00,12:00,12:00,16:00
33,4,WORK,1,10,11:00,15:00,15:00,19:00
33,5,WORK,2,1,08:00,12:00,12:00,16:00
33,6,WORK,2,1,08:00,12:00,12:00,16:00
33,7,WORK,1,10,11:00,15:00,15:00,19:00
33,8,WORK,2,4,08:00,12:00,15:00,19:00
33,9,WORK,2,1,08:00,12:00,12:00,16:00
33,10,WORK,1,1,08:00,12:00,12:00,16:00
34,1,REST,,,,,,
34,2,REST,,,,,,
34,3,WORK,2,4,08:00,12:00,15:00,19:00
34,4,WORK,1,10,11:00,15:00,15:00,19:00
34,5,WORK,2,1,08:00,12:00,12:00,16:00
34,6,WORK,2,1,08:00,12:00,12:00,16:00
34,7,WORK,1,10,11:00,15:00,15:00,19:00
34,8,WORK,2,4,08:00,12:00,15:00,19:00
34,9,WORK,2,1,08:00,12:00,12:00,16:00
34,10,WORK,1,1,08:00,12:00,12:00,16:00
35,1,REST,,,,,,
35,2,REST,,,,,,
35,3,WORK,2,4,08:00,12:00,15:00,19:00
35,4,WORK,1,10,11:00,15:00,15:00,19:00
35,5,WORK,2,1,08:00,12:00,12:00,16:00
35,6,WORK,2,2,08:00,12:00,13:00,17:00
35,7,WORK,2,1,08:00,12:00,12:00,16:00
35,8,WORK,2,4,08:00,12:00,15:00,19:00
35,9,WORK,2,1,08:00,12:00,12:00,16:00
35,10,WORK,1,1,08:00,12:00,12:00,16:00
36,1,REST,,,,,,
36,2,REST,,,,,,
36,3,WORK,2,4,08:00,12:00,15:00,19:00
36,4,WORK,1,10,11:00,15:00,15:00,19:00
36,5,WORK,2,1,08:00,12:00,12:00,16:00
36,6,WORK,2,2,08:00,12:00,13:00,17:00
36,7,WORK,2,1,08:00,12:00,12:00,16:00
36,8,WORK,2,4,08:00,12:00,15:00,19:00
36,9,WORK,2,1,08:00,12:00,12:00,16:00
36,10,WORK,1,1,08:00,12:00,12:00,16:00
37,1,REST,,,,,,
37,2,REST,,,,,,
37,3,WORK,2,4,08:00,12:00,15:00,19:00
37,4,WORK,1,10,11:00,15:00,15:00,19:00
37,5,WORK,2,3,08:00,12:00,14:00,18:00
37,6,WORK,2,2,08:00,12:00,13:00,17:00
37,7,WORK,2,1,08:00,12:00,12:00,16:00
37,8,WORK,2,4,08:00,12:00,15:00,19:00
37,9,WORK,2,1,08:00,12:00,12:00,16:00
37,10,WORK,1,1,08:00,12:00,12:00,16:00
38,1,REST,,,,,,
38,2,REST,,,,,,
38,3,WORK,2,4,08:00,12:00,15:00,19:00
38,4,WORK,1,10,11:00,15:00,15:00,19:00
38,5,WORK,2,5,09:00,13:00,13:00,17:00
38,6,WORK,2,2,08:00,12:00,13:00,17:00
38,7,WORK,2,1,08:00,12:00,12:00,16:00
38,8,WORK,2,4,08:00,12:00,15:00,19:00
38,9,WORK,2,1,08:00,12:00,12:00,16:00
38,10,WORK,1,1,08:00,12:00,12:00,16:00
39,1,REST,,,,,,
39,2,REST,,,,,,
39,3,WORK,2,4,08:00,12:00,15:00,19:00
39,4,WORK,1,10,11:00,15:00,15:00,19:00
39,5,WORK,2,5,09:00,13:00,13:00,17:00
39,6,WORK,2,2,08:00,12:00,13:00,17:00
39,7,WORK,2,1,08:00,12:00,12:00,16:00
39,8,WORK,2,4,08:00,12:00,15:00,19:00
39,9,WORK,2,1,08:00,12:00,12:00,16:00
39,10,WORK,1,1,08:00,12:00,12:00,16:00
40,1,REST,,,,,,
40,2,REST,,,,,,
40,3,WORK,2,4,08:00,12:00,15:00,19:00
40,4,WORK,2,1,08:00,12:00,12:00,16:00
40,5,WORK,2,5,09:00,13:00,13:00,17:00
40,6,WORK,2,2,08:00,12:00,13:00,17:00
40,7,WORK,2,1,08:00,12:00,12:00,16:00
40,8,WORK,2,4,08:00,12:00,15:00,19:00
40,9,WORK,2,3,08:00,12:00,14:00,18:00
40,10,WORK,1,1,08:00,12:00,12:00,16:00
41,1,REST,,,,,,
41,2,REST,,,,,,
41,3,WORK,2,4,08:00,12:00,15:00,19:00
41,4,WORK,2,1,08:00,12:00,12:00,16:00
41,5,WORK,2,5,09:00,13:00,13:00,17:00
41,6,WORK,2,2,08:00,12:00,13:00,17:00
41,7,WORK,2,1,08:00,12:00,12:00,16:00
41,8,WORK,2,4,08:00,12:00,15:00,19:00
41,9,WORK,2,3,08:00,12:00,14:00,18:00
41,10,WORK,1,1,08:00,12:00,12:00,16:00
42,1,REST,,,,,,
42,2,REST,,,,,,
42,3,WORK,2,4,08:00,12:00,15:00,19:00
42,4,WORK,2,1,08:00,12:00,12:00,16:00
42,5,WORK,2,5,09:00,13:00,13:00,17:00
42,6,WORK,2,2,08:00,12:00,13:00,17:00
42,7,WORK,2,3,08:00,12:00,14:00,18:00
42,8,WORK,2,4,08:00,12:00,15:00,19:00
42,9,WORK,2,3,08:00,12:00,14:00,18:00
42,10,WORK,1,1,08:00,12:00,12:00,16:00
43,1,REST,,,,,,
43,2,REST,,,,,,
43,3,WORK,2,4,08:00,12:00,15:00,19:00
43,4,WORK,2,1,08:00,12:00,12:00,16:00
43,5,WORK,2,6,09:00,13:00,14:00,18:00
43,6,WORK,2,2,08:00,12:00,13:00,17:00
43,7,WORK,2,3,08:00,12:00,14:00,18:00
43,8,WORK,2,4,08:00,12:00,15:00,19:00
43,9,WORK,2,3,08:00,12:00,14:00,18:00
43,10,WORK,1,1,08:00,12:00,12:00,16:00
44,1,REST,,,,,,
44,2,REST,,,,,,
44,3,WORK,2,4,08:00,12:00,15:00,19:00
44,4,WORK,2,1,08:00,12:00,12:00,16:00
44,5,WORK,2,6,09:00,13:00,14:00,18:00
44,6,WORK,2,2,08:00,12:00,13:00,17:00
44,7,WORK,2,3,08:00,12:00,14:00,18:00
44,8,WORK,2,4,08:00,12:00,15:00,19:00
44,9,WORK,2,3,08:00,12:00,14:00,18:00
44,10,WORK,1,1,08:00,12:00,12:00,16:00
45,1,REST,,,,,,
45,2,REST,,,,,,
45,3,WORK,2,4,08:00,12:00,15:00,19:00
45,4,WORK,2,1,08:00,12:00,12:00,16:00
45,5,WORK,2,6,09:00,13:00,14:00,18:00
45,6,WORK,2,2,08:00,12:00,13:00,17:00
45,7,WORK,2,4,08:00,12:00,15:00,19:00
45,8,WORK,2,9,10:00,14:00,15:00,19:00
45,9,WORK,2,3,08:00,12:00,14:00,18:00
45,10,WORK,1,1,08:00,12:00,12:00,16:00
46,1,REST,,,,,,
46,2,REST,,,,,,
46,3,WORK,2,4,08:00,12:00,15:00,19:00
46,4,WORK,2,1,08:00,12:00,12:00,16:00
46,5,WORK,2,6,09:00,13:00,14:00,18:00
46,6,WORK,2,2,08:00,12:00,13:00,17:00
46,7,WORK,2,4,08:00,12:00,15:00,19:00
46,8,WORK,2,9,10:00,14:00,15:00,19:00
46,9,WORK,2,3,08:00,12:00,14:00,18:00
46,10,WORK,1,1,08:00,12:00,12:00,16:00
47,1,REST,,,,,,
47,2,REST,,,,,,
47,3,WORK,2,4,08:00,12:00,15:00,19:00
47,4,WORK,2,1,08:00,12:00,12:00,16:00
47,5,WORK,2,6,09:00,13:00,14:00,18:00
47,6,WORK,2,2,08:00,12:00,13:00,17:00
47,7,WORK,2,4,08:00,12:00,15:00,19:00
47,8,WORK,2,9,10:00,14:00,15:00,19:00
47,9,WORK,2,3,08:00,12:00,14:00,18:00
47,10,WORK,1,1,08:00,12:00,12:00,16:00
48,1,REST,,,,,,
48,2,REST,,,,,,
48,3,WORK,2,10,11:00,15:00,15:00,19:00
48,4,WORK,2,1,08:00,12:00,12:00,16:00
48,5,WORK,2,6,09:00,13:00,14:00,18:00
48,6,WORK,2,2,08:00,12:00,13:00,17:00
48,7,WORK,2,4,08:00,12:00,15:00,19:00
48,8,WORK,2,9,10:00,14:00,15:00,19:00
48,9,WORK,2,3,08:00,12:00,14:00,18:00
48,10,WORK,1,2,08:00,12:00,13:00,17:00
49,1,REST,,,,,,
49,2,REST,,,,,,
49,3,WORK,2,10,11:00,15:00,15:00,19:00
49,4,WORK,2,1,08:00,12:00,12:00,16:00
49,5,WORK,2,6,09:00,13:00,14:00,18:00
49,6,WORK,2,4,08:00,12:00,15:00,19:00
49,7,WORK,2,4,08:00,12:00,15:00,19:00
49,8,WORK,2,9,10:00,14:00,15:00,19:00
49,9,WORK,2,3,08:00,12:00,14:00,18:00
49,10,WORK,1,4,08:00,12:00,15:00,19:00
50,1,REST,,,,,,
50,2,REST,,,,,,
50,3,WORK,2,10,11:00,15:00,15:00,19:00
50,4,WORK,2,1,08:00,12:00,12:00,16:00
50,5,WORK,2,6,09:00,13:00,14:00,18:00
50,6,WORK,2,4,08:00,12:00,15:00,19:00
50,7,WORK,2,4,08:00,12:00,15:00,19:00
50,8,WORK,2,10,11:00,15:00,15:00,19:00
50,9,WORK,2,10,11:00,15:00,15:00,19:00
50,10,WORK,1,4,08:00,12:00,15:00,19:00
51,1,REST,,,,,,
51,2,REST,,,,,,
51,3,WORK,2,10,11:00,15:00,15:00,19:00
51,4,WORK,2,1,08:00,12:00,12:00,16:00
51,5,WORK,2,6,09:00,13:00,14:00,18:00
51,6,WORK,2,4,08:00,12:00,15:00,19:00
51,7,WORK,2,4,08:00,12:00,15:00,19:00
51,8,WORK,2,10,11:00,15:00,15:00,19:00
51,9,WORK,2,10,11:00,15:00,15:00,19:00
51,10,WORK,1,4,08:00,12:00,15:00,19:00
52,1,REST,,,,,,
52,2,REST,,,,,,
52,3,WORK,2,10,11:00,15:00,15:00,19:00
52,4,WORK,2,1,08:00,12:00,12:00,16:00
52,5,WORK,2,6,09:00,13:00,14:00,18:00
52,6,WORK,2,4,08:00,12:00,15:00,19:00
52,7,WORK,2,4,08:00,12:00,15:00,19:00
52,8,WORK,2,10,11:00,15:00,15:00,19:00
52,9,WORK,2,10,11:00,15:00,15:00,19:00
52,10,WORK,1,4,08:00,12:00,15:00,19:00
53,1,REST,,,,,,
53,2,REST,,,,,,
53,3,WORK,2,10,11:00,15:00,15:00,19:00
53,4,WORK,2,1,08:00,12:00,12:00,16:00
53,5,WORK,2,6,09:00,13:00,14:00,18:00
53,6,WORK,2,10,11:00,15:00,15:00,19:00
53,7,WORK,2,4,08:00,12:00,15:00,19:00
53,8,WORK,2,10,11:00,15:00,15:00,19:00
53,9,WORK,2,10,11:00,15:00,15:00,19:00
53,10,WORK,1,4,08:00,12:00,15:00,19:00
54,1,REST,,,,,,
54,2,REST,,,,,,
54,3,WORK,2,10,11:00,15:00,15:00,19:00
54,4,WORK,2,1,08:00,12:00,12:00,16:00
54,5,WORK,2,6,09:00,13:00,14:00,18:00
54,6,WORK,2,10,11:00,15:00,15:00,19:00
54,7,WORK,2,4,08:00,12:00,15:00,19:00
54,8,WORK,2,10,11:00,15:00,15:00,19:00
54,9,WORK,2,10,11:00,15:00,15:00,19:00
54,10,WORK,1,4,08:00,12:00,15:00,19:00
55,1,REST,,,,,,
55,2,REST,,,,,,
55,3,WORK,2,10,11:00,15:00,15:00,19:00
55,4,WORK,2,1,08:00,12:00,12:00,16:00
55,5,WORK,2,6,09:00,13:00,14:00,18:00
55,6,WORK,2,10,11:00,15:00,15:00,19:00
55,7,WORK,2,4,08:00,12:00,15:00,19:00
55,8,WORK,2,10,11:00,15:00,15:00,19:00
55,9,WORK,2,10,11:00,15:00,15:00,19:00
55,10,WORK,1,4,08:00,12:00,15:00,19:00
56,1,REST,,,,,,
56,2,REST,,,,,,
56,3,WORK,2,10,11:00,15:00,15:00,19:00
56,4,WORK,2,4,08:00,12:00,15:00,19:00
56,5,WORK,2,6,09:00,13:00,14:00,18:00
56,6,WORK,2,10,11:00,15:00,15:00,19:00
56,7,WORK,2,4,08:00,12:00,15:00,19:00
56,8,WORK,3,1,08:00,12:00,12:00,16:00
56,9,WORK,2,10,11:00,15:00,15:00,19:00
56,10,WORK,1,4,08:00,12:00,15:00,19:00
57,1,REST,,,,,,
57,2,REST,,,,,,
57,3,WORK,2,10,11:00,15:00,15:00,19:00
57,4,WORK,2,4,08:00,12:00,15:00,19:00
57,5,WORK,2,6,09:00,13:00,14:00,18:00
57,6,WORK,2,10,11:00,15:00,15:00,19:00
57,7,WORK,2,4,08:00,12:00,15:00,19:00
57,8,WORK,3,1,08:00,12:00,12:00,16:00
57,9,WORK,2,10,11:00,15:00,15:00,19:00
57,10,WORK,1,4,08:00,12:00,15:00,19:00
58,1,REST,,,,,,
58,2,WORK,1,1,08:00,12:00,12:00,16:00
58,3,REST,,,,,,
58,4,WORK,2,4,08:00,12:00,15:00,19:00
58,5,WORK,2,6,09:00,13:00,14:00,18:00
58,6,WORK,2,10,11:00,15:00,15:00,19:00
58,7,WORK,2,8,10:00,14:00,14:00,18:00
58,8,WORK,3,1,08:00,12:00,12:00,16:00
58,9,WORK,2,10,11:00,15:00,15:00,19:00
58,10,WORK,1,4,08:00,12:00,15:00,19:00
59,1,REST,,,,,,
59,2,WORK,1,1,08:00,12:00,12:00,16:00
59,3,REST,,,,,,
59,4,WORK,2,4,08:00,12:00,15:00,19:00
59,5,WORK,2,10,11:00,15:00,15:00,19:00
59,6,WORK,2,10,11:00,15:00,15:00,19:00
59,7,WORK,2,8,10:00,14:00,14:00,18:00
59,8,WORK,3,1,08:00,12:00,12:00,16:00
59,9,WORK,3,1,08:00,12:00,12:00,16:00
59,10,WORK,1,4,08:00,12:00,15:00,19:00
60,1,REST,,,,,,
60,2,WORK,1,1,08:00,12:00,12:00,16:00
60,3,REST,,,,,,
60,4,WORK,2,4,08:00,12:00,15:00,19:00
60,5,WORK,2,10,11:00,15:00,15:00,19:00
60,6,WORK,2,10,11:00,15:00,15:00,19:00
60,7,WORK,2,10,11:00,15:00,15:00,19:00
60,8,WORK,3,1,08:00,12:00,12:00,16:00
60,9,WORK,3,1,08:00,12:00,12:00,16:00
60,10,WORK,2,1,08:00,12:00,12:00,16:00
61,1,REST,,,,,,
61,2,WORK,1,1,08:00,12:00,12:00,16:00
61,3,REST,,,,,,
61,4,WORK,2,4,08:00,12:00,15:00,19:00
61,5,WORK,3,1,08:00,12:00,12:00,16:00
61,6,WORK,2,10,11:00,15:00,15:00,19:00
61,7,WORK,2,10,11:00,15:00,15:00,19:00
61,8,WORK,3,1,08:00,12:00,12:00,16:00
61,9,WORK,3,1,08:00,12:00,12:00,16:00
61,10,WORK,2,4,08:00,12:00,15:00,19:00
62,1,REST,,,,,,
62,2,WORK,1,1,08:00,12:00,12:00,16:00
62,3,REST,,,,,,
62,4,WORK,2,4,08:00,12:00,15:00,19:00
62,5,WORK,3,1,08:00,12:00,12:00,16:00
62,6,WORK,2,10,11:00,15:00,15:00,19:00
62,7,WORK,2,10,11:00,15:00,15:00,19:00
62,8,WORK,3,1,08:00,12:00,12:00,16:00
62,9,WORK,3,1,08:00,12:00,12:00,16:00
62,10,WORK,2,4,08:00,12:00,15:00,19:00
63,1,REST,,,,,,
63,2,WORK,1,1,08:00,12:00,12:00,16:00
63,3,REST,,,,,,
63,4,WORK,2,4,08:00,12:00,15:00,19:00
63,5,WORK,3,1,08:00,12:00,12:00,16:00
63,6,WORK,3,1,08:00,12:00,12:00,16:00
63,7,WORK,2,10,11:00,15:00,15:00,19:00
63,8,WORK,3,1,08:00,12:00,12:00,16:00
63,9,WORK,3,1,08:00,12:00,12:00,16:00
63,10,WORK,2,4,08:00,12:00,15:00,19:00
64,1,REST,,,,,,
64,2,WORK,1,1,08:00,12:00,12:00,16:00
64,3,REST,,,,,,
64,4,WORK,2,4,08:00,12:00,15:00,19:00
64,5,WORK,3,1,08:00,12:00,12:00,16:00
64,6,WORK,3,1,08:00,12:00,12:00,16:00
64,7,WORK,2,10,11:00,15:00,15:00,19:00
64,8,WORK,3,1,08:00,12:00,12:00,16:00
64,9,WORK,3,1,08:00,12:00,12:00,16:00
64,10,WORK,2,4,08:00,12:00,15:00,19:00
65,1,REST,,,,,,
65,2,WORK,1,3,08:00,12:00,14:00,18:00
65,3,REST,,,,,,
65,4,WORK,2,4,08:00,12:00,15:00,19:00
65,5,WORK,3,1,08:00,12:00,12:00,16:00
65,6,WORK,3,1,08:00,12:00,12:00,16:00
65,7,WORK,3,1,08:00,12:00,12:00,16:00
65,8,WORK,3,1,08:00,12:00,12:00,16:00
65,9,WORK,3,1,08:00,12:00,12:00,16:00
65,10,WORK,2,5,09:00,13:00,13:00,17:00
66,1,REST,,,,,,
66,2,WORK,1,3,08:00,12:00,14:00,18:00
66,3,REST,,,,,,
66,4,WORK,2,9,10:00,14:00,15:00,19:00
66,5,WORK,3,1,08:00,12:00,12:00,16:00
66,6,WORK,3,1,08:00,12:00,12:00,16:00
66,7,WORK,3,1,08:00,12:00,12:00,16:00
66,8,WORK,3,1,08:00,12:00,12:00,16:00
66,9,WORK,3,1,08:00,12:00,12:00,16:00
66,10,WORK,2,5,09:00,13:00,13:00,17:00
67,1,REST,,,,,,
67,2,WORK,1,3,08:00,12:00,14:00,18:00
67,3,REST,,,,,,
67,4,WORK,2,9,10:00,14:00,15:00,19:00
67,5,WORK,3,1,08:00,12:00,12:00,16:00
67,6,WORK,3,1,08:00,12:00,12:00,16:00
67,7,WORK,3,1,08:00,12:00,12:00,16:00
67,8,WORK,3,1,08:00,12:00,12:00,16:00
67,9,WORK,3,1,08:00,12:00,12:00,16:00
67,10,WORK,2,5,09:00,13:00,13:00,17:00
68,1,REST,,,,,,
68,2,WORK,1,4,08:00,12:00,15:00,19:00
68,3,REST,,,,,,
68,4,WORK,2,9,10:00,14:00,15:00,19:00
68,5,WORK,3,1,08:00,12:00,12:00,16:00
68,6,WORK,3,1,08:00,12:00,12:00,16:00
68,7,WORK,3,1,08:00,12:00,12:00,16:00
68,8,WORK,3,4,08:00,12:00,15:00,19:00
68,9,WORK,3,1,08:00,12:00,12:00,16:00
68,10,WORK,2,5,09:00,13:00,13:00,17:00
69,1,REST,,,,,,
69,2,WORK,1,4,08:00,12:00,15:00,19:00
69,3,REST,,,,,,
69,4,WORK,2,9,10:00,14:00,15:00,19:00
69,5,WORK,3,3,08:00,12:00,14:00,18:00
69,6,WORK,3,1,08:00,12:00,12:00,16:00
69,7,WORK,3,1,08:00,12:00,12:00,16:00
69,8,WORK,3,4,08:00,12:00,15:00,19:00
69,9,WORK,3,1,08:00,12:00,12:00,16:00
69,10,WORK,2,5,09:00,13:00,13:00,17:00
70,1,REST,,,,,,
70,2,WORK,1,4,08:00,12:00,15:00,19:00
70,3,REST,,,,,,
70,4,WORK,2,9,10:00,14:00,15:00,19:00
70,5,WORK,3,3,08:00,12:00,14:00,18:00
70,6,WORK,3,1,08:00,12:00,12:00,16:00
70,7,WORK,3,1,08:00,12:00,12:00,16:00
70,8,WORK,3,4,08:00,12:00,15:00,19:00
70,9,WORK,3,1,08:00,12:00,12:00,16:00
70,10,WORK,2,5,09:00,13:00,13:00,17:00
71,1,REST,,,,,,
71,2,WORK,1,4,08:00,12:00,15:00,19:00
71,3,REST,,,,,,
71,4,WORK,2,9,10:00,14:00,15:00,19:00
71,5,WORK,3,3,08:00,12:00,14:00,18:00
71,6,WORK,3,1,08:00,12:00,12:00,16:00
71,7,WORK,3,1,08:00,12:00,12:00,16:00
71,8,WORK,3,4,08:00,12:00,15:00,19:00
71,9,WORK,3,1,08:00,12:00,12:00,16:00
71,10,WORK,2,5,09:00,13:00,13:00,17:00
72,1,REST,,,,,,
72,2,WORK,1,4,08:00,12:00,15:00,19:00
72,3,REST,,,,,,
72,4,WORK,2,9,10:00,14:00,15:00,19:00
72,5,WORK,3,3,08:00,12:00,14:00,18:00
72,6,WORK,3,1,08:00,12:00,12:00,16:00
72,7,WORK,3,1,08:00,12:00,12:00,16:00
72,8,WORK,3,4,08:00,12:00,15:00,19:00
72,9,WORK,3,1,08:00,12:00,12:00,16:00
72,10,WORK,2,5,09:00,13:00,13:00,17:00
73,1,REST,,,,,,
73,2,WORK,1,4,08:00,12:00,15:00,19:00
73,3,REST,,,,,,
73,4,WORK,2,9,10:00,14:00,15:00,19:00
73,5,WORK,3,3,08:00,12:00,14:00,18:00
73,6,WORK,3,1,08:00,12:00,12:00,16:00
73,7,WORK,3,1,08:00,12:00,12:00,16:00
73,8,WORK,3,4,08:00,12:00,15:00,19:00
73,9,WORK,3,1,08:00,12:00,12:00,16:00
73,10,WORK,2,5,09:00,13:00,13:00,17:00
74,1,REST,,,,,,
74,2,WORK,1,4,08:00,12:00,15:00,19:00
74,3,REST,,,,,,
74,4,WORK,2,9,10:00,14:00,15:00,19:00
74,5,WORK,3,3,08:00,12:00,14:00,18:00
74,6,WORK,3,4,08:00,12:00,15:00,19:00
74,7,WORK,3,1,08:00,12:00,12:00,16:00
74,8,WORK,3,4,08:00,12:00,15:00,19:00
74,9,WORK,3,1,08:00,12:00,12:00,16:00
74,10,WORK,2,5,09:00,13:00,13:00,17:00
75,1,REST,,,,,,
75,2,WORK,1,4,08:00,12:00,15:00,19:00
75,3,REST,,,,,,
75,4,WORK,2,9,10:00,14:00,15:00,19:00
75,5,WORK,3,3,08:00,12:00,14:00,18:00
75,6,WORK,3,4,08:00,12:00,15:00,19:00
75,7,WORK,3,1,08:00,12:00,12:00,16:00
75,8,WORK,3,4,08:00,12:00,15:00,19:00
75,9,WORK,3,4,08:00,12:00,15:00,19:00
75,10,WORK,2,5,09:00,13:00,13:00,17:00
76,1,REST,,,,,,
76,2,WORK,1,6,09:00,13:00,14:00,18:00
76,3,REST,,,,,,
76,4,WORK,2,9,10:00,14:00,15:00,19:00
76,5,WORK,3,3,08:00,12:00,14:00,18:00
76,6,WORK,3,4,08:00,12:00,15:00,19:00
76,7,WORK,3,1,08:00,12:00,12:00,16:00
76,8,WORK,3,4,08:00,12:00,15:00,19:00
76,9,WORK,3,4,08:00,12:00,15:00,19:00
76,10,WORK,2,5,09:00,13:00,13:00,17:00
77,1,REST,,,,,,
77,2,WORK,1,6,09:00,13:00,14:00,18:00
77,3,REST,,,,,,
77,4,WORK,2,9,10:00,14:00,15:00,19:00
77,5,WORK,3,3,08:00,12:00,14:00,18:00
77,6,WORK,3,4,08:00,12:00,15:00,19:00
77,7,WORK,3,4,08:00,12:00,15:00,19:00
77,8,WORK,3,4,08:00,12:00,15:00,19:00
77,9,WORK,3,4,08:00,12:00,15:00,19:00
77,10,WORK,2,5,09:00,13:00,13:00,17:00
78,1,REST,,,,,,
78,2,WORK,1,6,09:00,13:00,14:00,18:00
78,3,REST,,,,,,
78,4,WORK,2,9,10:00,14:00,15:00,19:00
78,5,WORK,3,3,08:00,12:00,14:00,18:00
78,6,WORK,3,4,08:00,12:00,15:00,19:00
78,7,WORK,3,4,08:00,12:00,15:00,19:00
78,8,WORK,3,4,08:00,12:00,15:00,19:00
78,9,WORK,3,4,08:00,12:00,15:00,19:00
78,10,WORK,2,5,09:00,13:00,13:00,17:00
79,1,REST,,,,,,
79,2,WORK,1,6,09:00,13:00,14:00,18:00
79,3,REST,,,,,,
79,4,WORK,3,1,08:00,12:00,12:00,16:00
79,5,WORK,3,3,08:00,12:00,14:00,18:00
79,6,WORK,3,4,08:00,12:00,15:00,19:00
79,7,WORK,3,4,08:00,12:00,15:00,19:00
79,8,WORK,3,4,08:00,12:00,15:00,19:00
79,9,WORK,3,4,08:00,12:00,15:00,19:00
79,10,WORK,2,5,09:00,13:00,13:00,17:00
80,1,REST,,,,,,
80,2,WORK,1,6,09:00,13:00,14:00,18:00
80,3,REST,,,,,,
80,4,WORK,3,1,08:00,12:00,12:00,16:00
80,5,WORK,3,3,08:00,12:00,14:00,18:00
80,6,WORK,3,4,08:00,12:00,15:00,19:00
80,7,WORK,3,4,08:00,12:00,15:00,19:00
80,8,WORK,3,8,10:00,14:00,14:00,18:00
80,9,WORK,3,4,08:00,12:00,15:00,19:00
80,10,WORK,2,5,09:00,13:00,13:00,17:00
81,1,REST,,,,,,
81,2,WORK,1,6,09:00,13:00,14:00,18:00
81,3,REST,,,,,,
81,4,WORK,3,1,08:00,12:00,12:00,16:00
81,5,WORK,3,3,08:00,12:00,14:00,18:00
81,6,WORK,3,4,08:00,12:00,15:00,19:00
81,7,WORK,3,4,08:00,12:00,15:00,19:00
81,8,WORK,3,8,10:00,14:00,14:00,18:00
81,9,WORK,3,4,08:00,12:00,15:00,19:00
81,10,WORK,2,6,09:00,13:00,14:00,18:00
82,1,REST,,,,,,
82,2,WORK,1,6,09:00,13:00,14:00,18:00
82,3,REST,,,,,,
82,4,WORK,3,1,08:00,12:00,12:00,16:00
82,5,WORK,3,3,08:00,12:00,14:00,18:00
82,6,WORK,3,4,08:00,12:00,15:00,19:00
82,7,WORK,3,4,08:00,12:00,15:00,19:00
82,8,WORK,3,8,10:00,14:00,14:00,18:00
82,9,WORK,3,4,08:00,12:00,15:00,19:00
82,10,WORK,2,6,09:00,13:00,14:00,18:00
83,1,REST,,,,,,
83,2,WORK,1,6,09:00,13:00,14:00,18:00
83,3,REST,,,,,,
83,4,WORK,3,1,08:00,12:00,12:00,16:00
83,5,WORK,3,3,08:00,12:00,14:00,18:00
83,6,WORK,3,4,08:00,12:00,15:00,19:00
83,7,WORK,3,4,08:00,12:00,15:00,19:00
83,8,WORK,3,9,10:00,14:00,15:00,19:00
83,9,WORK,3,4,08:00,12:00,15:00,19:00
83,10,WORK,2,6,09:00,13:00,14:00,18:00
84,1,REST,,,,,,
84,2,WORK,1,6,09:00,13:00,14:00,18:00
84,3,REST,,,,,,
84,4,WORK,3,1,08:00,12:00,12:00,16:00
84,5,WORK,3,3,08:00,12:00,14:00,18:00
84,6,WORK,3,4,08:00,12:00,15:00,19:00
84,7,WORK,3,4,08:00,12:00,15:00,19:00
84,8,WORK,3,9,10:00,14:00,15:00,19:00
84,9,WORK,3,4,08:00,12:00,15:00,19:00
84,10,WORK,2,6,09:00,13:00,14:00,18:00
85,1,REST,,,,,,
85,2,WORK,1,6,09:00,13:00,14:00,18:00
85,3,REST,,,,,,
85,4,WORK,3,1,08:00,12:00,12:00,16:00
85,5,WORK,3,4,08:00,12:00,15:00,19:00
85,6,WORK,3,4,08:00,12:00,15:00,19:00
85,7,WORK,3,4,08:00,12:00,15:00,19:00
85,8,WORK,3,9,10:00,14:00,15:00,19:00
85,9,WORK,3,4,08:00,12:00,15:00,19:00
85,10,WORK,2,6,09:00,13:00,14:00,18:00
86,1,REST,,,,,,
86,2,WORK,1,6,09:00,13:00,14:00,18:00
86,3,REST,,,,,,
86,4,WORK,3,1,08:00,12:00,12:00,16:00
86,5,WORK,3,4,08:00,12:00,15:00,19:00
86,6,WORK,3,9,10:00,14:00,15:00,19:00
86,7,WORK,3,4,08:00,12:00,15:00,19:00
86,8,WORK,3,9,10:00,14:00,15:00,19:00
86,9,WORK,3,9,10:00,14:00,15:00,19:00
86,10,WORK,2,6,09:00,13:00,14:00,18:00
87,1,REST,,,,,,
87,2,WORK,2,1,08:00,12:00,12:00,16:00
87,3,REST,,,,,,
87,4,WORK,3,1,08:00,12:00,12:00,16:00
87,5,WORK,3,4,08:00,12:00,15:00,19:00
87,6,WORK,3,9,10:00,14:00,15:00,19:00
87,7,WORK,3,4,08:00,12:00,15:00,19:00
87,8,WORK,3,9,10:00,14:00,15:00,19:00
87,9,WORK,3,9,10:00,14:00,15:00,19:00
87,10,WORK,2,6,09:00,13:00,14:00,18:00
88,1,REST,,,,,,
88,2,WORK,2,1,08:00,12:00,12:00,16:00
88,3,REST,,,,,,
88,4,WORK,3,3,08:00,12:00,14:00,18:00
88,5,WORK,3,8,10:00,14:00,14:00,18:00
88,6,WORK,3,9,10:00,14:00,15:00,19:00
88,7,WORK,3,4,08:00,12:00,15:00,19:00
88,8,WORK,3,9,10:00,14:00,15:00,19:00
88,9,WORK,3,9,10:00,14:00,15:00,19:00
88,10,WORK,2,7,09:00,13:00,15:00,19:00
89,1,REST,,,,,,
89,2,WORK,2,1,08:00,12:00,12:00,16:00
89,3,REST,,,,,,
89,4,WORK,3,3,08:00,12:00,14:00,18:00
89,5,WORK,3,8,10:00,14:00,14:00,18:00
89,6,WORK,3,9,10:00,14:00,15:00,19:00
89,7,WORK,3,9,10:00,14:00,15:00,19:00
89,8,WORK,3,9,10:00,14:00,15:00,19:00
89,9,WORK,3,10,11:00,15:00,15:00,19:00
89,10,WORK,2,7,09:00,13:00,15:00,19:00
90,1,REST,,,,,,
90,2,WORK,2,1,08:00,12:00,12:00,16:00
90,3,REST,,,,,,
90,4,WORK,3,3,08:00,12:00,14:00,18:00
90,5,WORK,3,8,10:00,14:00,14:00,18:00
90,6,WORK,3,9,10:00,14:00,15:00,19:00
90,7,WORK,3,9,10:00,14:00,15:00,19:00
90,8,WORK,3,9,10:00,14:00,15:00,19:00
90,9,WORK,3,10,11:00,15:00,15:00,19:00
90,10,WORK,2,7,09:00,13:00,15:00,19:00
91,1,REST,,,,,,
91,2,WORK,2,1,08:00,12:00,12:00,16:00
91,3,REST,,,,,,
91,4,WORK,3,3,08:00,12:00,14:00,18:00
91,5,WORK,3,8,10:00,14:00,14:00,18:00
91,6,WORK,3,9,10:00,14:00,15:00,19:00
91,7,WORK,3,9,10:00,14:00,15:00,19:00
91,8,WORK,3,9,10:00,14:00,15:00,19:00
91,9,WORK,3,10,11:00,15:00,15:00,19:00
91,10,WORK,3,1,08:00,12:00,12:00,16:00
92,1,REST,,,,,,
92,2,WORK,2,1,08:00,12:00,12:00,16:00
92,3,REST,,,,,,
92,4,WORK,3,3,08:00,12:00,14:00,18:00
92,5,WORK,3,8,10:00,14:00,14:00,18:00
92,6,WORK,3,9,10:00,14:00,15:00,19:00
92,7,WORK,3,9,10:00,14:00,15:00,19:00
92,8,WORK,3,9,10:00,14:00,15:00,19:00
92,9,WORK,4,1,08:00,12:00,12:00,16:00
92,10,WORK,3,1,08:00,12:00,12:00,16:00
93,1,REST,,,,,,
93,2,WORK,2,1,08:00,12:00,12:00,16:00
93,3,REST,,,,,,
93,4,WORK,3,4,08:00,12:00,15:00,19:00
93,5,WORK,3,8,10:00,14:00,14:00,18:00
93,6,WORK,3,9,10:00,14:00,15:00,19:00
93,7,WORK,3,9,10:00,14:00,15:00,19:00
93,8,WORK,3,9,10:00,14:00,15:00,19:00
93,9,WORK,4,1,08:00,12:00,12:00,16:00
93,10,WORK,3,1,08:00,12:00,12:00,16:00
94,1,REST,,,,,,
94,2,WORK,2,1,08:00,12:00,12:00,16:00
94,3,REST,,,,,,
94,4,WORK,3,4,08:00,12:00,15:00,19:00
94,5,WORK,3,8,10:00,14:00,14:00,18:00
94,6,WORK,3,9,10:00,14:00,15:00,19:00
94,7,WORK,3,9,10:00,14:00,15:00,19:00
94,8,WORK,3,9,10:00,14:00,15:00,19:00
94,9,WORK,4,1,08:00,12:00,12:00,16:00
94,10,WORK,3,1,08:00,12:00,12:00,16:00
95,1,REST,,,,,,
95,2,WORK,2,1,08:00,12:00,12:00,16:00
95,3,REST,,,,,,
95,4,WORK,3,4,08:00,12:00,15:00,19:00
95,5,WORK,3,8,10:00,14:00,14:00,18:00
95,6,WORK,3,9,10:00,14:00,15:00,19:00
95,7,WORK,3,10,11:00,15:00,15:00,19:00
95,8,WORK,3,9,10:00,14:00,15:00,19:00
95,9,WORK,4,1,08:00,12:00,12:00,16:00
95,10,WORK,3,1,08:00,12:00,12:00,16:00
96,1,REST,,,,,,
96,2,WORK,2,1,08:00,12:00,12:00,16:00
96,3,REST,,,,,,
96,4,WORK,3,4,08:00,12:00,15:00,19:00
96,5,WORK,3,8,10:00,14:00,14:00,18:00
96,6,WORK,3,9,10:00,14:00,15:00,19:00
96,7,WORK,3,10,11:00,15:00,15:00,19:00
96,8,WORK,3,9,10:00,14:00,15:00,19:00
96,9,WORK,4,1,08:00,12:00,12:00,16:00
96,10,WORK,3,1,08:00,12:00,12:00,16:00
97,1,REST,,,,,,
97,2,WORK,2,1,08:00,12:00,12:00,16:00
97,3,REST,,,,,,
97,4,WORK,3,4,08:00,12:00,15:00,19:00
97,5,WORK,4,1,08:00,12:00,12:00,16:00
97,6,WORK,3,9,10:00,14:00,15:00,19:00
97,7,WORK,3,10,11:00,15:00,15:00,19:00
97,8,WORK,4,1,08:00,12:00,12:00,16:00
97,9,WORK,4,1,08:00,12:00,12:00,16:00
97,10,WORK,3,1,08:00,12:00,12:00,16:00
98,1,REST,,,,,,
98,2,WORK,2,1,08:00,12:00,12:00,16:00
98,3,REST,,,,,,
98,4,WORK,3,4,08:00,12:00,15:00,19:00
98,5,WORK,4,1,08:00,12:00,12:00,16:00
98,6,WORK,3,9,10:00,14:00,15:00,19:00
98,7,WORK,3,10,11:00,15:00,15:00,19:00
98,8,WORK,4,1,08:00,12:00,12:00,16:00
98,9,WORK,4,1,08:00,12:00,12:00,16:00
98,10,WORK,3,1,08:00,12:00,12:00,16:00
99,1,REST,,,,,,
99,2,WORK,2,1,08:00,12:00,12:00,16:00
99,3,REST,,,,,,
99,4,WORK,3,4,08:00,12:00,15:00,19:00
99,5,WORK,4,1,08:00,12:00,12:00,16:00
99,6,WORK,3,9,10:00,14:00,15:00,19:00
99,7,WORK,3,10,11:00,15:00,15:00,19:00
99,8,WORK,4,1,08:00,12:00,12:00,16:00
99,9,WORK,4,1,08:00,12:00,12:00,16:00
99,10,WORK,3,1,08:00,12:00,12:00,16:00
100,1,REST,,,,,,
100,2,WORK,2,1,08:00,12:00,12:00,16:00
100,3,REST,,,,,,
100,4,WORK,3,4,08:00,12:00,15:00,19:00
100,5,WORK,4,1,08:00,12:00,12:00,16:00
100,6,WORK,3,9,10:00,14:00,15:00,19:00
100,7,WORK,3,10,11:00,15:00,15:00,19:00
100,8,WORK,4,1,08:00,12:00,12:00,16:00
100,9,WORK,4,1,08:00,12:00,12:00,16:00
100,10,WORK,3,1,08:00,12:00,12:00,16:00
101,1,REST,,,,,,
101,2,WORK,2,1,08:00,12:00,12:00,16:00
101,3,REST,,,,,,
101,4,WORK,3,4,08:00,12:00,15:00,19:00
101,5,WORK,4,1,08:00,12:00,12:00,16:00
101,6,WORK,4,1,08:00,12:00,12:00,16:00
101,7,WORK,3,10,11:00,15:00,15:00,19:00
101,8,WORK,4,1,08:00,12:00,12:00,16:00
101,9,WORK,4,1,08:00,12:00,12:00,16:00
101,10,WORK,3,1,08:00,12:00,12:00,16:00
102,1,REST,,,,,,
102,2,WORK,2,4,08:00,12:00,15:00,19:00
102,3,REST,,,,,,
102,4,WORK,3,4,08:00,12:00,15:00,19:00
102,5,WORK,4,1,08:00,12:00,12:00,16:00
102,6,WORK,4,1,08:00,12:00,12:00,16:00
102,7,WORK,3,10,11:00,15:00,15:00,19:00
102,8,WORK,4,1,08:00,12:00,12:00,16:00
102,9,WORK,4,1,08:00,12:00,12:00,16:00
102,10,WORK,3,1,08:00,12:00,12:00,16:00
103,1,REST,,,,,,
103,2,WORK,2,4,08:00,12:00,15:00,19:00
103,3,REST,,,,,,
103,4,WORK,3,4,08:00,12:00,15:00,19:00
103,5,WORK,4,1,08:00,12:00,12:00,16:00
103,6,WORK,4,1,08:00,12:00,12:00,16:00
103,7,WORK,3,10,11:00,15:00,15:00,19:00
103,8,WORK,4,1,08:00,12:00,12:00,16:00
103,9,WORK,4,1,08:00,12:00,12:00,16:00
103,10,WORK,3,1,08:00,12:00,12:00,16:00
104,1,REST,,,,,,
104,2,WORK,2,4,08:00,12:00,15:00,19:00
104,3,REST,,,,,,
104,4,WORK,3,4,08:00,12:00,15:00,19:00
104,5,WORK,4,1,08:00,12:00,12:00,16:00
104,6,WORK,4,1,08:00,12:00,12:00,16:00
104,7,WORK,4,1,08:00,12:00,12:00,16:00
104,8,WORK,4,1,08:00,12:00,12:00,16:00
104,9,WORK,4,1,08:00,12:00,12:00,16:00
104,10,WORK,3,1,08:00,12:00,12:00,16:00
105,1,REST,,,,,,
105,2,WORK,2,4,08:00,12:00,15:00,19:00
105,3,REST,,,,,,
105,4,WORK,3,4,08:00,12:00,15:00,19:00
105,5,WORK,4,1,08:00,12:00,12:00,16:00
105,6,WORK,4,1,08:00,12:00,12:00,16:00
105,7,WORK,4,1,08:00,12:00,12:00,16:00
105,8,WORK,4,1,08:00,12:00,12:00,16:00
105,9,WORK,4,1,08:00,12:00,12:00,16:00
105,10,WORK,3,4,08:00,12:00,15:00,19:00
106,1,REST,,,,,,
106,2,WORK,2,4,08:00,12:00,15:00,19:00
106,3,REST,,,,,,
106,4,WORK,3,8,10:00,14:00,14:00,18:00
106,5,WORK,4,4,08:00,12:00,15:00,19:00
106,6,WORK,4,1,08:00,12:00,12:00,16:00
106,7,WORK,4,1,08:00,12:00,12:00,16:00
106,8,WORK,4,1,08:00,12:00,12:00,16:00
106,9,WORK,4,1,08:00,12:00,12:00,16:00
106,10,WORK,3,4,08:00,12:00,15:00,19:00
107,1,REST,,,,,,
107,2,WORK,2,4,08:00,12:00,15:00,19:00
107,3,REST,,,,,,
107,4,WORK,3,10,11:00,15:00,15:00,19:00
107,5,WORK,4,4,08:00,12:00,15:00,19:00
107,6,WORK,4,1,08:00,12:00,12:00,16:00
107,7,WORK,4,1,08:00,12:00,12:00,16:00
107,8,WORK,4,1,08:00,12:00,12:00,16:00
107,9,WORK,4,1,08:00,12:00,12:00,16:00
107,10,WORK,3,4,08:00,12:00,15:00,19:00
108,1,REST,,,,,,
108,2,WORK,2,4,08:00,12:00,15:00,19:00
108,3,REST,,,,,,
108,4,WORK,3,10,11:00,15:00,15:00,19:00
108,5,WORK,4,4,08:00,12:00,15:00,19:00
108,6,WORK,4,1,08:00,12:00,12:00,16:00
108,7,WORK,4,1,08:00,12:00,12:00,16:00
108,8,WORK,4,1,08:00,12:00,12:00,16:00
108,9,WORK,4,1,08:00,12:00,12:00,16:00
108,10,WORK,3,4,08:00,12:00,15:00,19:00
109,1,REST,,,,,,
109,2,WORK,2,4,08:00,12:00,15:00,19:00
109,3,REST,,,,,,
109,4,WORK,3,10,11:00,15:00,15:00,19:00
109,5,WORK,4,4,08:00,12:00,15:00,19:00
109,6,WORK,4,1,08:00,12:00,12:00,16:00
109,7,WORK,4,1,08:00,12:00,12:00,16:00
109,8,WORK,4,2,08:00,12:00,13:00,17:00
109,9,WORK,4,1,08:00,12:00,12:00,16:00
109,10,WORK,3,4,08:00,12:00,15:00,19:00
110,1,REST,,,,,,
110,2,WORK,2,4,08:00,12:00,15:00,19:00
110,3,REST,,,,,,
110,4,WORK,4,1,08:00,12:00,12:00,16:00
110,5,WORK,4,4,08:00,12:00,15:00,19:00
110,6,WORK,4,1,08:00,12:00,12:00,16:00
110,7,WORK,4,1,08:00,12:00,12:00,16:00
110,8,WORK,4,3,08:00,12:00,14:00,18:00
110,9,WORK,4,4,08:00,12:00,15:00,19:00
110,10,WORK,3,9,10:00,14:00,15:00,19:00
111,1,REST,,,,,,
111,2,WORK,2,4,08:00,12:00,15:00,19:00
111,3,REST,,,,,,
111,4,WORK,4,2,08:00,12:00,13:00,17:00
111,5,WORK,4,4,08:00,12:00,15:00,19:00
111,6,WORK,4,1,08:00,12:00,12:00,16:00
111,7,WORK,4,3,08:00,12:00,14:00,18:00
111,8,WORK,4,3,08:00,12:00,14:00,18:00
111,9,WORK,4,4,08:00,12:00,15:00,19:00
111,10,WORK,3,9,10:00,14:00,15:00,19:00
112,1,REST,,,,,,
112,2,WORK,2,4,08:00,12:00,15:00,19:00
112,3,REST,,,,,,
112,4,WORK,4,2,08:00,12:00,13:00,17:00
112,5,WORK,4,4,08:00,12:00,15:00,19:00
112,6,WORK,4,4,08:00,12:00,15:00,19:00
112,7,WORK,4,4,08:00,12:00,15:00,19:00
112,8,WORK,4,3,08:00,12:00,14:00,18:00
112,9,WORK,4,4,08:00,12:00,15:00,19:00
112,10,WORK,3,9,10:00,14:00,15:00,19:00
113,1,REST,,,,,,
113,2,WORK,2,4,08:00,12:00,15:00,19:00
113,3,REST,,,,,,
113,4,WORK,4,2,08:00,12:00,13:00,17:00
113,5,WORK,4,4,08:00,12:00,15:00,19:00
113,6,WORK,4,4,08:00,12:00,15:00,19:00
113,7,WORK,4,4,08:00,12:00,15:00,19:00
113,8,WORK,4,3,08:00,12:00,14:00,18:00
113,9,WORK,4,4,08:00,12:00,15:00,19:00
113,10,WORK,3,9,10:00,14:00,15:00,19:00
114,1,REST,,,,,,
114,2,WORK,2,4,08:00,12:00,15:00,19:00
114,3,REST,,,,,,
114,4,WORK,4,2,08:00,12:00,13:00,17:00
114,5,WORK,4,4,08:00,12:00,15:00,19:00
114,6,WORK,4,4,08:00,12:00,15:00,19:00
114,7,WORK,4,4,08:00,12:00,15:00,19:00
114,8,WORK,4,3,08:00,12:00,14:00,18:00
114,9,WORK,4,4,08:00,12:00,15:00,19:00
114,10,WORK,3,9,10:00,14:00,15:00,19:00
115,1,REST,,,,,,
115,2,WORK,2,10,11:00,15:00,15:00,19:00
115,3,REST,,,,,,
115,4,WORK,4,2,08:00,12:00,13:00,17:00
115,5,WORK,4,4,08:00,12:00,15:00,19:00
115,6,WORK,4,4,08:00,12:00,15:00,19:00
115,7,WORK,4,4,08:00,12:00,15:00,19:00
115,8,WORK,4,3,08:00,12:00,14:00,18:00
115,9,WORK,4,4,08:00,12:00,15:00,19:00
115,10,WORK,3,10,11:00,15:00,15:00,19:00
116,1,REST,,,,,,
116,2,WORK,2,10,11:00,15:00,15:00,19:00
116,3,REST,,,,,,
116,4,WORK,4,2,08:00,12:00,13:00,17:00
116,5,WORK,4,4,08:00,12:00,15:00,19:00
116,6,WORK,4,4,08:00,12:00,15:00,19:00
116,7,WORK,4,4,08:00,12:00,15:00,19:00
116,8,WORK,4,3,08:00,12:00,14:00,18:00
116,9,WORK,4,4,08:00,12:00,15:00,19:00
116,10,WORK,3,10,11:00,15:00,15:00,19:00
117,1,REST,,,,,,
117,2,WORK,2,10,11:00,15:00,15:00,19:00
117,3,REST,,,,,,
117,4,WORK,4,2,08:00,12:00,13:00,17:00
117,5,WORK,4,4,08:00,12:00,15:00,19:00
117,6,WORK,4,4,08:00,12:00,15:00,19:00
117,7,WORK,4,4,08:00,12:00,15:00,19:00
117,8,WORK,4,4,08:00,12:00,15:00,19:00
117,9,WORK,4,4,08:00,12:00,15:00,19:00
117,10,WORK,3,10,11:00,15:00,15:00,19:00
118,1,REST,,,,,,
118,2,WORK,2,10,11:00,15:00,15:00,19:00
118,3,REST,,,,,,
118,4,WORK,4,2,08:00,12:00,13:00,17:00
118,5,WORK,4,4,08:00,12:00,15:00,19:00
118,6,WORK,4,4,08:00,12:00,15:00,19:00
118,7,WORK,4,4,08:00,12:00,15:00,19:00
118,8,WORK,4,4,08:00,12:00,15:00,19:00
118,9,WORK,4,4,08:00,12:00,15:00,19:00
118,10,WORK,3,10,11:00,15:00,15:00,19:00
119,1,REST,,,,,,
119,2,WORK,2,10,11:00,15:00,15:00,19:00
119,3,REST,,,,,,
119,4,WORK,4,4,08:00,12:00,15:00,19:00
119,5,WORK,4,8,10:00,14:00,14:00,18:00
119,6,WORK,4,4,08:00,12:00,15:00,19:00
119,7,WORK,4,4,08:00,12:00,15:00,19:00
119,8,WORK,4,4,08:00,12:00,15:00,19:00
119,9,WORK,4,4,08:00,12:00,15:00,19:00
119,10,WORK,3,10,11:00,15:00,15:00,19:00
120,1,REST,,,,,,
120,2,WORK,2,10,11:00,15:00,15:00,19:00
120,3,REST,,,,,,
120,4,WORK,4,5,09:00,13:00,13:00,17:00
120,5,WORK,4,8,10:00,14:00,14:00,18:00
120,6,WORK,4,4,08:00,12:00,15:00,19:00
120,7,WORK,4,4,08:00,12:00,15:00,19:00
120,8,WORK,4,4,08:00,12:00,15:00,19:00
120,9,WORK,4,4,08:00,12:00,15:00,19:00
120,10,WORK,3,10,11:00,15:00,15:00,19:00
121,1,REST,,,,,,
121,2,WORK,2,10,11:00,15:00,15:00,19:00
121,3,REST,,,,,,
121,4,WORK,4,5,09:00,13:00,13:00,17:00
121,5,WORK,4,9,10:00,14:00,15:00,19:00
121,6,WORK,4,4,08:00,12:00,15:00,19:00
121,7,WORK,4,4,08:00,12:00,15:00,19:00
121,8,WORK,4,4,08:00,12:00,15:00,19:00
121,9,WORK,4,9,10:00,14:00,15:00,19:00
121,10,WORK,3,10,11:00,15:00,15:00,19:00
122,1,REST,,,,,,
122,2,WORK,2,10,11:00,15:00,15:00,19:00
122,3,REST,,,,,,
122,4,WORK,4,5,09:00,13:00,13:00,17:00
122,5,WORK,4,9,10:00,14:00,15:00,19:00
122,6,WORK,4,4,08:00,12:00,15:00,19:00
122,7,WORK,4,4,08:00,12:00,15:00,19:00
122,8,WORK,4,8,10:00,14:00,14:00,18:00
122,9,WORK,4,9,10:00,14:00,15:00,19:00
122,10,WORK,3,10,11:00,15:00,15:00,19:00
123,1,REST,,,,,,
123,2,WORK,2,10,11:00,15:00,15:00,19:00
123,3,REST,,,,,,
123,4,WORK,4,5,09:00,13:00,13:00,17:00
123,5,WORK,4,9,10:00,14:00,15:00,19:00
123,6,WORK,4,4,08:00,12:00,15:00,19:00
123,7,WORK,4,4,08:00,12:00,15:00,19:00
123,8,WORK,4,8,10:00,14:00,14:00,18:00
123,9,WORK,4,9,10:00,14:00,15:00,19:00
123,10,WORK,3,10,11:00,15:00,15:00,19:00
124,1,REST,,,,,,
124,2,WORK,3,1,08:00,12:00,12:00,16:00
124,3,REST,,,,,,
124,4,WORK,4,5,09:00,13:00,13:00,17:00
124,5,WORK,4,10,11:00,15:00,15:00,19:00
124,6,WORK,4,4,08:00,12:00,15:00,19:00
124,7,WORK,4,4,08:00,12:00,15:00,19:00
124,8,WORK,4,10,11:00,15:00,15:00,19:00
124,9,WORK,4,9,10:00,14:00,15:00,19:00
124,10,WORK,3,10,11:00,15:00,15:00,19:00
125,1,REST,,,,,,
125,2,WORK,3,1,08:00,12:00,12:00,16:00
125,3,REST,,,,,,
125,4,WORK,4,5,09:00,13:00,13:00,17:00
125,5,WORK,4,10,11:00,15:00,15:00,19:00
125,6,WORK,4,4,08:00,12:00,15:00,19:00
125,7,WORK,4,8,10:00,14:00,14:00,18:00
125,8,WORK,4,10,11:00,15:00,15:00,19:00
125,9,WORK,4,9,10:00,14:00,15:00,19:00
125,10,WORK,3,10,11:00,15:00,15:00,19:00
126,1,REST,,,,,,
126,2,WORK,3,1,08:00,12:00,12:00,16:00
126,3,REST,,,,,,
126,4,WORK,4,5,09:00,13:00,13:00,17:00
126,5,WORK,4,10,11:00,15:00,15:00,19:00
126,6,WORK,4,4,08:00,12:00,15:00,19:00
126,7,WORK,4,8,10:00,14:00,14:00,18:00
126,8,WORK,4,10,11:00,15:00,15:00,19:00
126,9,WORK,4,9,10:00,14:00,15:00,19:00
126,10,WORK,4,1,08:00,12:00,12:00,16:00
127,1,REST,,,,,,
127,2,WORK,3,1,08:00,12:00,12:00,16:00
127,3,REST,,,,,,
127,4,WORK,4,5,09:00,13:00,13:00,17:00
127,5,WORK,4,10,11:00,15:00,15:00,19:00
127,6,WORK,4,4,08:00,12:00,15:00,19:00
127,7,WORK,4,8,10:00,14:00,14:00,18:00
127,8,WORK,4,10,11:00,15:00,15:00,19:00
127,9,WORK,4,9,10:00,14:00,15:00,19:00
127,10,WORK,4,1,08:00,12:00,12:00,16:00
128,1,REST,,,,,,
128,2,WORK,3,1,08:00,12:00,12:00,16:00
128,3,REST,,,,,,
128,4,WORK,4,5,09:00,13:00,13:00,17:00
128,5,WORK,5,1,08:00,12:00,12:00,16:00
128,6,WORK,4,4,08:00,12:00,15:00,19:00
128,7,WORK,4,8,10:00,14:00,14:00,18:00
128,8,WORK,4,10,11:00,15:00,15:00,19:00
128,9,WORK,4,9,10:00,14:00,15:00,19:00
128,10,WORK,4,1,08:00,12:00,12:00,16:00
129,1,REST,,,,,,
129,2,WORK,3,1,08:00,12:00,12:00,16:00
129,3,REST,,,,,,
129,4,WORK,4,8,10:00,14:00,14:00,18:00
129,5,WORK,5,1,08:00,12:00,12:00,16:00
129,6,WORK,4,4,08:00,12:00,15:00,19:00
129,7,WORK,4,8,10:00,14:00,14:00,18:00
129,8,WORK,4,10,11:00,15:00,15:00,19:00
129,9,WORK,4,9,10:00,14:00,15:00,19:00
129,10,WORK,4,1,08:00,12:00,12:00,16:00
130,1,REST,,,,,,
130,2,WORK,3,1,08:00,12:00,12:00,16:00
130,3,REST,,,,,,
130,4,WORK,4,8,10:00,14:00,14:00,18:00
130,5,WORK,5,1,08:00,12:00,12:00,16:00
130,6,WORK,4,9,10:00,14:00,15:00,19:00
130,7,WORK,4,8,10:00,14:00,14:00,18:00
130,8,WORK,4,10,11:00,15:00,15:00,19:00
130,9,WORK,4,9,10:00,14:00,15:00,19:00
130,10,WORK,4,2,08:00,12:00,13:00,17:00
131,1,REST,,,,,,
131,2,WORK,3,1,08:00,12:00,12:00,16:00
131,3,REST,,,,,,
131,4,WORK,4,8,10:00,14:00,14:00,18:00
131,5,WORK,5,1,08:00,12:00,12:00,16:00
131,6,WORK,4,9,10:00,14:00,15:00,19:00
131,7,WORK,4,8,10:00,14:00,14:00,18:00
131,8,WORK,5,1,08:00,12:00,12:00,16:00
131,9,WORK,4,9,10:00,14:00,15:00,19:00
131,10,WORK,4,2,08:00,12:00,13:00,17:00
132,1,REST,,,,,,
132,2,WORK,3,1,08:00,12:00,12:00,16:00
132,3,REST,,,,,,
132,4,WORK,4,8,10:00,14:00,14:00,18:00
132,5,WORK,5,1,08:00,12:00,12:00,16:00
132,6,WORK,4,9,10:00,14:00,15:00,19:00
132,7,WORK,4,8,10:00,14:00,14:00,18:00
132,8,WORK,5,1,08:00,12:00,12:00,16:00
132,9,WORK,4,9,10:00,14:00,15:00,19:00
132,10,WORK,4,2,08:00,12:00,13:00,17:00
133,1,REST,,,,,,
133,2,WORK,3,1,08:00,12:00,12:00,16:00
133,3,REST,,,,,,
133,4,WORK,4,8,10:00,14:00,14:00,18:00
133,5,WORK,5,1,08:00,12:00,12:00,16:00
133,6,WORK,4,9,10:00,14:00,15:00,19:00
133,7,WORK,4,8,10:00,14:00,14:00,18:00
133,8,WORK,5,1,08:00,12:00,12:00,16:00
133,9,WORK,5,1,08:00,12:00,12:00,16:00
133,10,WORK,4,2,08:00,12:00,13:00,17:00
134,1,REST,,,,,,
134,2,WORK,3,1,08:00,12:00,12:00,16:00
134,3,REST,,,,,,
134,4,WORK,4,8,10:00,14:00,14:00,18:00
134,5,WORK,5,1,08:00,12:00,12:00,16:00
134,6,WORK,4,9,10:00,14:00,15:00,19:00
134,7,WORK,4,8,10:00,14:00,14:00,18:00
134,8,WORK,5,1,08:00,12:00,12:00,16:00
134,9,WORK,5,1,08:00,12:00,12:00,16:00
134,10,WORK,4,2,08:00,12:00,13:00,17:00
135,1,REST,,,,,,
135,2,WORK,3,1,08:00,12:00,12:00,16:00
135,3,REST,,,,,,
135,4,WORK,4,8,10:00,14:00,14:00,18:00
135,5,WORK,5,1,08:00,12:00,12:00,16:00
135,6,WORK,4,9,10:00,14:00,15:00,19:00
135,7,WORK,4,8,10:00,14:00,14:00,18:00
135,8,WORK,5,1,08:00,12:00,12:00,16:00
135,9,WORK,5,1,08:00,12:00,12:00,16:00
135,10,WORK,4,2,08:00,12:00,13:00,17:00
136,1,REST,,,,,,
136,2,WORK,3,1,08:00,12:00,12:00,16:00
136,3,REST,,,,,,
136,4,WORK,4,8,10:00,14:00,14:00,18:00
136,5,WORK,5,1,08:00,12:00,12:00,16:00
136,6,WORK,4,10,11:00,15:00,15:00,19:00
136,7,WORK,4,10,11:00,15:00,15:00,19:00
136,8,WORK,5,1,08:00,12:00,12:00,16:00
136,9,WORK,5,1,08:00,12:00,12:00,16:00
136,10,WORK,4,2,08:00,12:00,13:00,17:00
137,1,REST,,,,,,
137,2,WORK,3,3,08:00,12:00,14:00,18:00
137,3,REST,,,,,,
137,4,WORK,4,8,10:00,14:00,14:00,18:00
137,5,WORK,5,1,08:00,12:00,12:00,16:00
137,6,WORK,4,10,11:00,15:00,15:00,19:00
137,7,WORK,4,10,11:00,15:00,15:00,19:00
137,8,WORK,5,1,08:00,12:00,12:00,16:00
137,9,WORK,5,1,08:00,12:00,12:00,16:00
137,10,WORK,4,2,08:00,12:00,13:00,17:00
138,1,REST,,,,,,
138,2,WORK,3,3,08:00,12:00,14:00,18:00
138,3,REST,,,,,,
138,4,WORK,4,8,10:00,14:00,14:00,18:00
138,5,WORK,5,1,08:00,12:00,12:00,16:00
138,6,WORK,5,1,08:00,12:00,12:00,16:00
138,7,WORK,4,10,11:00,15:00,15:00,19:00
138,8,WORK,5,1,08:00,12:00,12:00,16:00
138,9,WORK,5,1,08:00,12:00,12:00,16:00
138,10,WORK,4,3,08:00,12:00,14:00,18:00
139,1,REST,,,,,,
139,2,WORK,3,3,08:00,12:00,14:00,18:00
139,3,REST,,,,,,
139,4,WORK,5,1,08:00,12:00,12:00,16:00
139,5,WORK,5,1,08:00,12:00,12:00,16:00
139,6,WORK,5,1,08:00,12:00,12:00,16:00
139,7,WORK,4,10,11:00,15:00,15:00,19:00
139,8,WORK,5,1,08:00,12:00,12:00,16:00
139,9,WORK,5,1,08:00,12:00,12:00,16:00
139,10,WORK,4,3,08:00,12:00,14:00,18:00
140,1,REST,,,,,,
140,2,WORK,3,3,08:00,12:00,14:00,18:00
140,3,REST,,,,,,
140,4,WORK,5,1,08:00,12:00,12:00,16:00
140,5,WORK,5,1,08:00,12:00,12:00,16:00
140,6,WORK,5,1,08:00,12:00,12:00,16:00
140,7,WORK,4,10,11:00,15:00,15:00,19:00
140,8,WORK,5,1,08:00,12:00,12:00,16:00
140,9,WORK,5,1,08:00,12:00,12:00,16:00
140,10,WORK,4,3,08:00,12:00,14:00,18:00
141,1,REST,,,,,,
141,2,WORK,3,3,08:00,12:00,14:00,18:00
141,3,REST,,,,,,
141,4,WORK,5,1,08:00,12:00,12:00,16:00
141,5,WORK,5,1,08:00,12:00,12:00,16:00
141,6,WORK,5,1,08:00,12:00,12:00,16:00
141,7,WORK,5,1,08:00,12:00,12:00,16:00
141,8,WORK,5,1,08:00,12:00,12:00,16:00
141,9,WORK,5,1,08:00,12:00,12:00,16:00
141,10,WORK,4,3,08:00,12:00,14:00,18:00
142,1,REST,,,,,,
142,2,WORK,3,3,08:00,12:00,14:00,18:00
142,3,REST,,,,,,
142,4,WORK,5,1,08:00,12:00,12:00,16:00
142,5,WORK,5,1,08:00,12:00,12:00,16:00
142,6,WORK,5,1,08:00,12:00,12:00,16:00
142,7,WORK,5,1,08:00,12:00,12:00,16:00
142,8,WORK,5,1,08:00,12:00,12:00,16:00
142,9,WORK,5,1,08:00,12:00,12:00,16:00
142,10,WORK,4,3,08:00,12:00,14:00,18:00
143,1,REST,,,,,,
143,2,WORK,3,3,08:00,12:00,14:00,18:00
143,3,REST,,,,,,
143,4,WORK,5,1,08:00,12:00,12:00,16:00
143,5,WORK,5,1,08:00,12:00,12:00,16:00
143,6,WORK,5,1,08:00,12:00,12:00,16:00
143,7,WORK,5,1,08:00,12:00,12:00,16:00
143,8,WORK,5,1,08:00,12:00,12:00,16:00
143,9,WORK,5,1,08:00,12:00,12:00,16:00
143,10,WORK,4,4,08:00,12:00,15:00,19:00
144,1,REST,,,,,,
144,2,WORK,3,3,08:00,12:00,14:00,18:00
144,3,REST,,,,,,
144,4,WORK,5,1,08:00,12:00,12:00,16:00
144,5,WORK,5,1,08:00,12:00,12:00,16:00
144,6,WORK,5,1,08:00,12:00,12:00,16:00
144,7,WORK,5,1,08:00,12:00,12:00,16:00
144,8,WORK,5,4,08:00,12:00,15:00,19:00
144,9,WORK,5,1,08:00,12:00,12:00,16:00
144,10,WORK,4,4,08:00,12:00,15:00,19:00
145,1,REST,,,,,,
145,2,WORK,3,3,08:00,12:00,14:00,18:00
145,3,REST,,,,,,
145,4,WORK,5,4,08:00,12:00,15:00,19:00
145,5,WORK,5,4,08:00,12:00,15:00,19:00
145,6,WORK,5,1,08:00,12:00,12:00,16:00
145,7,WORK,5,1,08:00,12:00,12:00,16:00
145,8,WORK,5,4,08:00,12:00,15:00,19:00
145,9,WORK,5,1,08:00,12:00,12:00,16:00
145,10,WORK,4,5,09:00,13:00,13:00,17:00
146,1,REST,,,,,,
146,2,WORK,3,3,08:00,12:00,14:00,18:00
146,3,REST,,,,,,
146,4,WORK,5,4,08:00,12:00,15:00,19:00
146,5,WORK,5,4,08:00,12:00,15:00,19:00
146,6,WORK,5,1,08:00,12:00,12:00,16:00
146,7,WORK,5,1,08:00,12:00,12:00,16:00
146,8,WORK,5,4,08:00,12:00,15:00,19:00
146,9,WORK,5,3,08:00,12:00,14:00,18:00
146,10,WORK,4,5,09:00,13:00,13:00,17:00
147,1,REST,,,,,,
147,2,WORK,3,3,08:00,12:00,14:00,18:00
147,3,REST,,,,,,
147,4,WORK,5,4,08:00,12:00,15:00,19:00
147,5,WORK,5,4,08:00,12:00,15:00,19:00
147,6,WORK,5,3,08:00,12:00,14:00,18:00
147,7,WORK,5,1,08:00,12:00,12:00,16:00
147,8,WORK,5,4,08:00,12:00,15:00,19:00
147,9,WORK,5,3,08:00,12:00,14:00,18:00
147,10,WORK,4,5,09:00,13:00,13:00,17:00
148,1,REST,,,,,,
148,2,WORK,3,3,08:00,12:00,14:00,18:00
148,3,REST,,,,,,
148,4,WORK,5,4,08:00,12:00,15:00,19:00
148,5,WORK,5,4,08:00,12:00,15:00,19:00
148,6,WORK,5,3,08:00,12:00,14:00,18:00
148,7,WORK,5,1,08:00,12:00,12:00,16:00
148,8,WORK,5,4,08:00,12:00,15:00,19:00
148,9,WORK,5,4,08:00,12:00,15:00,19:00
148,10,WORK,4,5,09:00,13:00,13:00,17:00
149,1,REST,,,,,,
149,2,WORK,3,3,08:00,12:00,14:00,18:00
149,3,REST,,,,,,
149,4,WORK,5,4,08:00,12:00,15:00,19:00
149,5,WORK,5,4,08:00,12:00,15:00,19:00
149,6,WORK,5,4,08:00,12:00,15:00,19:00
149,7,WORK,5,1,08:00,12:00,12:00,16:00
149,8,WORK,5,4,08:00,12:00,15:00,19:00
149,9,WORK,5,4,08:00,12:00,15:00,19:00
149,10,WORK,4,5,09:00,13:00,13:00,17:00
150,1,REST,,,,,,
150,2,WORK,3,4,08:00,12:00,15:00,19:00
150,3,WORK,3,1,08:00,12:00,12:00,16:00
150,4,REST,,,,,,
150,5,WORK,5,4,08:00,12:00,15:00,19:00
150,6,WORK,5,4,08:00,12:00,15:00,19:00
150,7,WORK,5,1,08:00,12:00,12:00,16:00
150,8,WORK,5,4,08:00,12:00,15:00,19:00
150,9,WORK,5,4,08:00,12:00,15:00,19:00
150,10,WORK,4,5,09:00,13:00,13:00,17:00
151,1,REST,,,,,,
151,2,WORK,3,4,08:00,12:00,15:00,19:00
151,3,WORK,3,1,08:00,12:00,12:00,16:00
151,4,REST,,,,,,
151,5,WORK,5,4,08:00,12:00,15:00,19:00
151,6,WORK,5,4,08:00,12:00,15:00,19:00
151,7,WORK,5,1,08:00,12:00,12:00,16:00
151,8,WORK,5,4,08:00,12:00,15:00,19:00
151,9,WORK,5,4,08:00,12:00,15:00,19:00
151,10,WORK,4,5,09:00,13:00,13:00,17:00
152,1,REST,,,,,,
152,2,WORK,3,8,10:00,14:00,14:00,18:00
152,3,WORK,3,1,08:00,12:00,12:00,16:00
152,4,REST,,,,,,
152,5,WORK,5,4,08:00,12:00,15:00,19:00
152,6,WORK,5,4,08:00,12:00,15:00,19:00
152,7,WORK,5,1,08:00,12:00,12:00,16:00
152,8,WORK,5,4,08:00,12:00,15:00,19:00
152,9,WORK,5,4,08:00,12:00,15:00,19:00
152,10,WORK,4,5,09:00,13:00,13:00,17:00
153,1,REST,,,,,,
153,2,WORK,3,8,10:00,14:00,14:00,18:00
153,3,WORK,3,1,08:00,12:00,12:00,16:00
153,4,REST,,,,,,
153,5,WORK,5,4,08:00,12:00,15:00,19:00
153,6,WORK,5,4,08:00,12:00,15:00,19:00
153,7,WORK,5,1,08:00,12:00,12:00,16:00
153,8,WORK,5,4,08:00,12:00,15:00,19:00
153,9,WORK,5,4,08:00,12:00,15:00,19:00
153,10,WORK,4,5,09:00,13:00,13:00,17:00
154,1,REST,,,,,,
154,2,WORK,3,8,10:00,14:00,14:00,18:00
154,3,WORK,3,1,08:00,12:00,12:00,16:00
154,4,REST,,,,,,
154,5,WORK,5,4,08:00,12:00,15:00,19:00
154,6,WORK,5,4,08:00,12:00,15:00,19:00
154,7,WORK,5,3,08:00,12:00,14:00,18:00
154,8,WORK,5,4,08:00,12:00,15:00,19:00
154,9,WORK,5,4,08:00,12:00,15:00,19:00
154,10,WORK,4,5,09:00,13:00,13:00,17:00
155,1,REST,,,,,,
155,2,WORK,3,8,10:00,14:00,14:00,18:00
155,3,WORK,3,1,08:00,12:00,12:00,16:00
155,4,REST,,,,,,
155,5,WORK,5,4,08:00,12:00,15:00,19:00
155,6,WORK,5,8,10:00,14:00,14:00,18:00
155,7,WORK,5,4,08:00,12:00,15:00,19:00
155,8,WORK,5,4,08:00,12:00,15:00,19:00
155,9,WORK,5,4,08:00,12:00,15:00,19:00
155,10,WORK,4,10,11:00,15:00,15:00,19:00
156,1,REST,,,,,,
156,2,WORK,3,8,10:00,14:00,14:00,18:00
156,3,WORK,3,1,08:00,12:00,12:00,16:00
156,4,REST,,,,,,
156,5,WORK,5,4,08:00,12:00,15:00,19:00
156,6,WORK,5,8,10:00,14:00,14:00,18:00
156,7,WORK,5,4,08:00,12:00,15:00,19:00
156,8,WORK,5,4,08:00,12:00,15:00,19:00
156,9,WORK,5,4,08:00,12:00,15:00,19:00
156,10,WORK,5,1,08:00,12:00,12:00,16:00
157,1,REST,,,,,,
157,2,WORK,3,8,10:00,14:00,14:00,18:00
157,3,WORK,3,2,08:00,12:00,13:00,17:00
157,4,REST,,,,,,
157,5,WORK,5,10,11:00,15:00,15:00,19:00
157,6,WORK,5,8,10:00,14:00,14:00,18:00
157,7,WORK,5,4,08:00,12:00,15:00,19:00
157,8,WORK,5,4,08:00,12:00,15:00,19:00
157,9,WORK,5,4,08:00,12:00,15:00,19:00
157,10,WORK,5,1,08:00,12:00,12:00,16:00
158,1,REST,,,,,,
158,2,WORK,3,8,10:00,14:00,14:00,18:00
158,3,WORK,3,2,08:00,12:00,13:00,17:00
158,4,REST,,,,,,
158,5,WORK,5,10,11:00,15:00,15:00,19:00
158,6,WORK,5,8,10:00,14:00,14:00,18:00
158,7,WORK,5,4,08:00,12:00,15:00,19:00
158,8,WORK,5,4,08:00,12:00,15:00,19:00
158,9,WORK,5,4,08:00,12:00,15:00,19:00
158,10,WORK,5,1,08:00,12:00,12:00,16:00
159,1,REST,,,,,,
159,2,WORK,3,8,10:00,14:00,14:00,18:00
159,3,WORK,3,2,08:00,12:00,13:00,17:00
159,4,REST,,,,,,
159,5,WORK,5,10,11:00,15:00,15:00,19:00
159,6,WORK,5,8,10:00,14:00,14:00,18:00
159,7,WORK,5,4,08:00,12:00,15:00,19:00
159,8,WORK,5,4,08:00,12:00,15:00,19:00
159,9,WORK,5,4,08:00,12:00,15:00,19:00
159,10,WORK,5,1,08:00,12:00,12:00,16:00
160,1,REST,,,,,,
160,2,WORK,3,8,10:00,14:00,14:00,18:00
160,3,WORK,3,2,08:00,12:00,13:00,17:00
160,4,REST,,,,,,
160,5,WORK,5,10,11:00,15:00,15:00,19:00
160,6,WORK,5,8,10:00,14:00,14:00,18:00
160,7,WORK,5,4,08:00,12:00,15:00,19:00
160,8,WORK,5,4,08:00,12:00,15:00,19:00
160,9,WORK,5,4,08:00,12:00,15:00,19:00
160,10,WORK,5,1,08:00,12:00,12:00,16:00
161,1,REST,,,,,,
161,2,WORK,4,1,08:00,12:00,12:00,16:00
161,3,WORK,3,2,08:00,12:00,13:00,17:00
161,4,REST,,,,,,
161,5,WORK,5,10,11:00,15:00,15:00,19:00
161,6,WORK,5,8,10:00,14:00,14:00,18:00
161,7,WORK,5,4,08:00,12:00,15:00,19:00
161,8,WORK,5,8,10:00,14:00,14:00,18:00
161,9,WORK,5,4,08:00,12:00,15:00,19:00
161,10,WORK,5,1,08:00,12:00,12:00,16:00
162,1,REST,,,,,,
162,2,WORK,4,1,08:00,12:00,12:00,16:00
162,3,WORK,3,2,08:00,12:00,13:00,17:00
162,4,REST,,,,,,
162,5,WORK,5,10,11:00,15:00,15:00,19:00
162,6,WORK,5,8,10:00,14:00,14:00,18:00
162,7,WORK,5,4,08:00,12:00,15:00,19:00
162,8,WORK,5,8,10:00,14:00,14:00,18:00
162,9,WORK,5,6,09:00,13:00,14:00,18:00
162,10,WORK,5,2,08:00,12:00,13:00,17:00
163,1,REST,,,,,,
163,2,WORK,4,1,08:00,12:00,12:00,16:00
163,3,WORK,3,2,08:00,12:00,13:00,17:00
163,4,REST,,,,,,
163,5,WORK,5,10,11:00,15:00,15:00,19:00
163,6,WORK,5,8,10:00,14:00,14:00,18:00
163,7,WORK,5,4,08:00,12:00,15:00,19:00
163,8,WORK,5,8,10:00,14:00,14:00,18:00
163,9,WORK,5,10,11:00,15:00,15:00,19:00
163,10,WORK,5,2,08:00,12:00,13:00,17:00
164,1,REST,,,,,,
164,2,WORK,4,1,08:00,12:00,12:00,16:00
164,3,WORK,3,2,08:00,12:00,13:00,17:00
164,4,REST,,,,,,
164,5,WORK,5,10,11:00,15:00,15:00,19:00
164,6,WORK,5,8,10:00,14:00,14:00,18:00
164,7,WORK,5,4,08:00,12:00,15:00,19:00
164,8,WORK,5,9,10:00,14:00,15:00,19:00
164,9,WORK,5,10,11:00,15:00,15:00,19:00
164,10,WORK,5,2,08:00,12:00,13:00,17:00
165,1,REST,,,,,,
165,2,WORK,4,1,08:00,12:00,12:00,16:00
165,3,WORK,3,2,08:00,12:00,13:00,17:00
165,4,REST,,,,,,
165,5,WORK,5,10,11:00,15:00,15:00,19:00
165,6,WORK,5,8,10:00,14:00,14:00,18:00
165,7,WORK,5,4,08:00,12:00,15:00,19:00
165,8,WORK,5,9,10:00,14:00,15:00,19:00
165,9,WORK,5,10,11:00,15:00,15:00,19:00
165,10,WORK,5,2,08:00,12:00,13:00,17:00
166,1,REST,,,,,,
166,2,WORK,4,4,08:00,12:00,15:00,19:00
166,3,WORK,3,2,08:00,12:00,13:00,17:00
166,4,REST,,,,,,
166,5,WORK,5,10,11:00,15:00,15:00,19:00
166,6,WORK,5,8,10:00,14:00,14:00,18:00
166,7,WORK,5,4,08:00,12:00,15:00,19:00
166,8,WORK,5,9,10:00,14:00,15:00,19:00
166,9,WORK,5,10,11:00,15:00,15:00,19:00
166,10,WORK,5,2,08:00,12:00,13:00,17:00
167,1,REST,,,,,,
167,2,WORK,4,4,08:00,12:00,15:00,19:00
167,3,WORK,3,2,08:00,12:00,13:00,17:00
167,4,REST,,,,,,
167,5,WORK,6,1,08:00,12:00,12:00,16:00
167,6,WORK,5,8,10:00,14:00,14:00,18:00
167,7,WORK,5,4,08:00,12:00,15:00,19:00
167,8,WORK,5,9,10:00,14:00,15:00,19:00
167,9,WORK,5,10,11:00,15:00,15:00,19:00
167,10,WORK,5,2,08:00,12:00,13:00,17:00
168,1,REST,,,,,,
168,2,WORK,4,4,08:00,12:00,15:00,19:00
168,3,WORK,3,2,08:00,12:00,13:00,17:00
168,4,REST,,,,,,
168,5,WORK,6,1,08:00,12:00,12:00,16:00
168,6,WORK,5,8,10:00,14:00,14:00,18:00
168,7,WORK,5,4,08:00,12:00,15:00,19:00
168,8,WORK,6,1,08:00,12:00,12:00,16:00
168,9,WORK,5,10,11:00,15:00,15:00,19:00
168,10,WORK,5,2,08:00,12:00,13:00,17:00
169,1,REST,,,,,,
169,2,WORK,4,4,08:00,12:00,15:00,19:00
169,3,WORK,3,2,08:00,12:00,13:00,17:00
169,4,REST,,,,,,
169,5,WORK,6,1,08:00,12:00,12:00,16:00
169,6,WORK,5,8,10:00,14:00,14:00,18:00
169,7,WORK,5,4,08:00,12:00,15:00,19:00
169,8,WORK,6,1,08:00,12:00,12:00,16:00
169,9,WORK,5,10,11:00,15:00,15:00,19:00
169,10,WORK,5,2,08:00,12:00,13:00,17:00
170,1,REST,,,,,,
170,2,WORK,4,4,08:00,12:00,15:00,19:00
170,3,WORK,3,2,08:00,12:00,13:00,17:00
170,4,REST,,,,,,
170,5,WORK,6,4,08:00,12:00,15:00,19:00
170,6,WORK,5,8,10:00,14:00,14:00,18:00
170,7,WORK,5,4,08:00,12:00,15:00,19:00
170,8,WORK,6,1,08:00,12:00,12:00,16:00
170,9,WORK,5,10,11:00,15:00,15:00,19:00
170,10,WORK,5,4,08:00,12:00,15:00,19:00
171,1,REST,,,,,,
171,2,WORK,4,4,08:00,12:00,15:00,19:00
171,3,WORK,3,2,08:00,12:00,13:00,17:00
171,4,REST,,,,,,
171,5,WORK,6,4,08:00,12:00,15:00,19:00
171,6,WORK,5,8,10:00,14:00,14:00,18:00
171,7,WORK,5,4,08:00,12:00,15:00,19:00
171,8,WORK,6,1,08:00,12:00,12:00,16:00
171,9,WORK,6,1,08:00,12:00,12:00,16:00
171,10,WORK,5,4,08:00,12:00,15:00,19:00
172,1,REST,,,,,,
172,2,WORK,4,4,08:00,12:00,15:00,19:00
172,3,WORK,3,2,08:00,12:00,13:00,17:00
172,4,REST,,,,,,
172,5,WORK,6,4,08:00,12:00,15:00,19:00
172,6,WORK,5,8,10:00,14:00,14:00,18:00
172,7,WORK,5,8,10:00,14:00,14:00,18:00
172,8,WORK,6,1,08:00,12:00,12:00,16:00
172,9,WORK,6,1,08:00,12:00,12:00,16:00
172,10,WORK,5,8,10:00,14:00,14:00,18:00
173,1,REST,,,,,,
173,2,WORK,4,4,08:00,12:00,15:00,19:00
173,3,WORK,3,2,08:00,12:00,13:00,17:00
173,4,REST,,,,,,
173,5,WORK,6,4,08:00,12:00,15:00,19:00
173,6,WORK,5,8,10:00,14:00,14:00,18:00
173,7,WORK,5,8,10:00,14:00,14:00,18:00
173,8,WORK,6,1,08:00,12:00,12:00,16:00
173,9,WORK,6,1,08:00,12:00,12:00,16:00
173,10,WORK,5,8,10:00,14:00,14:00,18:00
174,1,REST,,,,,,
174,2,WORK,4,4,08:00,12:00,15:00,19:00
174,3,WORK,3,2,08:00,12:00,13:00,17:00
174,4,REST,,,,,,
174,5,WORK,6,4,08:00,12:00,15:00,19:00
174,6,WORK,5,8,10:00,14:00,14:00,18:00
174,7,WORK,5,8,10:00,14:00,14:00,18:00
174,8,WORK,6,1,08:00,12:00,12:00,16:00
174,9,WORK,6,1,08:00,12:00,12:00,16:00
174,10,WORK,5,8,10:00,14:00,14:00,18:00
175,1,REST,,,,,,
175,2,WORK,4,4,08:00,12:00,15:00,19:00
175,3,WORK,3,2,08:00,12:00,13:00,17:00
175,4,REST,,,,,,
175,5,WORK,6,4,08:00,12:00,15:00,19:00
175,6,WORK,6,1,08:00,12:00,12:00,16:00
175,7,WORK,5,8,10:00,14:00,14:00,18:00
175,8,WORK,6,1,08:00,12:00,12:00,16:00
175,9,WORK,6,1,08:00,12:00,12:00,16:00
175,10,WORK,5,8,10:00,14:00,14:00,18:00
176,1,REST,,,,,,
176,2,WORK,4,4,08:00,12:00,15:00,19:00
176,3,WORK,3,2,08:00,12:00,13:00,17:00
176,4,REST,,,,,,
176,5,WORK,6,4,08:00,12:00,15:00,19:00
176,6,WORK,6,1,08:00,12:00,12:00,16:00
176,7,WORK,5,8,10:00,14:00,14:00,18:00
176,8,WORK,6,1,08:00,12:00,12:00,16:00
176,9,WORK,6,1,08:00,12:00,12:00,16:00
176,10,WORK,5,8,10:00,14:00,14:00,18:00
177,1,REST,,,,,,
177,2,WORK,4,4,08:00,12:00,15:00,19:00
177,3,WORK,3,3,08:00,12:00,14:00,18:00
177,4,REST,,,,,,
177,5,WORK,6,4,08:00,12:00,15:00,19:00
177,6,WORK,6,1,08:00,12:00,12:00,16:00
177,7,WORK,5,8,10:00,14:00,14:00,18:00
177,8,WORK,6,4,08:00,12:00,15:00,19:00
177,9,WORK,6,1,08:00,12:00,12:00,16:00
177,10,WORK,5,8,10:00,14:00,14:00,18:00
178,1,REST,,,,,,
178,2,WORK,4,4,08:00,12:00,15:00,19:00
178,3,WORK,3,4,08:00,12:00,15:00,19:00
178,4,REST,,,,,,
178,5,WORK,6,4,08:00,12:00,15:00,19:00
178,6,WORK,6,1,08:00,12:00,12:00,16:00
178,7,WORK,5,8,10:00,14:00,14:00,18:00
178,8,WORK,6,4,08:00,12:00,15:00,19:00
178,9,WORK,6,1,08:00,12:00,12:00,16:00
178,10,WORK,5,8,10:00,14:00,14:00,18:00
179,1,REST,,,,,,
179,2,WORK,4,4,08:00,12:00,15:00,19:00
179,3,WORK,3,4,08:00,12:00,15:00,19:00
179,4,REST,,,,,,
179,5,WORK,6,4,08:00,12:00,15:00,19:00
179,6,WORK,6,1,08:00,12:00,12:00,16:00
179,7,WORK,5,8,10:00,14:00,14:00,18:00
179,8,WORK,6,4,08:00,12:00,15:00,19:00
179,9,WORK,6,1,08:00,12:00,12:00,16:00
179,10,WORK,5,9,10:00,14:00,15:00,19:00
180,1,REST,,,,,,
180,2,WORK,4,7,09:00,13:00,15:00,19:00
180,3,WORK,3,8,10:00,14:00,14:00,18:00
180,4,REST,,,,,,
180,5,WORK,6,4,08:00,12:00,15:00,19:00
180,6,WORK,6,1,08:00,12:00,12:00,16:00
180,7,WORK,5,8,10:00,14:00,14:00,18:00
180,8,WORK,6,4,08:00,12:00,15:00,19:00
180,9,WORK,6,3,08:00,12:00,14:00,18:00
180,10,WORK,5,9,10:00,14:00,15:00,19:00
181,1,REST,,,,,,
181,2,WORK,4,7,09:00,13:00,15:00,19:00
181,3,WORK,3,8,10:00,14:00,14:00,18:00
181,4,REST,,,,,,
181,5,WORK,6,7,09:00,13:00,15:00,19:00
181,6,WORK,6,1,08:00,12:00,12:00,16:00
181,7,WORK,5,8,10:00,14:00,14:00,18:00
181,8,WORK,6,4,08:00,12:00,15:00,19:00
181,9,WORK,6,3,08:00,12:00,14:00,18:00
181,10,WORK,5,9,10:00,14:00,15:00,19:00
182,1,REST,,,,,,
182,2,WORK,4,7,09:00,13:00,15:00,19:00
182,3,WORK,3,8,10:00,14:00,14:00,18:00
182,4,REST,,,,,,
182,5,WORK,6,7,09:00,13:00,15:00,19:00
182,6,WORK,6,1,08:00,12:00,12:00,16:00
182,7,WORK,6,1,08:00,12:00,12:00,16:00
182,8,WORK,6,4,08:00,12:00,15:00,19:00
182,9,WORK,6,4,08:00,12:00,15:00,19:00
182,10,WORK,5,9,10:00,14:00,15:00,19:00
183,1,REST,,,,,,
183,2,WORK,4,7,09:00,13:00,15:00,19:00
183,3,WORK,4,4,08:00,12:00,15:00,19:00
183,4,REST,,,,,,
183,5,WORK,6,7,09:00,13:00,15:00,19:00
183,6,WORK,6,1,08:00,12:00,12:00,16:00
183,7,WORK,6,1,08:00,12:00,12:00,16:00
183,8,WORK,6,4,08:00,12:00,15:00,19:00
183,9,WORK,6,4,08:00,12:00,15:00,19:00
183,10,WORK,5,9,10:00,14:00,15:00,19:00
184,1,REST,,,,,,
184,2,WORK,4,7,09:00,13:00,15:00,19:00
184,3,WORK,4,4,08:00,12:00,15:00,19:00
184,4,REST,,,,,,
184,5,WORK,6,7,09:00,13:00,15:00,19:00
184,6,WORK,6,1,08:00,12:00,12:00,16:00
184,7,WORK,6,1,08:00,12:00,12:00,16:00
184,8,WORK,6,4,08:00,12:00,15:00,19:00
184,9,WORK,6,4,08:00,12:00,15:00,19:00
184,10,WORK,6,1,08:00,12:00,12:00,16:00
185,1,REST,,,,,,
185,2,WORK,4,7,09:00,13:00,15:00,19:00
185,3,WORK,4,4,08:00,12:00,15:00,19:00
185,4,REST,,,,,,
185,5,WORK,6,7,09:00,13:00,15:00,19:00
185,6,WORK,6,1,08:00,12:00,12:00,16:00
185,7,WORK,6,1,08:00,12:00,12:00,16:00
185,8,WORK,6,4,08:00,12:00,15:00,19:00
185,9,WORK,6,4,08:00,12:00,15:00,19:00
185,10,WORK,6,1,08:00,12:00,12:00,16:00
186,1,REST,,,,,,
186,2,WORK,4,10,11:00,15:00,15:00,19:00
186,3,WORK,4,4,08:00,12:00,15:00,19:00
186,4,REST,,,,,,
186,5,WORK,6,7,09:00,13:00,15:00,19:00
186,6,WORK,6,1,08:00,12:00,12:00,16:00
186,7,WORK,6,1,08:00,12:00,12:00,16:00
186,8,WORK,6,4,08:00,12:00,15:00,19:00
186,9,WORK,6,4,08:00,12:00,15:00,19:00
186,10,WORK,6,1,08:00,12:00,12:00,16:00
187,1,REST,,,,,,
187,2,WORK,4,10,11:00,15:00,15:00,19:00
187,3,WORK,4,4,08:00,12:00,15:00,19:00
187,4,REST,,,,,,
187,5,WORK,6,7,09:00,13:00,15:00,19:00
187,6,WORK,6,1,08:00,12:00,12:00,16:00
187,7,WORK,6,1,08:00,12:00,12:00,16:00
187,8,WORK,6,4,08:00,12:00,15:00,19:00
187,9,WORK,6,4,08:00,12:00,15:00,19:00
187,10,WORK,6,1,08:00,12:00,12:00,16:00
188,1,REST,,,,,,
188,2,WORK,4,10,11:00,15:00,15:00,19:00
188,3,WORK,4,4,08:00,12:00,15:00,19:00
188,4,REST,,,,,,
188,5,WORK,6,7,09:00,13:00,15:00,19:00
188,6,WORK,6,1,08:00,12:00,12:00,16:00
188,7,WORK,6,1,08:00,12:00,12:00,16:00
188,8,WORK,6,4,08:00,12:00,15:00,19:00
188,9,WORK,6,4,08:00,12:00,15:00,19:00
188,10,WORK,6,1,08:00,12:00,12:00,16:00
189,1,REST,,,,,,
189,2,WORK,4,10,11:00,15:00,15:00,19:00
189,3,WORK,4,4,08:00,12:00,15:00,19:00
189,4,REST,,,,,,
189,5,WORK,6,7,09:00,13:00,15:00,19:00
189,6,WORK,6,1,08:00,12:00,12:00,16:00
189,7,WORK,6,1,08:00,12:00,12:00,16:00
189,8,WORK,6,4,08:00,12:00,15:00,19:00
189,9,WORK,6,4,08:00,12:00,15:00,19:00
189,10,WORK,6,1,08:00,12:00,12:00,16:00
190,1,REST,,,,,,
190,2,WORK,4,10,11:00,15:00,15:00,19:00
190,3,WORK,4,4,08:00,12:00,15:00,19:00
190,4,REST,,,,,,
190,5,WORK,6,7,09:00,13:00,15:00,19:00
190,6,WORK,6,1,08:00,12:00,12:00,16:00
190,7,WORK,6,1,08:00,12:00,12:00,16:00
190,8,WORK,6,4,08:00,12:00,15:00,19:00
190,9,WORK,6,4,08:00,12:00,15:00,19:00
190,10,WORK,6,1,08:00,12:00,12:00,16:00
191,1,REST,,,,,,
191,2,WORK,4,10,11:00,15:00,15:00,19:00
191,3,WORK,4,4,08:00,12:00,15:00,19:00
191,4,REST,,,,,,
191,5,WORK,6,7,09:00,13:00,15:00,19:00
191,6,WORK,6,1,08:00,12:00,12:00,16:00
191,7,WORK,6,1,08:00,12:00,12:00,16:00
191,8,WORK,6,7,09:00,13:00,15:00,19:00
191,9,WORK,6,4,08:00,12:00,15:00,19:00
191,10,WORK,6,1,08:00,12:00,12:00,16:00
192,1,REST,,,,,,
192,2,WORK,4,10,11:00,15:00,15:00,19:00
192,3,WORK,4,4,08:00,12:00,15:00,19:00
192,4,REST,,,,,,
192,5,WORK,6,7,09:00,13:00,15:00,19:00
192,6,WORK,6,1,08:00,12:00,12:00,16:00
192,7,WORK,6,4,08:00,12:00,15:00,19:00
192,8,WORK,6,9,10:00,14:00,15:00,19:00
192,9,WORK,6,6,09:00,13:00,14:00,18:00
192,10,WORK,6,1,08:00,12:00,12:00,16:00
193,1,WORK,2,4,08:00,12:00,15:00,19:00
193,2,WORK,4,10,11:00,15:00,15:00,19:00
193,3,WORK,4,4,08:00,12:00,15:00,19:00
193,4,REST,,,,,,
193,5,REST,,,,,,
193,6,WORK,6,1,08:00,12:00,12:00,16:00
193,7,WORK,6,4,08:00,12:00,15:00,19:00
193,8,WORK,6,9,10:00,14:00,15:00,19:00
193,9,WORK,6,6,09:00,13:00,14:00,18:00
193,10,WORK,6,1,08:00,12:00,12:00,16:00
194,1,WORK,2,4,08:00,12:00,15:00,19:00
194,2,WORK,4,10,11:00,15:00,15:00,19:00
194,3,WORK,4,4,08:00,12:00,15:00,19:00
194,4,REST,,,,,,
194,5,REST,,,,,,
194,6,WORK,6,4,08:00,12:00,15:00,19:00
194,7,WORK,6,4,08:00,12:00,15:00,19:00
194,8,WORK,6,9,10:00,14:00,15:00,19:00
194,9,WORK,6,6,09:00,13:00,14:00,18:00
194,10,WORK,6,1,08:00,12:00,12:00,16:00
195,1,WORK,2,4,08:00,12:00,15:00,19:00
195,2,WORK,4,10,11:00,15:00,15:00,19:00
195,3,WORK,4,4,08:00,12:00,15:00,19:00
195,4,REST,,,,,,
195,5,REST,,,,,,
195,6,WORK,6,4,08:00,12:00,15:00,19:00
195,7,WORK,6,4,08:00,12:00,15:00,19:00
195,8,WORK,6,9,10:00,14:00,15:00,19:00
195,9,WORK,6,6,09:00,13:00,14:00,18:00
195,10,WORK,6,1,08:00,12:00,12:00,16:00
196,1,WORK,2,4,08:00,12:00,15:00,19:00
196,2,WORK,5,1,08:00,12:00,12:00,16:00
196,3,WORK,4,4,08:00,12:00,15:00,19:00
196,4,REST,,,,,,
196,5,REST,,,,,,
196,6,WORK,6,4,08:00,12:00,15:00,19:00
196,7,WORK,6,4,08:00,12:00,15:00,19:00
196,8,WORK,6,9,10:00,14:00,15:00,19:00
196,9,WORK,6,6,09:00,13:00,14:00,18:00
196,10,WORK,6,3,08:00,12:00,14:00,18:00
197,1,WORK,2,4,08:00,12:00,15:00,19:00
197,2,WORK,5,1,08:00,12:00,12:00,16:00
197,3,WORK,4,4,08:00,12:00,15:00,19:00
197,4,REST,,,,,,
197,5,REST,,,,,,
197,6,WORK,6,4,08:00,12:00,15:00,19:00
197,7,WORK,6,4,08:00,12:00,15:00,19:00
197,8,WORK,6,9,10:00,14:00,15:00,19:00
197,9,WORK,6,6,09:00,13:00,14:00,18:00
197,10,WORK,6,3,08:00,12:00,14:00,18:00
198,1,WORK,2,10,11:00,15:00,15:00,19:00
198,2,WORK,5,1,08:00,12:00,12:00,16:00
198,3,WORK,4,4,08:00,12:00,15:00,19:00
198,4,REST,,,,,,
198,5,REST,,,,,,
198,6,WORK,6,4,08:00,12:00,15:00,19:00
198,7,WORK,6,4,08:00,12:00,15:00,19:00
198,8,WORK,6,9,10:00,14:00,15:00,19:00
198,9,WORK,6,6,09:00,13:00,14:00,18:00
198,10,WORK,6,3,08:00,12:00,14:00,18:00
199,1,WORK,2,10,11:00,15:00,15:00,19:00
199,2,WORK,5,1,08:00,12:00,12:00,16:00
199,3,WORK,4,4,08:00,12:00,15:00,19:00
199,4,REST,,,,,,
199,5,REST,,,,,,
199,6,WORK,6,6,09:00,13:00,14:00,18:00
199,7,WORK,6,4,08:00,12:00,15:00,19:00
199,8,WORK,6,9,10:00,14:00,15:00,19:00
199,9,WORK,6,6,09:00,13:00,14:00,18:00
199,10,WORK,6,3,08:00,12:00,14:00,18:00
200,1,WORK,2,10,11:00,15:00,15:00,19:00
200,2,WORK,5,1,08:00,12:00,12:00,16:00
200,3,WORK,4,4,08:00,12:00,15:00,19:00
200,4,REST,,,,,,
200,5,REST,,,,,,
200,6,WORK,6,6,09:00,13:00,14:00,18:00
200,7,WORK,6,4,08:00,12:00,15:00,19:00
200,8,WORK,6,9,10:00,14:00,15:00,19:00
200,9,WORK,6,8,10:00,14:00,14:00,18:00
200,10,WORK,6,3,08:00,12:00,14:00,18:00
201,1,WORK,2,10,11:00,15:00,15:00,19:00
201,2,WORK,5,1,08:00,12:00,12:00,16:00
201,3,WORK,4,7,09:00,13:00,15:00,19:00
201,4,REST,,,,,,
201,5,REST,,,,,,
201,6,WORK,6,6,09:00,13:00,14:00,18:00
201,7,WORK,6,4,08:00,12:00,15:00,19:00
201,8,WORK,6,9,10:00,14:00,15:00,19:00
201,9,WORK,6,8,10:00,14:00,14:00,18:00
201,10,WORK,6,3,08:00,12:00,14:00,18:00
202,1,WORK,3,3,08:00,12:00,14:00,18:00
202,2,WORK,5,1,08:00,12:00,12:00,16:00
202,3,WORK,4,7,09:00,13:00,15:00,19:00
202,4,REST,,,,,,
202,5,REST,,,,,,
202,6,WORK,6,6,09:00,13:00,14:00,18:00
202,7,WORK,6,4,08:00,12:00,15:00,19:00
202,8,WORK,6,9,10:00,14:00,15:00,19:00
202,9,WORK,7,1,08:00,12:00,12:00,16:00
202,10,WORK,6,4,08:00,12:00,15:00,19:00
203,1,WORK,3,3,08:00,12:00,14:00,18:00
203,2,WORK,5,1,08:00,12:00,12:00,16:00
203,3,WORK,4,7,09:00,13:00,15:00,19:00
203,4,REST,,,,,,
203,5,REST,,,,,,
203,6,WORK,6,7,09:00,13:00,15:00,19:00
203,7,WORK,6,4,08:00,12:00,15:00,19:00
203,8,WORK,6,10,11:00,15:00,15:00,19:00
203,9,WORK,7,1,08:00,12:00,12:00,16:00
203,10,WORK,6,4,08:00,12:00,15:00,19:00
204,1,WORK,3,3,08:00,12:00,14:00,18:00
204,2,WORK,5,1,08:00,12:00,12:00,16:00
204,3,WORK,4,7,09:00,13:00,15:00,19:00
204,4,REST,,,,,,
204,5,REST,,,,,,
204,6,WORK,7,1,08:00,12:00,12:00,16:00
204,7,WORK,6,4,08:00,12:00,15:00,19:00
204,8,WORK,6,10,11:00,15:00,15:00,19:00
204,9,WORK,7,1,08:00,12:00,12:00,16:00
204,10,WORK,6,4,08:00,12:00,15:00,19:00
205,1,WORK,3,3,08:00,12:00,14:00,18:00
205,2,WORK,5,1,08:00,12:00,12:00,16:00
205,3,WORK,4,7,09:00,13:00,15:00,19:00
205,4,REST,,,,,,
205,5,REST,,,,,,
205,6,WORK,7,1,08:00,12:00,12:00,16:00
205,7,WORK,6,4,08:00,12:00,15:00,19:00
205,8,WORK,7,1,08:00,12:00,12:00,16:00
205,9,WORK,7,1,08:00,12:00,12:00,16:00
205,10,WORK,6,4,08:00,12:00,15:00,19:00
206,1,WORK,3,3,08:00,12:00,14:00,18:00
206,2,WORK,5,1,08:00,12:00,12:00,16:00
206,3,WORK,4,9,10:00,14:00,15:00,19:00
206,4,REST,,,,,,
206,5,REST,,,,,,
206,6,WORK,7,1,08:00,12:00,12:00,16:00
206,7,WORK,6,4,08:00,12:00,15:00,19:00
206,8,WORK,7,1,08:00,12:00,12:00,16:00
206,9,WORK,7,1,08:00,12:00,12:00,16:00
206,10,WORK,6,4,08:00,12:00,15:00,19:00
207,1,WORK,3,3,08:00,12:00,14:00,18:00
207,2,WORK,5,1,08:00,12:00,12:00,16:00
207,3,WORK,4,9,10:00,14:00,15:00,19:00
207,4,REST,,,,,,
207,5,REST,,,,,,
207,6,WORK,7,1,08:00,12:00,12:00,16:00
207,7,WORK,6,4,08:00,12:00,15:00,19:00
207,8,WORK,7,1,08:00,12:00,12:00,16:00
207,9,WORK,7,1,08:00,12:00,12:00,16:00
207,10,WORK,6,4,08:00,12:00,15:00,19:00
208,1,WORK,3,4,08:00,12:00,15:00,19:00
208,2,WORK,5,1,08:00,12:00,12:00,16:00
208,3,WORK,4,9,10:00,14:00,15:00,19:00
208,4,REST,,,,,,
208,5,REST,,,,,,
208,6,WORK,7,3,08:00,12:00,14:00,18:00
208,7,WORK,6,4,08:00,12:00,15:00,19:00
208,8,WORK,7,1,08:00,12:00,12:00,16:00
208,9,WORK,7,1,08:00,12:00,12:00,16:00
208,10,WORK,6,4,08:00,12:00,15:00,19:00
209,1,WORK,3,4,08:00,12:00,15:00,19:00
209,2,WORK,5,1,08:00,12:00,12:00,16:00
209,3,WORK,4,9,10:00,14:00,15:00,19:00
209,4,REST,,,,,,
209,5,REST,,,,,,
209,6,WORK,7,3,08:00,12:00,14:00,18:00
209,7,WORK,6,4,08:00,12:00,15:00,19:00
209,8,WORK,7,1,08:00,12:00,12:00,16:00
209,9,WORK,7,4,08:00,12:00,15:00,19:00
209,10,WORK,6,4,08:00,12:00,15:00,19:00
210,1,WORK,3,4,08:00,12:00,15:00,19:00
210,2,WORK,5,1,08:00,12:00,12:00,16:00
210,3,WORK,4,10,11:00,15:00,15:00,19:00
210,4,REST,,,,,,
210,5,REST,,,,,,
210,6,WORK,7,3,08:00,12:00,14:00,18:00
210,7,WORK,6,4,08:00,12:00,15:00,19:00
210,8,WORK,7,1,08:00,12:00,12:00,16:00
210,9,WORK,7,4,08:00,12:00,15:00,19:00
210,10,WORK,6,4,08:00,12:00,15:00,19:00
211,1,WORK,3,8,10:00,14:00,14:00,18:00
211,2,WORK,5,1,08:00,12:00,12:00,16:00
211,3,WORK,5,1,08:00,12:00,12:00,16:00
211,4,REST,,,,,,
211,5,REST,,,,,,
211,6,WORK,7,3,08:00,12:00,14:00,18:00
211,7,WORK,6,4,08:00,12:00,15:00,19:00
211,8,WORK,7,1,08:00,12:00,12:00,16:00
211,9,WORK,7,4,08:00,12:00,15:00,19:00
211,10,WORK,6,4,08:00,12:00,15:00,19:00
212,1,WORK,3,8,10:00,14:00,14:00,18:00
212,2,WORK,5,3,08:00,12:00,14:00,18:00
212,3,WORK,5,1,08:00,12:00,12:00,16:00
212,4,REST,,,,,,
212,5,REST,,,,,,
212,6,WORK,7,4,08:00,12:00,15:00,19:00
212,7,WORK,6,7,09:00,13:00,15:00,19:00
212,8,WORK,7,1,08:00,12:00,12:00,16:00
212,9,WORK,7,4,08:00,12:00,15:00,19:00
212,10,WORK,6,4,08:00,12:00,15:00,19:00
213,1,WORK,3,8,10:00,14:00,14:00,18:00
213,2,WORK,5,3,08:00,12:00,14:00,18:00
213,3,WORK,5,1,08:00,12:00,12:00,16:00
213,4,REST,,,,,,
213,5,REST,,,,,,
213,6,WORK,7,5,09:00,13:00,13:00,17:00
213,7,WORK,6,7,09:00,13:00,15:00,19:00
213,8,WORK,7,1,08:00,12:00,12:00,16:00
213,9,WORK,7,4,08:00,12:00,15:00,19:00
213,10,WORK,6,8,10:00,14:00,14:00,18:00
214,1,WORK,3,8,10:00,14:00,14:00,18:00
214,2,WORK,5,3,08:00,12:00,14:00,18:00
214,3,WORK,5,1,08:00,12:00,12:00,16:00
214,4,REST,,,,,,
214,5,REST,,,,,,
214,6,WORK,7,5,09:00,13:00,13:00,17:00
214,7,WORK,6,7,09:00,13:00,15:00,19:00
214,8,WORK,7,1,08:00,12:00,12:00,16:00
214,9,WORK,7,4,08:00,12:00,15:00,19:00
214,10,WORK,6,8,10:00,14:00,14:00,18:00
215,1,WORK,3,8,10:00,14:00,14:00,18:00
215,2,WORK,5,3,08:00,12:00,14:00,18:00
215,3,WORK,5,4,08:00,12:00,15:00,19:00
215,4,REST,,,,,,
215,5,REST,,,,,,
215,6,WORK,7,5,09:00,13:00,13:00,17:00
215,7,WORK,6,7,09:00,13:00,15:00,19:00
215,8,WORK,7,1,08:00,12:00,12:00,16:00
215,9,WORK,7,4,08:00,12:00,15:00,19:00
215,10,WORK,6,8,10:00,14:00,14:00,18:00
216,1,WORK,3,8,10:00,14:00,14:00,18:00
216,2,WORK,5,3,08:00,12:00,14:00,18:00
216,3,WORK,5,4,08:00,12:00,15:00,19:00
216,4,REST,,,,,,
216,5,REST,,,,,,
216,6,WORK,7,5,09:00,13:00,13:00,17:00
216,7,WORK,6,7,09:00,13:00,15:00,19:00
216,8,WORK,7,1,08:00,12:00,12:00,16:00
216,9,WORK,7,4,08:00,12:00,15:00,19:00
216,10,WORK,6,10,11:00,15:00,15:00,19:00
217,1,WORK,3,8,10:00,14:00,14:00,18:00
217,2,WORK,5,3,08:00,12:00,14:00,18:00
217,3,WORK,5,4,08:00,12:00,15:00,19:00
217,4,REST,,,,,,
217,5,REST,,,,,,
217,6,WORK,7,5,09:00,13:00,13:00,17:00
217,7,WORK,6,7,09:00,13:00,15:00,19:00
217,8,WORK,7,1,08:00,12:00,12:00,16:00
217,9,WORK,7,8,10:00,14:00,14:00,18:00
217,10,WORK,6,10,11:00,15:00,15:00,19:00
218,1,WORK,3,8,10:00,14:00,14:00,18:00
218,2,WORK,5,3,08:00,12:00,14:00,18:00
218,3,WORK,5,4,08:00,12:00,15:00,19:00
218,4,REST,,,,,,
218,5,REST,,,,,,
218,6,WORK,7,5,09:00,13:00,13:00,17:00
218,7,WORK,6,7,09:00,13:00,15:00,19:00
218,8,WORK,7,2,08:00,12:00,13:00,17:00
218,9,WORK,7,8,10:00,14:00,14:00,18:00
218,10,WORK,6,10,11:00,15:00,15:00,19:00
219,1,WORK,3,8,10:00,14:00,14:00,18:00
219,2,WORK,5,3,08:00,12:00,14:00,18:00
219,3,WORK,5,4,08:00,12:00,15:00,19:00
219,4,REST,,,,,,
219,5,REST,,,,,,
219,6,WORK,7,5,09:00,13:00,13:00,17:00
219,7,WORK,6,10,11:00,15:00,15:00,19:00
219,8,WORK,7,2,08:00,12:00,13:00,17:00
219,9,WORK,7,8,10:00,14:00,14:00,18:00
219,10,WORK,6,10,11:00,15:00,15:00,19:00
220,1,WORK,4,1,08:00,12:00,12:00,16:00
220,2,WORK,5,3,08:00,12:00,14:00,18:00
220,3,WORK,5,4,08:00,12:00,15:00,19:00
220,4,REST,,,,,,
220,5,REST,,,,,,
220,6,WORK,7,5,09:00,13:00,13:00,17:00
220,7,WORK,7,1,08:00,12:00,12:00,16:00
220,8,WORK,7,2,08:00,12:00,13:00,17:00
220,9,WORK,7,8,10:00,14:00,14:00,18:00
220,10,WORK,6,10,11:00,15:00,15:00,19:00
221,1,WORK,4,1,08:00,12:00,12:00,16:00
221,2,WORK,5,4,08:00,12:00,15:00,19:00
221,3,WORK,5,4,08:00,12:00,15:00,19:00
221,4,REST,,,,,,
221,5,REST,,,,,,
221,6,WORK,7,5,09:00,13:00,13:00,17:00
221,7,WORK,7,1,08:00,12:00,12:00,16:00
221,8,WORK,7,4,08:00,12:00,15:00,19:00
221,9,WORK,7,8,10:00,14:00,14:00,18:00
221,10,WORK,6,10,11:00,15:00,15:00,19:00
222,1,WORK,4,1,08:00,12:00,12:00,16:00
222,2,WORK,5,8,10:00,14:00,14:00,18:00
222,3,WORK,5,4,08:00,12:00,15:00,19:00
222,4,REST,,,,,,
222,5,REST,,,,,,
222,6,WORK,7,5,09:00,13:00,13:00,17:00
222,7,WORK,7,1,08:00,12:00,12:00,16:00
222,8,WORK,7,4,08:00,12:00,15:00,19:00
222,9,WORK,7,8,10:00,14:00,14:00,18:00
222,10,WORK,7,2,08:00,12:00,13:00,17:00
223,1,WORK,4,1,08:00,12:00,12:00,16:00
223,2,WORK,5,8,10:00,14:00,14:00,18:00
223,3,WORK,5,4,08:00,12:00,15:00,19:00
223,4,WORK,5,4,08:00,12:00,15:00,19:00
223,5,REST,,,,,,
223,6,REST,,,,,,
223,7,WORK,7,1,08:00,12:00,12:00,16:00
223,8,WORK,7,4,08:00,12:00,15:00,19:00
223,9,WORK,7,8,10:00,14:00,14:00,18:00
223,10,WORK,7,2,08:00,12:00,13:00,17:00
224,1,WORK,4,1,08:00,12:00,12:00,16:00
224,2,WORK,5,8,10:00,14:00,14:00,18:00
224,3,WORK,5,4,08:00,12:00,15:00,19:00
224,4,WORK,5,4,08:00,12:00,15:00,19:00
224,5,REST,,,,,,
224,6,REST,,,,,,
224,7,WORK,7,1,08:00,12:00,12:00,16:00
224,8,WORK,7,4,08:00,12:00,15:00,19:00
224,9,WORK,7,8,10:00,14:00,14:00,18:00
224,10,WORK,7,2,08:00,12:00,13:00,17:00
225,1,WORK,4,1,08:00,12:00,12:00,16:00
225,2,WORK,5,8,10:00,14:00,14:00,18:00
225,3,WORK,5,4,08:00,12:00,15:00,19:00
225,4,WORK,5,6,09:00,13:00,14:00,18:00
225,5,REST,,,,,,
225,6,REST,,,,,,
225,7,WORK,7,1,08:00,12:00,12:00,16:00
225,8,WORK,7,4,08:00,12:00,15:00,19:00
225,9,WORK,7,8,10:00,14:00,14:00,18:00
225,10,WORK,7,2,08:00,12:00,13:00,17:00
226,1,WORK,4,1,08:00,12:00,12:00,16:00
226,2,WORK,5,8,10:00,14:00,14:00,18:00
226,3,WORK,5,4,08:00,12:00,15:00,19:00
226,4,WORK,5,6,09:00,13:00,14:00,18:00
226,5,REST,,,,,,
226,6,REST,,,,,,
226,7,WORK,7,1,08:00,12:00,12:00,16:00
226,8,WORK,7,4,08:00,12:00,15:00,19:00
226,9,WORK,7,8,10:00,14:00,14:00,18:00
226,10,WORK,7,2,08:00,12:00,13:00,17:00
227,1,WORK,4,1,08:00,12:00,12:00,16:00
227,2,WORK,5,8,10:00,14:00,14:00,18:00
227,3,WORK,5,4,08:00,12:00,15:00,19:00
227,4,WORK,5,6,09:00,13:00,14:00,18:00
227,5,REST,,,,,,
227,6,REST,,,,,,
227,7,WORK,7,1,08:00,12:00,12:00,16:00
227,8,WORK,7,4,08:00,12:00,15:00,19:00
227,9,WORK,7,8,10:00,14:00,14:00,18:00
227,10,WORK,7,2,08:00,12:00,13:00,17:00
228,1,WORK,4,1,08:00,12:00,12:00,16:00
228,2,WORK,5,8,10:00,14:00,14:00,18:00
228,3,WORK,5,4,08:00,12:00,15:00,19:00
228,4,WORK,5,6,09:00,13:00,14:00,18:00
228,5,REST,,,,,,
228,6,REST,,,,,,
228,7,WORK,7,1,08:00,12:00,12:00,16:00
228,8,WORK,7,4,08:00,12:00,15:00,19:00
228,9,WORK,7,8,10:00,14:00,14:00,18:00
228,10,WORK,7,2,08:00,12:00,13:00,17:00
229,1,WORK,4,1,08:00,12:00,12:00,16:00
229,2,WORK,5,8,10:00,14:00,14:00,18:00
229,3,WORK,5,4,08:00,12:00,15:00,19:00
229,4,WORK,5,6,09:00,13:00,14:00,18:00
229,5,REST,,,,,,
229,6,REST,,,,,,
229,7,WORK,7,1,08:00,12:00,12:00,16:00
229,8,WORK,7,4,08:00,12:00,15:00,19:00
229,9,WORK,7,8,10:00,14:00,14:00,18:00
229,10,WORK,7,2,08:00,12:00,13:00,17:00
230,1,WORK,4,4,08:00,12:00,15:00,19:00
230,2,WORK,5,8,10:00,14:00,14:00,18:00
230,3,WORK,5,4,08:00,12:00,15:00,19:00
230,4,WORK,5,6,09:00,13:00,14:00,18:00
230,5,REST,,,,,,
230,6,REST,,,,,,
230,7,WORK,7,1,08:00,12:00,12:00,16:00
230,8,WORK,7,9,10:00,14:00,15:00,19:00
230,9,WORK,7,8,10:00,14:00,14:00,18:00
230,10,WORK,7,2,08:00,12:00,13:00,17:00
231,1,WORK,4,4,08:00,12:00,15:00,19:00
231,2,WORK,5,8,10:00,14:00,14:00,18:00
231,3,WORK,5,10,11:00,15:00,15:00,19:00
231,4,WORK,5,6,09:00,13:00,14:00,18:00
231,5,REST,,,,,,
231,6,REST,,,,,,
231,7,WORK,7,1,08:00,12:00,12:00,16:00
231,8,WORK,7,9,10:00,14:00,15:00,19:00
231,9,WORK,7,8,10:00,14:00,14:00,18:00
231,10,WORK,7,2,08:00,12:00,13:00,17:00
232,1,WORK,4,4,08:00,12:00,15:00,19:00
232,2,WORK,6,1,08:00,12:00,12:00,16:00
232,3,WORK,5,10,11:00,15:00,15:00,19:00
232,4,WORK,5,6,09:00,13:00,14:00,18:00
232,5,REST,,,,,,
232,6,REST,,,,,,
232,7,WORK,7,1,08:00,12:00,12:00,16:00
232,8,WORK,7,9,10:00,14:00,15:00,19:00
232,9,WORK,7,8,10:00,14:00,14:00,18:00
232,10,WORK,7,2,08:00,12:00,13:00,17:00
233,1,WORK,4,6,09:00,13:00,14:00,18:00
233,2,WORK,6,1,08:00,12:00,12:00,16:00
233,3,WORK,5,10,11:00,15:00,15:00,19:00
233,4,WORK,5,6,09:00,13:00,14:00,18:00
233,5,REST,,,,,,
233,6,REST,,,,,,
233,7,WORK,7,1,08:00,12:00,12:00,16:00
233,8,WORK,7,9,10:00,14:00,15:00,19:00
233,9,WORK,7,9,10:00,14:00,15:00,19:00
233,10,WORK,7,2,08:00,12:00,13:00,17:00
234,1,WORK,4,6,09:00,13:00,14:00,18:00
234,2,WORK,6,1,08:00,12:00,12:00,16:00
234,3,WORK,5,10,11:00,15:00,15:00,19:00
234,4,WORK,5,6,09:00,13:00,14:00,18:00
234,5,REST,,,,,,
234,6,REST,,,,,,
234,7,WORK,7,1,08:00,12:00,12:00,16:00
234,8,WORK,7,9,10:00,14:00,15:00,19:00
234,9,WORK,8,1,08:00,12:00,12:00,16:00
234,10,WORK,7,2,08:00,12:00,13:00,17:00
235,1,WORK,4,6,09:00,13:00,14:00,18:00
235,2,WORK,6,1,08:00,12:00,12:00,16:00
235,3,WORK,5,10,11:00,15:00,15:00,19:00
235,4,WORK,5,6,09:00,13:00,14:00,18:00
235,5,REST,,,,,,
235,6,REST,,,,,,
235,7,WORK,7,1,08:00,12:00,12:00,16:00
235,8,WORK,7,9,10:00,14:00,15:00,19:00
235,9,WORK,8,1,08:00,12:00,12:00,16:00
235,10,WORK,7,2,08:00,12:00,13:00,17:00
236,1,WORK,4,6,09:00,13:00,14:00,18:00
236,2,WORK,6,1,08:00,12:00,12:00,16:00
236,3,WORK,5,10,11:00,15:00,15:00,19:00
236,4,WORK,5,6,09:00,13:00,14:00,18:00
236,5,REST,,,,,,
236,6,REST,,,,,,
236,7,WORK,7,3,08:00,12:00,14:00,18:00
236,8,WORK,7,9,10:00,14:00,15:00,19:00
236,9,WORK,8,1,08:00,12:00,12:00,16:00
236,10,WORK,7,2,08:00,12:00,13:00,17:00
237,1,WORK,4,6,09:00,13:00,14:00,18:00
237,2,WORK,6,1,08:00,12:00,12:00,16:00
237,3,WORK,5,10,11:00,15:00,15:00,19:00
237,4,WORK,5,7,09:00,13:00,15:00,19:00
237,5,REST,,,,,,
237,6,REST,,,,,,
237,7,WORK,7,3,08:00,12:00,14:00,18:00
237,8,WORK,8,1,08:00,12:00,12:00,16:00
237,9,WORK,8,1,08:00,12:00,12:00,16:00
237,10,WORK,7,2,08:00,12:00,13:00,17:00
238,1,WORK,4,7,09:00,13:00,15:00,19:00
238,2,WORK,6,4,08:00,12:00,15:00,19:00
238,3,WORK,5,10,11:00,15:00,15:00,19:00
238,4,WORK,5,7,09:00,13:00,15:00,19:00
238,5,REST,,,,,,
238,6,REST,,,,,,
238,7,WORK,7,3,08:00,12:00,14:00,18:00
238,8,WORK,8,1,08:00,12:00,12:00,16:00
238,9,WORK,8,1,08:00,12:00,12:00,16:00
238,10,WORK,7,2,08:00,12:00,13:00,17:00
239,1,WORK,4,7,09:00,13:00,15:00,19:00
239,2,WORK,6,4,08:00,12:00,15:00,19:00
239,3,WORK,5,10,11:00,15:00,15:00,19:00
239,4,WORK,5,7,09:00,13:00,15:00,19:00
239,5,REST,,,,,,
239,6,REST,,,,,,
239,7,WORK,7,4,08:00,12:00,15:00,19:00
239,8,WORK,8,1,08:00,12:00,12:00,16:00
239,9,WORK,8,1,08:00,12:00,12:00,16:00
239,10,WORK,7,2,08:00,12:00,13:00,17:00
240,1,WORK,4,10,11:00,15:00,15:00,19:00
240,2,WORK,6,7,09:00,13:00,15:00,19:00
240,3,WORK,5,10,11:00,15:00,15:00,19:00
240,4,WORK,5,8,10:00,14:00,14:00,18:00
240,5,REST,,,,,,
240,6,REST,,,,,,
240,7,WORK,7,4,08:00,12:00,15:00,19:00
240,8,WORK,8,1,08:00,12:00,12:00,16:00
240,9,WORK,8,1,08:00,12:00,12:00,16:00
240,10,WORK,7,2,08:00,12:00,13:00,17:00
241,1,WORK,4,10,11:00,15:00,15:00,19:00
241,2,WORK,6,7,09:00,13:00,15:00,19:00
241,3,WORK,5,10,11:00,15:00,15:00,19:00
241,4,WORK,5,8,10:00,14:00,14:00,18:00
241,5,REST,,,,,,
241,6,REST,,,,,,
241,7,WORK,7,4,08:00,12:00,15:00,19:00
241,8,WORK,8,1,08:00,12:00,12:00,16:00
241,9,WORK,8,1,08:00,12:00,12:00,16:00
241,10,WORK,7,2,08:00,12:00,13:00,17:00
242,1,WORK,5,1,08:00,12:00,12:00,16:00
242,2,WORK,6,7,09:00,13:00,15:00,19:00
242,3,WORK,5,10,11:00,15:00,15:00,19:00
242,4,WORK,5,8,10:00,14:00,14:00,18:00
242,5,REST,,,,,,
242,6,REST,,,,,,
242,7,WORK,7,4,08:00,12:00,15:00,19:00
242,8,WORK,8,1,08:00,12:00,12:00,16:00
242,9,WORK,8,1,08:00,12:00,12:00,16:00
242,10,WORK,7,2,08:00,12:00,13:00,17:00
243,1,WORK,5,1,08:00,12:00,12:00,16:00
243,2,WORK,6,7,09:00,13:00,15:00,19:00
243,3,WORK,5,10,11:00,15:00,15:00,19:00
243,4,WORK,6,1,08:00,12:00,12:00,16:00
243,5,REST,,,,,,
243,6,REST,,,,,,
243,7,WORK,7,4,08:00,12:00,15:00,19:00
243,8,WORK,8,1,08:00,12:00,12:00,16:00
243,9,WORK,8,1,08:00,12:00,12:00,16:00
243,10,WORK,7,2,08:00,12:00,13:00,17:00
244,1,WORK,5,1,08:00,12:00,12:00,16:00
244,2,WORK,6,7,09:00,13:00,15:00,19:00
244,3,WORK,6,1,08:00,12:00,12:00,16:00
244,4,WORK,6,4,08:00,12:00,15:00,19:00
244,5,REST,,,,,,
244,6,REST,,,,,,
244,7,WORK,7,4,08:00,12:00,15:00,19:00
244,8,WORK,8,1,08:00,12:00,12:00,16:00
244,9,WORK,8,1,08:00,12:00,12:00,16:00
244,10,WORK,7,4,08:00,12:00,15:00,19:00
245,1,WORK,5,1,08:00,12:00,12:00,16:00
245,2,WORK,6,7,09:00,13:00,15:00,19:00
245,3,WORK,6,1,08:00,12:00,12:00,16:00
245,4,WORK,6,4,08:00,12:00,15:00,19:00
245,5,REST,,,,,,
245,6,REST,,,,,,
245,7,WORK,7,4,08:00,12:00,15:00,19:00
245,8,WORK,8,1,08:00,12:00,12:00,16:00
245,9,WORK,8,1,08:00,12:00,12:00,16:00
245,10,WORK,7,4,08:00,12:00,15:00,19:00
246,1,WORK,5,1,08:00,12:00,12:00,16:00
246,2,WORK,6,7,09:00,13:00,15:00,19:00
246,3,WORK,6,1,08:00,12:00,12:00,16:00
246,4,WORK,6,4,08:00,12:00,15:00,19:00
246,5,REST,,,,,,
246,6,REST,,,,,,
246,7,WORK,7,4,08:00,12:00,15:00,19:00
246,8,WORK,8,1,08:00,12:00,12:00,16:00
246,9,WORK,8,1,08:00,12:00,12:00,16:00
246,10,WORK,7,4,08:00,12:00,15:00,19:00
247,1,WORK,5,1,08:00,12:00,12:00,16:00
247,2,WORK,6,7,09:00,13:00,15:00,19:00
247,3,WORK,6,1,08:00,12:00,12:00,16:00
247,4,WORK,6,6,09:00,13:00,14:00,18:00
247,5,REST,,,,,,
247,6,REST,,,,,,
247,7,WORK,7,4,08:00,12:00,15:00,19:00
247,8,WORK,8,1,08:00,12:00,12:00,16:00
247,9,WORK,8,1,08:00,12:00,12:00,16:00
247,10,WORK,7,4,08:00,12:00,15:00,19:00
248,1,WORK,5,1,08:00,12:00,12:00,16:00
248,2,WORK,6,7,09:00,13:00,15:00,19:00
248,3,WORK,6,1,08:00,12:00,12:00,16:00
248,4,WORK,6,6,09:00,13:00,14:00,18:00
248,5,REST,,,,,,
248,6,REST,,,,,,
248,7,WORK,7,4,08:00,12:00,15:00,19:00
248,8,WORK,8,1,08:00,12:00,12:00,16:00
248,9,WORK,8,3,08:00,12:00,14:00,18:00
248,10,WORK,7,5,09:00,13:00,13:00,17:00
249,1,WORK,5,1,08:00,12:00,12:00,16:00
249,2,WORK,6,7,09:00,13:00,15:00,19:00
249,3,WORK,6,1,08:00,12:00,12:00,16:00
249,4,WORK,6,6,09:00,13:00,14:00,18:00
249,5,REST,,,,,,
249,6,REST,,,,,,
249,7,WORK,7,4,08:00,12:00,15:00,19:00
249,8,WORK,8,1,08:00,12:00,12:00,16:00
249,9,WORK,8,3,08:00,12:00,14:00,18:00
249,10,WORK,7,10,11:00,15:00,15:00,19:00
250,1,WORK,5,1,08:00,12:00,12:00,16:00
250,2,WORK,6,7,09:00,13:00,15:00,19:00
250,3,WORK,6,1,08:00,12:00,12:00,16:00
250,4,WORK,6,7,09:00,13:00,15:00,19:00
250,5,WORK,6,7,09:00,13:00,15:00,19:00
250,6,REST,,,,,,
250,7,REST,,,,,,
250,8,WORK,8,3,08:00,12:00,14:00,18:00
250,9,WORK,8,4,08:00,12:00,15:00,19:00
250,10,WORK,7,10,11:00,15:00,15:00,19:00
251,1,WORK,5,1,08:00,12:00,12:00,16:00
251,2,WORK,6,7,09:00,13:00,15:00,19:00
251,3,WORK,6,1,08:00,12:00,12:00,16:00
251,4,WORK,6,7,09:00,13:00,15:00,19:00
251,5,WORK,6,9,10:00,14:00,15:00,19:00
251,6,REST,,,,,,
251,7,REST,,,,,,
251,8,WORK,8,3,08:00,12:00,14:00,18:00
251,9,WORK,8,4,08:00,12:00,15:00,19:00
251,10,WORK,7,10,11:00,15:00,15:00,19:00
252,1,WORK,5,3,08:00,12:00,14:00,18:00
252,2,WORK,6,7,09:00,13:00,15:00,19:00
252,3,WORK,6,1,08:00,12:00,12:00,16:00
252,4,WORK,6,7,09:00,13:00,15:00,19:00
252,5,WORK,6,10,11:00,15:00,15:00,19:00
252,6,REST,,,,,,
252,7,REST,,,,,,
252,8,WORK,8,4,08:00,12:00,15:00,19:00
252,9,WORK,8,4,08:00,12:00,15:00,19:00
252,10,WORK,8,1,08:00,12:00,12:00,16:00
253,1,WORK,5,4,08:00,12:00,15:00,19:00
253,2,WORK,6,7,09:00,13:00,15:00,19:00
253,3,WORK,6,1,08:00,12:00,12:00,16:00
253,4,WORK,6,7,09:00,13:00,15:00,19:00
253,5,WORK,6,10,11:00,15:00,15:00,19:00
253,6,REST,,,,,,
253,7,REST,,,,,,
253,8,WORK,8,4,08:00,12:00,15:00,19:00
253,9,WORK,8,4,08:00,12:00,15:00,19:00
253,10,WORK,8,1,08:00,12:00,12:00,16:00
254,1,WORK,5,4,08:00,12:00,15:00,19:00
254,2,WORK,6,7,09:00,13:00,15:00,19:00
254,3,WORK,6,1,08:00,12:00,12:00,16:00
254,4,WORK,6,7,09:00,13:00,15:00,19:00
254,5,WORK,6,10,11:00,15:00,15:00,19:00
254,6,REST,,,,,,
254,7,REST,,,,,,
254,8,WORK,8,4,08:00,12:00,15:00,19:00
254,9,WORK,8,4,08:00,12:00,15:00,19:00
254,10,WORK,8,1,08:00,12:00,12:00,16:00
255,1,WORK,5,4,08:00,12:00,15:00,19:00
255,2,WORK,6,7,09:00,13:00,15:00,19:00
255,3,WORK,6,1,08:00,12:00,12:00,16:00
255,4,WORK,6,7,09:00,13:00,15:00,19:00
255,5,WORK,6,10,11:00,15:00,15:00,19:00
255,6,REST,,,,,,
255,7,REST,,,,,,
255,8,WORK,8,4,08:00,12:00,15:00,19:00
255,9,WORK,8,4,08:00,12:00,15:00,19:00
255,10,WORK,8,3,08:00,12:00,14:00,18:00
256,1,WORK,5,4,08:00,12:00,15:00,19:00
256,2,WORK,6,7,09:00,13:00,15:00,19:00
256,3,WORK,6,1,08:00,12:00,12:00,16:00
256,4,WORK,6,7,09:00,13:00,15:00,19:00
256,5,WORK,6,10,11:00,15:00,15:00,19:00
256,6,REST,,,,,,
256,7,REST,,,,,,
256,8,WORK,8,4,08:00,12:00,15:00,19:00
256,9,WORK,8,4,08:00,12:00,15:00,19:00
256,10,WORK,8,3,08:00,12:00,14:00,18:00
257,1,WORK,5,4,08:00,12:00,15:00,19:00
257,2,WORK,6,7,09:00,13:00,15:00,19:00
257,3,WORK,6,1,08:00,12:00,12:00,16:00
257,4,WORK,6,7,09:00,13:00,15:00,19:00
257,5,WORK,7,1,08:00,12:00,12:00,16:00
257,6,REST,,,,,,
257,7,REST,,,,,,
257,8,WORK,8,4,08:00,12:00,15:00,19:00
257,9,WORK,8,4,08:00,12:00,15:00,19:00
257,10,WORK,8,3,08:00,12:00,14:00,18:00
258,1,WORK,5,4,08:00,12:00,15:00,19:00
258,2,WORK,6,7,09:00,13:00,15:00,19:00
258,3,WORK,6,1,08:00,12:00,12:00,16:00
258,4,WORK,6,7,09:00,13:00,15:00,19:00
258,5,WORK,7,1,08:00,12:00,12:00,16:00
258,6,REST,,,,,,
258,7,REST,,,,,,
258,8,WORK,8,4,08:00,12:00,15:00,19:00
258,9,WORK,8,4,08:00,12:00,15:00,19:00
258,10,WORK,8,3,08:00,12:00,14:00,18:00
259,1,WORK,5,4,08:00,12:00,15:00,19:00
259,2,WORK,6,7,09:00,13:00,15:00,19:00
259,3,WORK,6,1,08:00,12:00,12:00,16:00
259,4,WORK,6,7,09:00,13:00,15:00,19:00
259,5,WORK,7,1,08:00,12:00,12:00,16:00
259,6,REST,,,,,,
259,7,REST,,,,,,
259,8,WORK,8,4,08:00,12:00,15:00,19:00
259,9,WORK,8,6,09:00,13:00,14:00,18:00
259,10,WORK,8,4,08:00,12:00,15:00,19:00
260,1,WORK,5,4,08:00,12:00,15:00,19:00
260,2,WORK,6,7,09:00,13:00,15:00,19:00
260,3,WORK,6,1,08:00,12:00,12:00,16:00
260,4,WORK,6,7,09:00,13:00,15:00,19:00
260,5,WORK,7,1,08:00,12:00,12:00,16:00
260,6,REST,,,,,,
260,7,REST,,,,,,
260,8,WORK,8,4,08:00,12:00,15:00,19:00
260,9,WORK,8,6,09:00,13:00,14:00,18:00
260,10,WORK,8,4,08:00,12:00,15:00,19:00
261,1,WORK,5,10,11:00,15:00,15:00,19:00
261,2,WORK,6,10,11:00,15:00,15:00,19:00
261,3,WORK,6,1,08:00,12:00,12:00,16:00
261,4,WORK,6,7,09:00,13:00,15:00,19:00
261,5,WORK,7,1,08:00,12:00,12:00,16:00
261,6,REST,,,,,,
261,7,REST,,,,,,
261,8,WORK,8,4,08:00,12:00,15:00,19:00
261,9,WORK,8,6,09:00,13:00,14:00,18:00
261,10,WORK,8,4,08:00,12:00,15:00,19:00
262,1,WORK,5,10,11:00,15:00,15:00,19:00
262,2,WORK,7,1,08:00,12:00,12:00,16:00
262,3,WORK,6,1,08:00,12:00,12:00,16:00
262,4,WORK,6,8,10:00,14:00,14:00,18:00
262,5,WORK,7,1,08:00,12:00,12:00,16:00
262,6,REST,,,,,,
262,7,REST,,,,,,
262,8,WORK,8,10,11:00,15:00,15:00,19:00
262,9,WORK,8,8,10:00,14:00,14:00,18:00
262,10,WORK,8,4,08:00,12:00,15:00,19:00
263,1,WORK,5,10,11:00,15:00,15:00,19:00
263,2,WORK,7,1,08:00,12:00,12:00,16:00
263,3,WORK,6,1,08:00,12:00,12:00,16:00
263,4,WORK,6,8,10:00,14:00,14:00,18:00
263,5,WORK,7,1,08:00,12:00,12:00,16:00
263,6,REST,,,,,,
263,7,REST,,,,,,
263,8,WORK,8,10,11:00,15:00,15:00,19:00
263,9,WORK,8,8,10:00,14:00,14:00,18:00
263,10,WORK,8,4,08:00,12:00,15:00,19:00
264,1,WORK,5,10,11:00,15:00,15:00,19:00
264,2,WORK,7,1,08:00,12:00,12:00,16:00
264,3,WORK,6,1,08:00,12:00,12:00,16:00
264,4,WORK,6,8,10:00,14:00,14:00,18:00
264,5,WORK,7,1,08:00,12:00,12:00,16:00
264,6,REST,,,,,,
264,7,REST,,,,,,
264,8,WORK,8,10,11:00,15:00,15:00,19:00
264,9,WORK,8,8,10:00,14:00,14:00,18:00
264,10,WORK,8,4,08:00,12:00,15:00,19:00
265,1,WORK,5,10,11:00,15:00,15:00,19:00
265,2,WORK,7,1,08:00,12:00,12:00,16:00
265,3,WORK,6,10,11:00,15:00,15:00,19:00
265,4,WORK,6,8,10:00,14:00,14:00,18:00
265,5,WORK,7,1,08:00,12:00,12:00,16:00
265,6,REST,,,,,,
265,7,REST,,,,,,
265,8,WORK,8,10,11:00,15:00,15:00,19:00
265,9,WORK,8,8,10:00,14:00,14:00,18:00
265,10,WORK,8,4,08:00,12:00,15:00,19:00
266,1,WORK,5,10,11:00,15:00,15:00,19:00
266,2,WORK,7,1,08:00,12:00,12:00,16:00
266,3,WORK,6,10,11:00,15:00,15:00,19:00
266,4,WORK,6,8,10:00,14:00,14:00,18:00
266,5,WORK,7,1,08:00,12:00,12:00,16:00
266,6,REST,,,,,,
266,7,REST,,,,,,
266,8,WORK,8,10,11:00,15:00,15:00,19:00
266,9,WORK,9,1,08:00,12:00,12:00,16:00
266,10,WORK,8,4,08:00,12:00,15:00,19:00
267,1,WORK,5,10,11:00,15:00,15:00,19:00
267,2,WORK,7,1,08:00,12:00,12:00,16:00
267,3,WORK,6,10,11:00,15:00,15:00,19:00
267,4,WORK,6,8,10:00,14:00,14:00,18:00
267,5,WORK,7,1,08:00,12:00,12:00,16:00
267,6,REST,,,,,,
267,7,REST,,,,,,
267,8,WORK,8,10,11:00,15:00,15:00,19:00
267,9,WORK,9,1,08:00,12:00,12:00,16:00
267,10,WORK,8,4,08:00,12:00,15:00,19:00
268,1,WORK,5,10,11:00,15:00,15:00,19:00
268,2,WORK,7,1,08:00,12:00,12:00,16:00
268,3,WORK,6,10,11:00,15:00,15:00,19:00
268,4,WORK,6,8,10:00,14:00,14:00,18:00
268,5,WORK,7,1,08:00,12:00,12:00,16:00
268,6,REST,,,,,,
268,7,REST,,,,,,
268,8,WORK,8,10,11:00,15:00,15:00,19:00
268,9,WORK,9,1,08:00,12:00,12:00,16:00
268,10,WORK,8,4,08:00,12:00,15:00,19:00
269,1,WORK,6,1,08:00,12:00,12:00,16:00
269,2,WORK,7,1,08:00,12:00,12:00,16:00
269,3,WORK,6,10,11:00,15:00,15:00,19:00
269,4,WORK,7,1,08:00,12:00,12:00,16:00
269,5,WORK,7,1,08:00,12:00,12:00,16:00
269,6,REST,,,,,,
269,7,REST,,,,,,
269,8,WORK,8,10,11:00,15:00,15:00,19:00
269,9,WORK,9,1,08:00,12:00,12:00,16:00
269,10,WORK,8,4,08:00,12:00,15:00,19:00
270,1,WORK,6,1,08:00,12:00,12:00,16:00
270,2,WORK,7,1,08:00,12:00,12:00,16:00
270,3,WORK,6,10,11:00,15:00,15:00,19:00
270,4,WORK,7,1,08:00,12:00,12:00,16:00
270,5,WORK,7,1,08:00,12:00,12:00,16:00
270,6,REST,,,,,,
270,7,REST,,,,,,
270,8,WORK,8,10,11:00,15:00,15:00,19:00
270,9,WORK,9,4,08:00,12:00,15:00,19:00
270,10,WORK,8,4,08:00,12:00,15:00,19:00
271,1,WORK,6,1,08:00,12:00,12:00,16:00
271,2,WORK,7,1,08:00,12:00,12:00,16:00
271,3,WORK,6,10,11:00,15:00,15:00,19:00
271,4,WORK,7,1,08:00,12:00,12:00,16:00
271,5,WORK,7,4,08:00,12:00,15:00,19:00
271,6,REST,,,,,,
271,7,REST,,,,,,
271,8,WORK,8,10,11:00,15:00,15:00,19:00
271,9,WORK,9,4,08:00,12:00,15:00,19:00
271,10,WORK,8,4,08:00,12:00,15:00,19:00
272,1,WORK,6,4,08:00,12:00,15:00,19:00
272,2,WORK,7,1,08:00,12:00,12:00,16:00
272,3,WORK,7,1,08:00,12:00,12:00,16:00
272,4,WORK,7,1,08:00,12:00,12:00,16:00
272,5,WORK,7,4,08:00,12:00,15:00,19:00
272,6,REST,,,,,,
272,7,REST,,,,,,
272,8,WORK,8,10,11:00,15:00,15:00,19:00
272,9,WORK,9,4,08:00,12:00,15:00,19:00
272,10,WORK,8,4,08:00,12:00,15:00,19:00
273,1,WORK,6,4,08:00,12:00,15:00,19:00
273,2,WORK,7,1,08:00,12:00,12:00,16:00
273,3,WORK,7,1,08:00,12:00,12:00,16:00
273,4,WORK,7,1,08:00,12:00,12:00,16:00
273,5,WORK,7,4,08:00,12:00,15:00,19:00
273,6,REST,,,,,,
273,7,REST,,,,,,
273,8,WORK,8,10,11:00,15:00,15:00,19:00
273,9,WORK,9,4,08:00,12:00,15:00,19:00
273,10,WORK,8,4,08:00,12:00,15:00,19:00
274,1,WORK,6,4,08:00,12:00,15:00,19:00
274,2,WORK,7,1,08:00,12:00,12:00,16:00
274,3,WORK,7,1,08:00,12:00,12:00,16:00
274,4,WORK,7,1,08:00,12:00,12:00,16:00
274,5,WORK,7,7,09:00,13:00,15:00,19:00
274,6,REST,,,,,,
274,7,REST,,,,,,
274,8,WORK,8,10,11:00,15:00,15:00,19:00
274,9,WORK,9,4,08:00,12:00,15:00,19:00
274,10,WORK,8,4,08:00,12:00,15:00,19:00
275,1,WORK,6,4,08:00,12:00,15:00,19:00
275,2,WORK,7,1,08:00,12:00,12:00,16:00
275,3,WORK,7,1,08:00,12:00,12:00,16:00
275,4,WORK,7,1,08:00,12:00,12:00,16:00
275,5,WORK,7,7,09:00,13:00,15:00,19:00
275,6,REST,,,,,,
275,7,REST,,,,,,
275,8,WORK,8,10,11:00,15:00,15:00,19:00
275,9,WORK,9,4,08:00,12:00,15:00,19:00
275,10,WORK,8,4,08:00,12:00,15:00,19:00
276,1,WORK,6,4,08:00,12:00,15:00,19:00
276,2,WORK,7,1,08:00,12:00,12:00,16:00
276,3,WORK,7,1,08:00,12:00,12:00,16:00
276,4,WORK,7,1,08:00,12:00,12:00,16:00
276,5,WORK,7,7,09:00,13:00,15:00,19:00
276,6,REST,,,,,,
276,7,REST,,,,,,
276,8,WORK,8,10,11:00,15:00,15:00,19:00
276,9,WORK,9,4,08:00,12:00,15:00,19:00
276,10,WORK,8,6,09:00,13:00,14:00,18:00
277,1,WORK,6,4,08:00,12:00,15:00,19:00
277,2,WORK,7,1,08:00,12:00,12:00,16:00
277,3,WORK,7,1,08:00,12:00,12:00,16:00
277,4,WORK,7,1,08:00,12:00,12:00,16:00
277,5,WORK,7,8,10:00,14:00,14:00,18:00
277,6,REST,,,,,,
277,7,REST,,,,,,
277,8,WORK,9,1,08:00,12:00,12:00,16:00
277,9,WORK,9,4,08:00,12:00,15:00,19:00
277,10,WORK,8,6,09:00,13:00,14:00,18:00
278,1,WORK,6,4,08:00,12:00,15:00,19:00
278,2,WORK,7,4,08:00,12:00,15:00,19:00
278,3,WORK,7,1,08:00,12:00,12:00,16:00
278,4,WORK,7,1,08:00,12:00,12:00,16:00
278,5,WORK,7,8,10:00,14:00,14:00,18:00
278,6,REST,,,,,,
278,7,REST,,,,,,
278,8,WORK,9,1,08:00,12:00,12:00,16:00
278,9,WORK,9,7,09:00,13:00,15:00,19:00
278,10,WORK,8,6,09:00,13:00,14:00,18:00
279,1,WORK,6,4,08:00,12:00,15:00,19:00
279,2,WORK,7,4,08:00,12:00,15:00,19:00
279,3,WORK,7,1,08:00,12:00,12:00,16:00
279,4,WORK,7,1,08:00,12:00,12:00,16:00
279,5,WORK,7,9,10:00,14:00,15:00,19:00
279,6,REST,,,,,,
279,7,REST,,,,,,
279,8,WORK,9,1,08:00,12:00,12:00,16:00
279,9,WORK,9,7,09:00,13:00,15:00,19:00
279,10,WORK,8,8,10:00,14:00,14:00,18:00
280,1,WORK,6,4,08:00,12:00,15:00,19:00
280,2,WORK,7,4,08:00,12:00,15:00,19:00
280,3,WORK,7,1,08:00,12:00,12:00,16:00
280,4,WORK,7,1,08:00,12:00,12:00,16:00
280,5,WORK,7,9,10:00,14:00,15:00,19:00
280,6,REST,,,,,,
280,7,REST,,,,,,
280,8,WORK,9,1,08:00,12:00,12:00,16:00
280,9,WORK,9,7,09:00,13:00,15:00,19:00
280,10,WORK,8,8,10:00,14:00,14:00,18:00
281,1,WORK,6,4,08:00,12:00,15:00,19:00
281,2,WORK,7,4,08:00,12:00,15:00,19:00
281,3,WORK,7,1,08:00,12:00,12:00,16:00
281,4,WORK,7,1,08:00,12:00,12:00,16:00
281,5,WORK,8,1,08:00,12:00,12:00,16:00
281,6,REST,,,,,,
281,7,REST,,,,,,
281,8,WORK,9,1,08:00,12:00,12:00,16:00
281,9,WORK,9,7,09:00,13:00,15:00,19:00
281,10,WORK,8,8,10:00,14:00,14:00,18:00
282,1,WORK,6,4,08:00,12:00,15:00,19:00
282,2,WORK,7,4,08:00,12:00,15:00,19:00
282,3,WORK,7,1,08:00,12:00,12:00,16:00
282,4,WORK,7,4,08:00,12:00,15:00,19:00
282,5,WORK,8,1,08:00,12:00,12:00,16:00
282,6,REST,,,,,,
282,7,REST,,,,,,
282,8,WORK,9,2,08:00,12:00,13:00,17:00
282,9,WORK,9,7,09:00,13:00,15:00,19:00
282,10,WORK,9,1,08:00,12:00,12:00,16:00
283,1,WORK,6,4,08:00,12:00,15:00,19:00
283,2,WORK,7,4,08:00,12:00,15:00,19:00
283,3,WORK,7,1,08:00,12:00,12:00,16:00
283,4,WORK,7,4,08:00,12:00,15:00,19:00
283,5,WORK,8,1,08:00,12:00,12:00,16:00
283,6,REST,,,,,,
283,7,REST,,,,,,
283,8,WORK,9,2,08:00,12:00,13:00,17:00
283,9,WORK,9,7,09:00,13:00,15:00,19:00
283,10,WORK,9,1,08:00,12:00,12:00,16:00
284,1,WORK,6,4,08:00,12:00,15:00,19:00
284,2,WORK,7,4,08:00,12:00,15:00,19:00
284,3,WORK,7,1,08:00,12:00,12:00,16:00
284,4,WORK,7,4,08:00,12:00,15:00,19:00
284,5,WORK,8,1,08:00,12:00,12:00,16:00
284,6,REST,,,,,,
284,7,REST,,,,,,
284,8,WORK,9,2,08:00,12:00,13:00,17:00
284,9,WORK,9,7,09:00,13:00,15:00,19:00
284,10,WORK,9,1,08:00,12:00,12:00,16:00
285,1,WORK,6,4,08:00,12:00,15:00,19:00
285,2,WORK,7,4,08:00,12:00,15:00,19:00
285,3,WORK,7,1,08:00,12:00,12:00,16:00
285,4,WORK,7,4,08:00,12:00,15:00,19:00
285,5,WORK,8,1,08:00,12:00,12:00,16:00
285,6,REST,,,,,,
285,7,REST,,,,,,
285,8,WORK,9,2,08:00,12:00,13:00,17:00
285,9,WORK,9,7,09:00,13:00,15:00,19:00
285,10,WORK,9,1,08:00,12:00,12:00,16:00
286,1,WORK,6,4,08:00,12:00,15:00,19:00
286,2,WORK,7,4,08:00,12:00,15:00,19:00
286,3,WORK,7,1,08:00,12:00,12:00,16:00
286,4,WORK,7,4,08:00,12:00,15:00,19:00
286,5,WORK,8,1,08:00,12:00,12:00,16:00
286,6,REST,,,,,,
286,7,REST,,,,,,
286,8,WORK,9,2,08:00,12:00,13:00,17:00
286,9,WORK,9,7,09:00,13:00,15:00,19:00
286,10,WORK,9,1,08:00,12:00,12:00,16:00
287,1,WORK,7,1,08:00,12:00,12:00,16:00
287,2,WORK,7,4,08:00,12:00,15:00,19:00
287,3,WORK,7,1,08:00,12:00,12:00,16:00
287,4,WORK,7,4,08:00,12:00,15:00,19:00
287,5,WORK,8,1,08:00,12:00,12:00,16:00
287,6,REST,,,,,,
287,7,REST,,,,,,
287,8,WORK,9,2,08:00,12:00,13:00,17:00
287,9,WORK,9,7,09:00,13:00,15:00,19:00
287,10,WORK,9,1,08:00,12:00,12:00,16:00
288,1,WORK,7,1,08:00,12:00,12:00,16:00
288,2,WORK,7,4,08:00,12:00,15:00,19:00
288,3,WORK,7,4,08:00,12:00,15:00,19:00
288,4,WORK,7,4,08:00,12:00,15:00,19:00
288,5,WORK,8,1,08:00,12:00,12:00,16:00
288,6,REST,,,,,,
288,7,REST,,,,,,
288,8,WORK,9,2,08:00,12:00,13:00,17:00
288,9,WORK,9,7,09:00,13:00,15:00,19:00
288,10,WORK,9,1,08:00,12:00,12:00,16:00
289,1,WORK,7,1,08:00,12:00,12:00,16:00
289,2,WORK,7,4,08:00,12:00,15:00,19:00
289,3,WORK,7,4,08:00,12:00,15:00,19:00
289,4,WORK,7,4,08:00,12:00,15:00,19:00
289,5,WORK,8,1,08:00,12:00,12:00,16:00
289,6,REST,,,,,,
289,7,REST,,,,,,
289,8,WORK,9,2,08:00,12:00,13:00,17:00
289,9,WORK,9,7,09:00,13:00,15:00,19:00
289,10,WORK,9,1,08:00,12:00,12:00,16:00
290,1,WORK,7,1,08:00,12:00,12:00,16:00
290,2,WORK,7,4,08:00,12:00,15:00,19:00
290,3,WORK,7,4,08:00,12:00,15:00,19:00
290,4,WORK,7,4,08:00,12:00,15:00,19:00
290,5,WORK,8,1,08:00,12:00,12:00,16:00
290,6,REST,,,,,,
290,7,REST,,,,,,
290,8,WORK,9,2,08:00,12:00,13:00,17:00
290,9,WORK,9,7,09:00,13:00,15:00,19:00
290,10,WORK,9,1,08:00,12:00,12:00,16:00
291,1,WORK,7,1,08:00,12:00,12:00,16:00
291,2,WORK,7,10,11:00,15:00,15:00,19:00
291,3,WORK,7,4,08:00,12:00,15:00,19:00
291,4,WORK,7,4,08:00,12:00,15:00,19:00
291,5,WORK,8,1,08:00,12:00,12:00,16:00
291,6,REST,,,,,,
291,7,REST,,,,,,
291,8,WORK,9,2,08:00,12:00,13:00,17:00
291,9,WORK,9,7,09:00,13:00,15:00,19:00
291,10,WORK,9,1,08:00,12:00,12:00,16:00
292,1,WORK,7,1,08:00,12:00,12:00,16:00
292,2,WORK,7,10,11:00,15:00,15:00,19:00
292,3,WORK,7,4,08:00,12:00,15:00,19:00
292,4,WORK,7,4,08:00,12:00,15:00,19:00
292,5,WORK,8,4,08:00,12:00,15:00,19:00
292,6,REST,,,,,,
292,7,WORK,7,6,09:00,13:00,14:00,18:00
292,8,REST,,,,,,
292,9,WORK,9,7,09:00,13:00,15:00,19:00
292,10,WORK,9,1,08:00,12:00,12:00,16:00
293,1,WORK,7,1,08:00,12:00,12:00,16:00
293,2,WORK,7,10,11:00,15:00,15:00,19:00
293,3,WORK,7,4,08:00,12:00,15:00,19:00
293,4,WORK,7,4,08:00,12:00,15:00,19:00
293,5,WORK,8,4,08:00,12:00,15:00,19:00
293,6,REST,,,,,,
293,7,WORK,7,8,10:00,14:00,14:00,18:00
293,8,REST,,,,,,
293,9,WORK,9,7,09:00,13:00,15:00,19:00
293,10,WORK,9,1,08:00,12:00,12:00,16:00
294,1,WORK,7,3,08:00,12:00,14:00,18:00
294,2,WORK,7,10,11:00,15:00,15:00,19:00
294,3,WORK,7,4,08:00,12:00,15:00,19:00
294,4,WORK,7,4,08:00,12:00,15:00,19:00
294,5,WORK,8,4,08:00,12:00,15:00,19:00
294,6,REST,,,,,,
294,7,WORK,7,8,10:00,14:00,14:00,18:00
294,8,REST,,,,,,
294,9,WORK,9,9,10:00,14:00,15:00,19:00
294,10,WORK,9,4,08:00,12:00,15:00,19:00
295,1,WORK,7,3,08:00,12:00,14:00,18:00
295,2,WORK,7,10,11:00,15:00,15:00,19:00
295,3,WORK,7,4,08:00,12:00,15:00,19:00
295,4,WORK,7,4,08:00,12:00,15:00,19:00
295,5,WORK,8,4,08:00,12:00,15:00,19:00
295,6,REST,,,,,,
295,7,WORK,7,8,10:00,14:00,14:00,18:00
295,8,REST,,,,,,
295,9,WORK,9,9,10:00,14:00,15:00,19:00
295,10,WORK,9,4,08:00,12:00,15:00,19:00
296,1,WORK,7,3,08:00,12:00,14:00,18:00
296,2,WORK,7,10,11:00,15:00,15:00,19:00
296,3,WORK,7,4,08:00,12:00,15:00,19:00
296,4,WORK,7,4,08:00,12:00,15:00,19:00
296,5,WORK,8,4,08:00,12:00,15:00,19:00
296,6,REST,,,,,,
296,7,WORK,7,8,10:00,14:00,14:00,18:00
296,8,REST,,,,,,
296,9,WORK,10,3,08:00,12:00,14:00,18:00
296,10,WORK,9,4,08:00,12:00,15:00,19:00
297,1,WORK,7,3,08:00,12:00,14:00,18:00
297,2,WORK,7,10,11:00,15:00,15:00,19:00
297,3,WORK,7,4,08:00,12:00,15:00,19:00
297,4,WORK,7,4,08:00,12:00,15:00,19:00
297,5,WORK,8,4,08:00,12:00,15:00,19:00
297,6,REST,,,,,,
297,7,WORK,7,8,10:00,14:00,14:00,18:00
297,8,REST,,,,,,
297,9,WORK,10,4,08:00,12:00,15:00,19:00
297,10,WORK,9,4,08:00,12:00,15:00,19:00
298,1,WORK,7,3,08:00,12:00,14:00,18:00
298,2,WORK,7,10,11:00,15:00,15:00,19:00
298,3,WORK,7,4,08:00,12:00,15:00,19:00
298,4,WORK,8,1,08:00,12:00,12:00,16:00
298,5,WORK,8,4,08:00,12:00,15:00,19:00
298,6,WORK,7,5,09:00,13:00,13:00,17:00
298,7,WORK,8,1,08:00,12:00,12:00,16:00
298,8,REST,,,,,,
298,9,REST,,,,,,
298,10,WORK,9,4,08:00,12:00,15:00,19:00
299,1,WORK,7,3,08:00,12:00,14:00,18:00
299,2,WORK,7,10,11:00,15:00,15:00,19:00
299,3,WORK,7,4,08:00,12:00,15:00,19:00
299,4,WORK,8,1,08:00,12:00,12:00,16:00
299,5,WORK,8,4,08:00,12:00,15:00,19:00
299,6,WORK,7,5,09:00,13:00,13:00,17:00
299,7,WORK,8,1,08:00,12:00,12:00,16:00
299,8,REST,,,,,,
299,9,REST,,,,,,
299,10,WORK,9,4,08:00,12:00,15:00,19:00
300,1,WORK,7,3,08:00,12:00,14:00,18:00
300,2,WORK,7,10,11:00,15:00,15:00,19:00
300,3,WORK,7,4,08:00,12:00,15:00,19:00
300,4,WORK,8,1,08:00,12:00,12:00,16:00
300,5,WORK,8,4,08:00,12:00,15:00,19:00
300,6,WORK,7,5,09:00,13:00,13:00,17:00
300,7,WORK,8,1,08:00,12:00,12:00,16:00
300,8,REST,,,,,,
300,9,REST,,,,,,
300,10,WORK,9,4,08:00,12:00,15:00,19:00
301,1,WORK,7,3,08:00,12:00,14:00,18:00
301,2,WORK,7,10,11:00,15:00,15:00,19:00
301,3,WORK,7,4,08:00,12:00,15:00,19:00
301,4,WORK,8,1,08:00,12:00,12:00,16:00
301,5,WORK,8,4,08:00,12:00,15:00,19:00
301,6,WORK,7,5,09:00,13:00,13:00,17:00
301,7,WORK,8,1,08:00,12:00,12:00,16:00
301,8,REST,,,,,,
301,9,REST,,,,,,
301,10,WORK,9,4,08:00,12:00,15:00,19:00
302,1,WORK,7,4,08:00,12:00,15:00,19:00
302,2,WORK,7,10,11:00,15:00,15:00,19:00
302,3,WORK,7,7,09:00,13:00,15:00,19:00
302,4,WORK,8,1,08:00,12:00,12:00,16:00
302,5,WORK,8,4,08:00,12:00,15:00,19:00
302,6,WORK,7,5,09:00,13:00,13:00,17:00
302,7,WORK,8,1,08:00,12:00,12:00,16:00
302,8,REST,,,,,,
302,9,REST,,,,,,
302,10,WORK,9,4,08:00,12:00,15:00,19:00
303,1,WORK,7,4,08:00,12:00,15:00,19:00
303,2,WORK,7,10,11:00,15:00,15:00,19:00
303,3,WORK,7,7,09:00,13:00,15:00,19:00
303,4,WORK,8,1,08:00,12:00,12:00,16:00
303,5,WORK,8,4,08:00,12:00,15:00,19:00
303,6,WORK,7,5,09:00,13:00,13:00,17:00
303,7,WORK,8,1,08:00,12:00,12:00,16:00
303,8,REST,,,,,,
303,9,REST,,,,,,
303,10,WORK,9,4,08:00,12:00,15:00,19:00
304,1,WORK,7,4,08:00,12:00,15:00,19:00
304,2,WORK,8,1,08:00,12:00,12:00,16:00
304,3,WORK,7,7,09:00,13:00,15:00,19:00
304,4,WORK,8,1,08:00,12:00,12:00,16:00
304,5,WORK,8,4,08:00,12:00,15:00,19:00
304,6,WORK,7,5,09:00,13:00,13:00,17:00
304,7,WORK,8,4,08:00,12:00,15:00,19:00
304,8,REST,,,,,,
304,9,REST,,,,,,
304,10,WORK,9,4,08:00,12:00,15:00,19:00
305,1,WORK,7,4,08:00,12:00,15:00,19:00
305,2,WORK,8,1,08:00,12:00,12:00,16:00
305,3,WORK,7,7,09:00,13:00,15:00,19:00
305,4,WORK,8,1,08:00,12:00,12:00,16:00
305,5,WORK,8,4,08:00,12:00,15:00,19:00
305,6,WORK,7,5,09:00,13:00,13:00,17:00
305,7,WORK,8,4,08:00,12:00,15:00,19:00
305,8,REST,,,,,,
305,9,REST,,,,,,
305,10,WORK,9,4,08:00,12:00,15:00,19:00
306,1,WORK,7,4,08:00,12:00,15:00,19:00
306,2,WORK,8,4,08:00,12:00,15:00,19:00
306,3,WORK,7,7,09:00,13:00,15:00,19:00
306,4,WORK,8,1,08:00,12:00,12:00,16:00
306,5,WORK,8,4,08:00,12:00,15:00,19:00
306,6,WORK,7,5,09:00,13:00,13:00,17:00
306,7,WORK,8,4,08:00,12:00,15:00,19:00
306,8,REST,,,,,,
306,9,REST,,,,,,
306,10,WORK,9,4,08:00,12:00,15:00,19:00
307,1,WORK,7,8,10:00,14:00,14:00,18:00
307,2,WORK,8,4,08:00,12:00,15:00,19:00
307,3,WORK,7,7,09:00,13:00,15:00,19:00
307,4,WORK,8,1,08:00,12:00,12:00,16:00
307,5,WORK,8,4,08:00,12:00,15:00,19:00
307,6,WORK,7,5,09:00,13:00,13:00,17:00
307,7,WORK,8,4,08:00,12:00,15:00,19:00
307,8,REST,,,,,,
307,9,REST,,,,,,
307,10,WORK,9,4,08:00,12:00,15:00,19:00
308,1,WORK,7,8,10:00,14:00,14:00,18:00
308,2,WORK,8,4,08:00,12:00,15:00,19:00
308,3,WORK,7,7,09:00,13:00,15:00,19:00
308,4,WORK,8,1,08:00,12:00,12:00,16:00
308,5,WORK,8,4,08:00,12:00,15:00,19:00
308,6,WORK,7,5,09:00,13:00,13:00,17:00
308,7,WORK,8,4,08:00,12:00,15:00,19:00
308,8,REST,,,,,,
308,9,REST,,,,,,
308,10,WORK,9,4,08:00,12:00,15:00,19:00
309,1,WORK,7,8,10:00,14:00,14:00,18:00
309,2,WORK,8,4,08:00,12:00,15:00,19:00
309,3,WORK,7,7,09:00,13:00,15:00,19:00
309,4,WORK,8,1,08:00,12:00,12:00,16:00
309,5,WORK,8,4,08:00,12:00,15:00,19:00
309,6,WORK,7,6,09:00,13:00,14:00,18:00
309,7,WORK,8,4,08:00,12:00,15:00,19:00
309,8,REST,,,,,,
309,9,REST,,,,,,
309,10,WORK,9,4,08:00,12:00,15:00,19:00
310,1,WORK,7,8,10:00,14:00,14:00,18:00
310,2,WORK,8,4,08:00,12:00,15:00,19:00
310,3,WORK,7,7,09:00,13:00,15:00,19:00
310,4,WORK,8,1,08:00,12:00,12:00,16:00
310,5,WORK,8,4,08:00,12:00,15:00,19:00
310,6,WORK,8,1,08:00,12:00,12:00,16:00
310,7,WORK,8,4,08:00,12:00,15:00,19:00
310,8,REST,,,,,,
310,9,REST,,,,,,
310,10,WORK,9,4,08:00,12:00,15:00,19:00
311,1,WORK,8,1,08:00,12:00,12:00,16:00
311,2,WORK,8,4,08:00,12:00,15:00,19:00
311,3,WORK,7,7,09:00,13:00,15:00,19:00
311,4,WORK,8,1,08:00,12:00,12:00,16:00
311,5,WORK,8,10,11:00,15:00,15:00,19:00
311,6,WORK,8,1,08:00,12:00,12:00,16:00
311,7,WORK,8,4,08:00,12:00,15:00,19:00
311,8,REST,,,,,,
311,9,REST,,,,,,
311,10,WORK,9,10,11:00,15:00,15:00,19:00
312,1,WORK,8,1,08:00,12:00,12:00,16:00
312,2,WORK,8,4,08:00,12:00,15:00,19:00
312,3,WORK,7,7,09:00,13:00,15:00,19:00
312,4,WORK,8,1,08:00,12:00,12:00,16:00
312,5,WORK,8,10,11:00,15:00,15:00,19:00
312,6,WORK,8,1,08:00,12:00,12:00,16:00
312,7,WORK,8,6,09:00,13:00,14:00,18:00
312,8,REST,,,,,,
312,9,REST,,,,,,
312,10,WORK,9,10,11:00,15:00,15:00,19:00
313,1,WORK,8,1,08:00,12:00,12:00,16:00
313,2,WORK,8,4,08:00,12:00,15:00,19:00
313,3,WORK,7,7,09:00,13:00,15:00,19:00
313,4,WORK,8,4,08:00,12:00,15:00,19:00
313,5,WORK,8,10,11:00,15:00,15:00,19:00
313,6,WORK,8,1,08:00,12:00,12:00,16:00
313,7,WORK,8,6,09:00,13:00,14:00,18:00
313,8,REST,,,,,,
313,9,REST,,,,,,
313,10,WORK,9,10,11:00,15:00,15:00,19:00
314,1,WORK,8,1,08:00,12:00,12:00,16:00
314,2,WORK,8,4,08:00,12:00,15:00,19:00
314,3,WORK,8,1,08:00,12:00,12:00,16:00
314,4,WORK,8,4,08:00,12:00,15:00,19:00
314,5,WORK,8,10,11:00,15:00,15:00,19:00
314,6,WORK,8,2,08:00,12:00,13:00,17:00
314,7,WORK,8,6,09:00,13:00,14:00,18:00
314,8,REST,,,,,,
314,9,REST,,,,,,
314,10,WORK,9,10,11:00,15:00,15:00,19:00
315,1,WORK,8,1,08:00,12:00,12:00,16:00
315,2,WORK,8,4,08:00,12:00,15:00,19:00
315,3,WORK,8,1,08:00,12:00,12:00,16:00
315,4,WORK,8,4,08:00,12:00,15:00,19:00
315,5,WORK,8,10,11:00,15:00,15:00,19:00
315,6,WORK,8,2,08:00,12:00,13:00,17:00
315,7,WORK,8,6,09:00,13:00,14:00,18:00
315,8,REST,,,,,,
315,9,REST,,,,,,
315,10,WORK,9,10,11:00,15:00,15:00,19:00
316,1,WORK,8,1,08:00,12:00,12:00,16:00
316,2,WORK,8,4,08:00,12:00,15:00,19:00
316,3,WORK,8,1,08:00,12:00,12:00,16:00
316,4,WORK,8,4,08:00,12:00,15:00,19:00
316,5,WORK,8,10,11:00,15:00,15:00,19:00
316,6,WORK,8,4,08:00,12:00,15:00,19:00
316,7,WORK,8,6,09:00,13:00,14:00,18:00
316,8,REST,,,,,,
316,9,REST,,,,,,
316,10,WORK,9,10,11:00,15:00,15:00,19:00
317,1,WORK,8,1,08:00,12:00,12:00,16:00
317,2,WORK,8,4,08:00,12:00,15:00,19:00
317,3,WORK,8,1,08:00,12:00,12:00,16:00
317,4,WORK,8,4,08:00,12:00,15:00,19:00
317,5,WORK,8,10,11:00,15:00,15:00,19:00
317,6,WORK,8,4,08:00,12:00,15:00,19:00
317,7,WORK,8,6,09:00,13:00,14:00,18:00
317,8,REST,,,,,,
317,9,REST,,,,,,
317,10,WORK,9,10,11:00,15:00,15:00,19:00
318,1,WORK,8,1,08:00,12:00,12:00,16:00
318,2,WORK,8,4,08:00,12:00,15:00,19:00
318,3,WORK,8,1,08:00,12:00,12:00,16:00
318,4,WORK,8,4,08:00,12:00,15:00,19:00
318,5,WORK,8,10,11:00,15:00,15:00,19:00
318,6,WORK,8,4,08:00,12:00,15:00,19:00
318,7,WORK,8,7,09:00,13:00,15:00,19:00
318,8,REST,,,,,,
318,9,REST,,,,,,
318,10,WORK,9,10,11:00,15:00,15:00,19:00
319,1,WORK,8,3,08:00,12:00,14:00,18:00
319,2,WORK,8,4,08:00,12:00,15:00,19:00
319,3,WORK,8,1,08:00,12:00,12:00,16:00
319,4,WORK,8,4,08:00,12:00,15:00,19:00
319,5,WORK,8,10,11:00,15:00,15:00,19:00
319,6,WORK,8,4,08:00,12:00,15:00,19:00
319,7,WORK,8,7,09:00,13:00,15:00,19:00
319,8,REST,,,,,,
319,9,REST,,,,,,
319,10,WORK,10,1,08:00,12:00,12:00,16:00
320,1,WORK,8,4,08:00,12:00,15:00,19:00
320,2,WORK,8,4,08:00,12:00,15:00,19:00
320,3,WORK,8,1,08:00,12:00,12:00,16:00
320,4,WORK,8,4,08:00,12:00,15:00,19:00
320,5,WORK,8,10,11:00,15:00,15:00,19:00
320,6,WORK,8,4,08:00,12:00,15:00,19:00
320,7,WORK,8,7,09:00,13:00,15:00,19:00
320,8,REST,,,,,,
320,9,REST,,,,,,
320,10,WORK,10,1,08:00,12:00,12:00,16:00
321,1,WORK,8,4,08:00,12:00,15:00,19:00
321,2,WORK,8,4,08:00,12:00,15:00,19:00
321,3,WORK,8,1,08:00,12:00,12:00,16:00
321,4,WORK,8,4,08:00,12:00,15:00,19:00
321,5,WORK,8,10,11:00,15:00,15:00,19:00
321,6,WORK,8,4,08:00,12:00,15:00,19:00
321,7,WORK,8,7,09:00,13:00,15:00,19:00
321,8,REST,,,,,,
321,9,REST,,,,,,
321,10,WORK,10,4,08:00,12:00,15:00,19:00
322,1,WORK,8,4,08:00,12:00,15:00,19:00
322,2,WORK,8,4,08:00,12:00,15:00,19:00
322,3,WORK,8,1,08:00,12:00,12:00,16:00
322,4,WORK,8,4,08:00,12:00,15:00,19:00
322,5,WORK,9,1,08:00,12:00,12:00,16:00
322,6,WORK,8,4,08:00,12:00,15:00,19:00
322,7,WORK,8,7,09:00,13:00,15:00,19:00
322,8,REST,,,,,,
322,9,REST,,,,,,
322,10,WORK,10,4,08:00,12:00,15:00,19:00
323,1,WORK,8,4,08:00,12:00,15:00,19:00
323,2,WORK,8,4,08:00,12:00,15:00,19:00
323,3,WORK,8,1,08:00,12:00,12:00,16:00
323,4,WORK,8,4,08:00,12:00,15:00,19:00
323,5,WORK,9,1,08:00,12:00,12:00,16:00
323,6,WORK,8,4,08:00,12:00,15:00,19:00
323,7,WORK,8,7,09:00,13:00,15:00,19:00
323,8,REST,,,,,,
323,9,REST,,,,,,
323,10,WORK,10,4,08:00,12:00,15:00,19:00
324,1,WORK,8,4,08:00,12:00,15:00,19:00
324,2,WORK,8,4,08:00,12:00,15:00,19:00
324,3,WORK,8,2,08:00,12:00,13:00,17:00
324,4,WORK,8,6,09:00,13:00,14:00,18:00
324,5,WORK,9,1,08:00,12:00,12:00,16:00
324,6,WORK,8,4,08:00,12:00,15:00,19:00
324,7,WORK,8,7,09:00,13:00,15:00,19:00
324,8,REST,,,,,,
324,9,REST,,,,,,
324,10,WORK,10,4,08:00,12:00,15:00,19:00
325,1,WORK,8,4,08:00,12:00,15:00,19:00
325,2,WORK,8,4,08:00,12:00,15:00,19:00
325,3,WORK,8,2,08:00,12:00,13:00,17:00
325,4,WORK,8,6,09:00,13:00,14:00,18:00
325,5,WORK,9,1,08:00,12:00,12:00,16:00
325,6,WORK,8,4,08:00,12:00,15:00,19:00
325,7,WORK,8,7,09:00,13:00,15:00,19:00
325,8,REST,,,,,,
325,9,REST,,,,,,
325,10,WORK,10,4,08:00,12:00,15:00,19:00
326,1,WORK,8,6,09:00,13:00,14:00,18:00
326,2,WORK,8,4,08:00,12:00,15:00,19:00
326,3,WORK,8,2,08:00,12:00,13:00,17:00
326,4,WORK,8,6,09:00,13:00,14:00,18:00
326,5,WORK,9,1,08:00,12:00,12:00,16:00
326,6,WORK,8,4,08:00,12:00,15:00,19:00
326,7,WORK,8,7,09:00,13:00,15:00,19:00
326,8,REST,,,,,,
326,9,REST,,,,,,
326,10,WORK,10,4,08:00,12:00,15:00,19:00
327,1,WORK,8,6,09:00,13:00,14:00,18:00
327,2,WORK,8,9,10:00,14:00,15:00,19:00
327,3,WORK,8,2,08:00,12:00,13:00,17:00
327,4,WORK,8,6,09:00,13:00,14:00,18:00
327,5,WORK,9,1,08:00,12:00,12:00,16:00
327,6,WORK,8,4,08:00,12:00,15:00,19:00
327,7,WORK,8,8,10:00,14:00,14:00,18:00
327,8,REST,,,,,,
327,9,REST,,,,,,
327,10,WORK,10,4,08:00,12:00,15:00,19:00
328,1,WORK,8,6,09:00,13:00,14:00,18:00
328,2,WORK,8,9,10:00,14:00,15:00,19:00
328,3,WORK,8,2,08:00,12:00,13:00,17:00
328,4,WORK,8,6,09:00,13:00,14:00,18:00
328,5,WORK,9,1,08:00,12:00,12:00,16:00
328,6,WORK,8,4,08:00,12:00,15:00,19:00
328,7,WORK,8,8,10:00,14:00,14:00,18:00
328,8,REST,,,,,,
328,9,REST,,,,,,
328,10,WORK,10,4,08:00,12:00,15:00,19:00
329,1,WORK,8,10,11:00,15:00,15:00,19:00
329,2,WORK,8,9,10:00,14:00,15:00,19:00
329,3,WORK,8,2,08:00,12:00,13:00,17:00
329,4,WORK,8,6,09:00,13:00,14:00,18:00
329,5,WORK,9,1,08:00,12:00,12:00,16:00
329,6,WORK,8,4,08:00,12:00,15:00,19:00
329,7,WORK,8,8,10:00,14:00,14:00,18:00
329,8,REST,,,,,,
329,9,REST,,,,,,
329,10,WORK,10,7,09:00,13:00,15:00,19:00
330,1,WORK,8,10,11:00,15:00,15:00,19:00
330,2,WORK,8,9,10:00,14:00,15:00,19:00
330,3,WORK,8,2,08:00,12:00,13:00,17:00
330,4,WORK,8,6,09:00,13:00,14:00,18:00
330,5,WORK,9,1,08:00,12:00,12:00,16:00
330,6,WORK,8,5,09:00,13:00,13:00,17:00
330,7,WORK,8,8,10:00,14:00,14:00,18:00
330,8,REST,,,,,,
330,9,REST,,,,,,
330,10,WORK,10,7,09:00,13:00,15:00,19:00
331,1,WORK,8,10,11:00,15:00,15:00,19:00
331,2,WORK,8,9,10:00,14:00,15:00,19:00
331,3,WORK,8,2,08:00,12:00,13:00,17:00
331,4,WORK,8,7,09:00,13:00,15:00,19:00
331,5,WORK,9,1,08:00,12:00,12:00,16:00
331,6,WORK,8,10,11:00,15:00,15:00,19:00
331,7,WORK,8,8,10:00,14:00,14:00,18:00
331,8,REST,,,,,,
331,9,REST,,,,,,
331,10,WORK,10,7,09:00,13:00,15:00,19:00
332,1,WORK,8,10,11:00,15:00,15:00,19:00
332,2,WORK,8,9,10:00,14:00,15:00,19:00
332,3,WORK,8,4,08:00,12:00,15:00,19:00
332,4,WORK,8,7,09:00,13:00,15:00,19:00
332,5,WORK,9,1,08:00,12:00,12:00,16:00
332,6,WORK,8,10,11:00,15:00,15:00,19:00
332,7,WORK,9,1,08:00,12:00,12:00,16:00
332,8,REST,,,,,,
332,9,REST,,,,,,
332,10,WORK,10,10,11:00,15:00,15:00,19:00
333,1,WORK,8,10,11:00,15:00,15:00,19:00
333,2,WORK,8,9,10:00,14:00,15:00,19:00
333,3,WORK,8,4,08:00,12:00,15:00,19:00
333,4,WORK,8,10,11:00,15:00,15:00,19:00
333,5,WORK,9,1,08:00,12:00,12:00,16:00
333,6,WORK,8,10,11:00,15:00,15:00,19:00
333,7,WORK,9,1,08:00,12:00,12:00,16:00
333,8,REST,,,,,,
333,9,REST,,,,,,
333,10,WORK,10,10,11:00,15:00,15:00,19:00
334,1,WORK,9,2,08:00,12:00,13:00,17:00
334,2,WORK,9,1,08:00,12:00,12:00,16:00
334,3,WORK,8,4,08:00,12:00,15:00,19:00
334,4,WORK,8,10,11:00,15:00,15:00,19:00
334,5,WORK,9,1,08:00,12:00,12:00,16:00
334,6,WORK,8,10,11:00,15:00,15:00,19:00
334,7,WORK,9,1,08:00,12:00,12:00,16:00
334,8,REST,,,,,,
334,9,REST,,,,,,
334,10,WORK,10,10,11:00,15:00,15:00,19:00
335,1,WORK,9,2,08:00,12:00,13:00,17:00
335,2,WORK,9,1,08:00,12:00,12:00,16:00
335,3,WORK,8,4,08:00,12:00,15:00,19:00
335,4,WORK,8,10,11:00,15:00,15:00,19:00
335,5,WORK,9,1,08:00,12:00,12:00,16:00
335,6,WORK,8,10,11:00,15:00,15:00,19:00
335,7,WORK,9,1,08:00,12:00,12:00,16:00
335,8,REST,,,,,,
335,9,REST,,,,,,
335,10,WORK,10,10,11:00,15:00,15:00,19:00
336,1,WORK,9,2,08:00,12:00,13:00,17:00
336,2,WORK,9,1,08:00,12:00,12:00,16:00
336,3,WORK,8,4,08:00,12:00,15:00,19:00
336,4,WORK,8,10,11:00,15:00,15:00,19:00
336,5,WORK,9,1,08:00,12:00,12:00,16:00
336,6,WORK,8,10,11:00,15:00,15:00,19:00
336,7,WORK,9,1,08:00,12:00,12:00,16:00
336,8,REST,,,,,,
336,9,REST,,,,,,
336,10,WORK,10,10,11:00,15:00,15:00,19:00
337,1,WORK,9,2,08:00,12:00,13:00,17:00
337,2,WORK,9,1,08:00,12:00,12:00,16:00
337,3,WORK,8,4,08:00,12:00,15:00,19:00
337,4,WORK,8,10,11:00,15:00,15:00,19:00
337,5,WORK,9,1,08:00,12:00,12:00,16:00
337,6,WORK,8,10,11:00,15:00,15:00,19:00
337,7,WORK,9,1,08:00,12:00,12:00,16:00
337,8,REST,,,,,,
337,9,REST,,,,,,
337,10,WORK,10,10,11:00,15:00,15:00,19:00
338,1,WORK,9,2,08:00,12:00,13:00,17:00
338,2,WORK,9,1,08:00,12:00,12:00,16:00
338,3,WORK,8,5,09:00,13:00,13:00,17:00
338,4,WORK,9,1,08:00,12:00,12:00,16:00
338,5,WORK,9,1,08:00,12:00,12:00,16:00
338,6,WORK,8,10,11:00,15:00,15:00,19:00
338,7,WORK,9,1,08:00,12:00,12:00,16:00
338,8,REST,,,,,,
338,9,REST,,,,,,
338,10,WORK,10,10,11:00,15:00,15:00,19:00
339,1,WORK,9,2,08:00,12:00,13:00,17:00
339,2,WORK,9,1,08:00,12:00,12:00,16:00
339,3,WORK,8,10,11:00,15:00,15:00,19:00
339,4,WORK,9,1,08:00,12:00,12:00,16:00
339,5,WORK,9,4,08:00,12:00,15:00,19:00
339,6,WORK,8,10,11:00,15:00,15:00,19:00
339,7,WORK,9,1,08:00,12:00,12:00,16:00
339,8,REST,,,,,,
339,9,REST,,,,,,
339,10,WORK,10,10,11:00,15:00,15:00,19:00
340,1,WORK,9,2,08:00,12:00,13:00,17:00
340,2,WORK,9,1,08:00,12:00,12:00,16:00
340,3,WORK,8,10,11:00,15:00,15:00,19:00
340,4,WORK,9,1,08:00,12:00,12:00,16:00
340,5,WORK,9,4,08:00,12:00,15:00,19:00
340,6,WORK,8,10,11:00,15:00,15:00,19:00
340,7,WORK,9,4,08:00,12:00,15:00,19:00
340,8,REST,,,,,,
340,9,REST,,,,,,
340,10,WORK,10,10,11:00,15:00,15:00,19:00
341,1,WORK,9,2,08:00,12:00,13:00,17:00
341,2,WORK,9,1,08:00,12:00,12:00,16:00
341,3,WORK,8,10,11:00,15:00,15:00,19:00
341,4,WORK,9,1,08:00,12:00,12:00,16:00
341,5,WORK,9,4,08:00,12:00,15:00,19:00
341,6,WORK,8,10,11:00,15:00,15:00,19:00
341,7,WORK,9,4,08:00,12:00,15:00,19:00
341,8,REST,,,,,,
341,9,REST,,,,,,
341,10,WORK,10,10,11:00,15:00,15:00,19:00
342,1,WORK,9,2,08:00,12:00,13:00,17:00
342,2,WORK,9,1,08:00,12:00,12:00,16:00
342,3,WORK,8,10,11:00,15:00,15:00,19:00
342,4,WORK,9,1,08:00,12:00,12:00,16:00
342,5,WORK,9,4,08:00,12:00,15:00,19:00
342,6,WORK,8,10,11:00,15:00,15:00,19:00
342,7,WORK,9,4,08:00,12:00,15:00,19:00
342,8,REST,,,,,,
342,9,REST,,,,,,
342,10,WORK,10,10,11:00,15:00,15:00,19:00
343,1,WORK,9,2,08:00,12:00,13:00,17:00
343,2,WORK,9,1,08:00,12:00,12:00,16:00
343,3,WORK,8,10,11:00,15:00,15:00,19:00
343,4,WORK,9,1,08:00,12:00,12:00,16:00
343,5,WORK,9,4,08:00,12:00,15:00,19:00
343,6,WORK,8,10,11:00,15:00,15:00,19:00
343,7,WORK,9,4,08:00,12:00,15:00,19:00
343,8,REST,,,,,,
343,9,REST,,,,,,
343,10,WORK,10,10,11:00,15:00,15:00,19:00
344,1,WORK,9,2,08:00,12:00,13:00,17:00
344,2,WORK,9,2,08:00,12:00,13:00,17:00
344,3,WORK,8,10,11:00,15:00,15:00,19:00
344,4,WORK,9,1,08:00,12:00,12:00,16:00
344,5,WORK,9,4,08:00,12:00,15:00,19:00
344,6,WORK,9,1,08:00,12:00,12:00,16:00
344,7,WORK,9,4,08:00,12:00,15:00,19:00
344,8,REST,,,,,,
344,9,REST,,,,,,
344,10,WORK,10,10,11:00,15:00,15:00,19:00
345,1,WORK,9,2,08:00,12:00,13:00,17:00
345,2,WORK,9,2,08:00,12:00,13:00,17:00
345,3,WORK,9,1,08:00,12:00,12:00,16:00
345,4,WORK,9,1,08:00,12:00,12:00,16:00
345,5,WORK,9,4,08:00,12:00,15:00,19:00
345,6,WORK,9,1,08:00,12:00,12:00,16:00
345,7,WORK,9,4,08:00,12:00,15:00,19:00
345,8,REST,,,,,,
345,9,REST,,,,,,
345,10,WORK,10,10,11:00,15:00,15:00,19:00
346,1,WORK,9,2,08:00,12:00,13:00,17:00
346,2,WORK,9,4,08:00,12:00,15:00,19:00
346,3,WORK,9,1,08:00,12:00,12:00,16:00
346,4,WORK,9,1,08:00,12:00,12:00,16:00
346,5,WORK,9,4,08:00,12:00,15:00,19:00
346,6,WORK,9,1,08:00,12:00,12:00,16:00
346,7,WORK,9,4,08:00,12:00,15:00,19:00
346,8,REST,,,,,,
346,9,REST,,,,,,
346,10,WORK,10,10,11:00,15:00,15:00,19:00
347,1,WORK,9,4,08:00,12:00,15:00,19:00
347,2,WORK,9,4,08:00,12:00,15:00,19:00
347,3,WORK,9,1,08:00,12:00,12:00,16:00
347,4,WORK,9,1,08:00,12:00,12:00,16:00
347,5,WORK,9,4,08:00,12:00,15:00,19:00
347,6,WORK,9,1,08:00,12:00,12:00,16:00
347,7,WORK,9,4,08:00,12:00,15:00,19:00
347,8,REST,,,,,,
347,9,REST,,,,,,
347,10,WORK,10,10,11:00,15:00,15:00,19:00
348,1,WORK,9,4,08:00,12:00,15:00,19:00
348,2,WORK,9,4,08:00,12:00,15:00,19:00
348,3,WORK,9,1,08:00,12:00,12:00,16:00
348,4,WORK,9,1,08:00,12:00,12:00,16:00
348,5,WORK,9,4,08:00,12:00,15:00,19:00
348,6,WORK,9,4,08:00,12:00,15:00,19:00
348,7,WORK,9,4,08:00,12:00,15:00,19:00
348,8,WORK,9,2,08:00,12:00,13:00,17:00
348,9,REST,,,,,,
348,10,REST,,,,,,
349,1,WORK,9,5,09:00,13:00,13:00,17:00
349,2,WORK,9,4,08:00,12:00,15:00,19:00
349,3,WORK,9,1,08:00,12:00,12:00,16:00
349,4,WORK,9,1,08:00,12:00,12:00,16:00
349,5,WORK,9,4,08:00,12:00,15:00,19:00
349,6,WORK,9,4,08:00,12:00,15:00,19:00
349,7,WORK,9,4,08:00,12:00,15:00,19:00
349,8,WORK,9,2,08:00,12:00,13:00,17:00
349,9,REST,,,,,,
349,10,REST,,,,,,
350,1,WORK,9,5,09:00,13:00,13:00,17:00
350,2,WORK,9,4,08:00,12:00,15:00,19:00
350,3,WORK,9,1,08:00,12:00,12:00,16:00
350,4,WORK,9,1,08:00,12:00,12:00,16:00
350,5,WORK,9,4,08:00,12:00,15:00,19:00
350,6,WORK,9,4,08:00,12:00,15:00,19:00
350,7,WORK,9,7,09:00,13:00,15:00,19:00
350,8,WORK,9,3,08:00,12:00,14:00,18:00
350,9,REST,,,,,,
350,10,REST,,,,,,
351,1,WORK,9,5,09:00,13:00,13:00,17:00
351,2,WORK,9,4,08:00,12:00,15:00,19:00
351,3,WORK,9,2,08:00,12:00,13:00,17:00
351,4,WORK,9,1,08:00,12:00,12:00,16:00
351,5,WORK,9,4,08:00,12:00,15:00,19:00
351,6,WORK,9,4,08:00,12:00,15:00,19:00
351,7,WORK,9,7,09:00,13:00,15:00,19:00
351,8,WORK,9,4,08:00,12:00,15:00,19:00
351,9,REST,,,,,,
351,10,REST,,,,,,
352,1,WORK,10,1,08:00,12:00,12:00,16:00
352,2,WORK,9,4,08:00,12:00,15:00,19:00
352,3,WORK,9,2,08:00,12:00,13:00,17:00
352,4,WORK,9,1,08:00,12:00,12:00,16:00
352,5,WORK,9,7,09:00,13:00,15:00,19:00
352,6,WORK,9,4,08:00,12:00,15:00,19:00
352,7,WORK,9,7,09:00,13:00,15:00,19:00
352,8,WORK,9,4,08:00,12:00,15:00,19:00
352,9,REST,,,,,,
352,10,REST,,,,,,
353,1,WORK,10,1,08:00,12:00,12:00,16:00
353,2,WORK,9,4,08:00,12:00,15:00,19:00
353,3,WORK,9,2,08:00,12:00,13:00,17:00
353,4,WORK,9,1,08:00,12:00,12:00,16:00
353,5,WORK,9,7,09:00,13:00,15:00,19:00
353,6,WORK,9,7,09:00,13:00,15:00,19:00
353,7,WORK,9,7,09:00,13:00,15:00,19:00
353,8,WORK,9,4,08:00,12:00,15:00,19:00
353,9,REST,,,,,,
353,10,REST,,,,,,
354,1,WORK,10,1,08:00,12:00,12:00,16:00
354,2,WORK,9,4,08:00,12:00,15:00,19:00
354,3,WORK,9,2,08:00,12:00,13:00,17:00
354,4,WORK,9,1,08:00,12:00,12:00,16:00
354,5,WORK,9,7,09:00,13:00,15:00,19:00
354,6,WORK,9,7,09:00,13:00,15:00,19:00
354,7,WORK,9,9,10:00,14:00,15:00,19:00
354,8,WORK,9,4,08:00,12:00,15:00,19:00
354,9,REST,,,,,,
354,10,REST,,,,,,
355,1,WORK,10,1,08:00,12:00,12:00,16:00
355,2,WORK,9,4,08:00,12:00,15:00,19:00
355,3,WORK,9,2,08:00,12:00,13:00,17:00
355,4,WORK,9,1,08:00,12:00,12:00,16:00
355,5,WORK,9,7,09:00,13:00,15:00,19:00
355,6,WORK,9,7,09:00,13:00,15:00,19:00
355,7,WORK,9,9,10:00,14:00,15:00,19:00
355,8,WORK,9,4,08:00,12:00,15:00,19:00
355,9,REST,,,,,,
355,10,REST,,,,,,
356,1,WORK,10,1,08:00,12:00,12:00,16:00
356,2,WORK,9,4,08:00,12:00,15:00,19:00
356,3,WORK,9,2,08:00,12:00,13:00,17:00
356,4,WORK,9,1,08:00,12:00,12:00,16:00
356,5,WORK,9,7,09:00,13:00,15:00,19:00
356,6,WORK,9,7,09:00,13:00,15:00,19:00
356,7,WORK,9,9,10:00,14:00,15:00,19:00
356,8,WORK,9,4,08:00,12:00,15:00,19:00
356,9,REST,,,,,,
356,10,REST,,,,,,
357,1,WORK,10,1,08:00,12:00,12:00,16:00
357,2,WORK,9,10,11:00,15:00,15:00,19:00
357,3,WORK,9,2,08:00,12:00,13:00,17:00
357,4,WORK,9,1,08:00,12:00,12:00,16:00
357,5,WORK,9,7,09:00,13:00,15:00,19:00
357,6,WORK,9,7,09:00,13:00,15:00,19:00
357,7,WORK,9,9,10:00,14:00,15:00,19:00
357,8,WORK,9,4,08:00,12:00,15:00,19:00
357,9,REST,,,,,,
357,10,REST,,,,,,
358,1,WORK,10,1,08:00,12:00,12:00,16:00
358,2,WORK,9,10,11:00,15:00,15:00,19:00
358,3,WORK,9,2,08:00,12:00,13:00,17:00
358,4,WORK,9,1,08:00,12:00,12:00,16:00
358,5,WORK,9,7,09:00,13:00,15:00,19:00
358,6,WORK,9,7,09:00,13:00,15:00,19:00
358,7,WORK,9,9,10:00,14:00,15:00,19:00
358,8,WORK,9,4,08:00,12:00,15:00,19:00
358,9,REST,,,,,,
358,10,REST,,,,,,
359,1,WORK,10,1,08:00,12:00,12:00,16:00
359,2,WORK,9,10,11:00,15:00,15:00,19:00
359,3,WORK,9,3,08:00,12:00,14:00,18:00
359,4,WORK,9,4,08:00,12:00,15:00,19:00
359,5,WORK,9,7,09:00,13:00,15:00,19:00
359,6,WORK,9,7,09:00,13:00,15:00,19:00
359,7,WORK,9,9,10:00,14:00,15:00,19:00
359,8,WORK,9,4,08:00,12:00,15:00,19:00
359,9,REST,,,,,,
359,10,REST,,,,,,
360,1,WORK,10,1,08:00,12:00,12:00,16:00
360,2,WORK,9,10,11:00,15:00,15:00,19:00
360,3,WORK,9,3,08:00,12:00,14:00,18:00
360,4,WORK,9,4,08:00,12:00,15:00,19:00
360,5,WORK,9,7,09:00,13:00,15:00,19:00
360,6,WORK,9,7,09:00,13:00,15:00,19:00
360,7,WORK,9,9,10:00,14:00,15:00,19:00
360,8,WORK,9,5,09:00,13:00,13:00,17:00
360,9,REST,,,,,,
360,10,REST,,,,,,
361,1,WORK,10,3,08:00,12:00,14:00,18:00
361,2,WORK,9,10,11:00,15:00,15:00,19:00
361,3,WORK,9,3,08:00,12:00,14:00,18:00
361,4,WORK,9,4,08:00,12:00,15:00,19:00
361,5,WORK,9,7,09:00,13:00,15:00,19:00
361,6,WORK,9,7,09:00,13:00,15:00,19:00
361,7,WORK,9,10,11:00,15:00,15:00,19:00
361,8,WORK,9,5,09:00,13:00,13:00,17:00
361,9,REST,,,,,,
361,10,REST,,,,,,
362,1,WORK,10,3,08:00,12:00,14:00,18:00
362,2,WORK,9,10,11:00,15:00,15:00,19:00
362,3,WORK,9,3,08:00,12:00,14:00,18:00
362,4,WORK,9,4,08:00,12:00,15:00,19:00
362,5,WORK,10,1,08:00,12:00,12:00,16:00
362,6,WORK,9,7,09:00,13:00,15:00,19:00
362,7,WORK,9,10,11:00,15:00,15:00,19:00
362,8,WORK,9,5,09:00,13:00,13:00,17:00
362,9,REST,,,,,,
362,10,REST,,,,,,
363,1,WORK,10,3,08:00,12:00,14:00,18:00
363,2,WORK,9,10,11:00,15:00,15:00,19:00
363,3,WORK,9,3,08:00,12:00,14:00,18:00
363,4,WORK,9,4,08:00,12:00,15:00,19:00
363,5,WORK,10,1,08:00,12:00,12:00,16:00
363,6,WORK,9,7,09:00,13:00,15:00,19:00
363,7,WORK,9,10,11:00,15:00,15:00,19:00
363,8,WORK,9,10,11:00,15:00,15:00,19:00
363,9,REST,,,,,,
363,10,REST,,,,,,
364,1,WORK,10,3,08:00,12:00,14:00,18:00
364,2,WORK,9,10,11:00,15:00,15:00,19:00
364,3,WORK,9,3,08:00,12:00,14:00,18:00
364,4,WORK,9,4,08:00,12:00,15:00,19:00
364,5,WORK,10,1,08:00,12:00,12:00,16:00
364,6,WORK,9,7,09:00,13:00,15:00,19:00
364,7,WORK,9,10,11:00,15:00,15:00,19:00
364,8,WORK,9,10,11:00,15:00,15:00,19:00
364,9,REST,,,,,,
364,10,REST,,,,,,
365,1,WORK,10,3,08:00,12:00,14:00,18:00
365,2,WORK,9,10,11:00,15:00,15:00,19:00
365,3,WORK,9,4,08:00,12:00,15:00,19:00
365,4,WORK,9,4,08:00,12:00,15:00,19:00
365,5,WORK,10,1,08:00,12:00,12:00,16:00
365,6,WORK,9,7,09:00,13:00,15:00,19:00
365,7,WORK,9,10,11:00,15:00,15:00,19:00
365,8,WORK,9,10,11:00,15:00,15:00,19:00
365,9,REST,,,,,,
365,10,REST,,,,,,
366,1,WORK,10,3,08:00,12:00,14:00,18:00
366,2,WORK,9,10,11:00,15:00,15:00,19:00
366,3,WORK,9,4,08:00,12:00,15:00,19:00
366,4,WORK,9,4,08:00,12:00,15:00,19:00
366,5,WORK,10,1,08:00,12:00,12:00,16:00
366,6,WORK,9,7,09:00,13:00,15:00,19:00
366,7,WORK,9,10,11:00,15:00,15:00,19:00
366,8,WORK,9,10,11:00,15:00,15:00,19:00
366,9,REST,,,,,,
366,10,REST,,,,,,
367,1,WORK,10,3,08:00,12:00,14:00,18:00
367,2,WORK,9,10,11:00,15:00,15:00,19:00
367,3,WORK,9,4,08:00,12:00,15:00,19:00
367,4,WORK,9,4,08:00,12:00,15:00,19:00
367,5,WORK,10,1,08:00,12:00,12:00,16:00
367,6,WORK,9,7,09:00,13:00,15:00,19:00
367,7,WORK,10,1,08:00,12:00,12:00,16:00
367,8,WORK,9,10,11:00,15:00,15:00,19:00
367,9,REST,,,,,,
367,10,REST,,,,,,
368,1,WORK,10,3,08:00,12:00,14:00,18:00
368,2,WORK,9,10,11:00,15:00,15:00,19:00
368,3,WORK,9,5,09:00,13:00,13:00,17:00
368,4,WORK,9,4,08:00,12:00,15:00,19:00
368,5,WORK,10,1,08:00,12:00,12:00,16:00
368,6,WORK,9,7,09:00,13:00,15:00,19:00
368,7,WORK,10,1,08:00,12:00,12:00,16:00
368,8,WORK,10,1,08:00,12:00,12:00,16:00
368,9,REST,,,,,,
368,10,REST,,,,,,
369,1,WORK,10,3,08:00,12:00,14:00,18:00
369,2,WORK,9,10,11:00,15:00,15:00,19:00
369,3,WORK,9,5,09:00,13:00,13:00,17:00
369,4,WORK,9,8,10:00,14:00,14:00,18:00
369,5,WORK,10,1,08:00,12:00,12:00,16:00
369,6,WORK,9,9,10:00,14:00,15:00,19:00
369,7,WORK,10,1,08:00,12:00,12:00,16:00
369,8,WORK,10,1,08:00,12:00,12:00,16:00
369,9,REST,,,,,,
369,10,REST,,,,,,
370,1,WORK,10,4,08:00,12:00,15:00,19:00
370,2,WORK,9,10,11:00,15:00,15:00,19:00
370,3,WORK,9,5,09:00,13:00,13:00,17:00
370,4,WORK,9,8,10:00,14:00,14:00,18:00
370,5,WORK,10,1,08:00,12:00,12:00,16:00
370,6,WORK,9,9,10:00,14:00,15:00,19:00
370,7,WORK,10,1,08:00,12:00,12:00,16:00
370,8,WORK,10,1,08:00,12:00,12:00,16:00
370,9,REST,,,,,,
370,10,REST,,,,,,
371,1,WORK,10,4,08:00,12:00,15:00,19:00
371,2,WORK,9,10,11:00,15:00,15:00,19:00
371,3,WORK,9,5,09:00,13:00,13:00,17:00
371,4,WORK,9,8,10:00,14:00,14:00,18:00
371,5,WORK,10,1,08:00,12:00,12:00,16:00
371,6,WORK,9,10,11:00,15:00,15:00,19:00
371,7,WORK,10,1,08:00,12:00,12:00,16:00
371,8,WORK,10,1,08:00,12:00,12:00,16:00
371,9,REST,,,,,,
371,10,REST,,,,,,
372,1,WORK,10,8,10:00,14:00,14:00,18:00
372,2,WORK,9,10,11:00,15:00,15:00,19:00
372,3,WORK,9,5,09:00,13:00,13:00,17:00
372,4,WORK,9,8,10:00,14:00,14:00,18:00
372,5,WORK,10,1,08:00,12:00,12:00,16:00
372,6,WORK,9,10,11:00,15:00,15:00,19:00
372,7,WORK,10,1,08:00,12:00,12:00,16:00
372,8,WORK,10,1,08:00,12:00,12:00,16:00
372,9,REST,,,,,,
372,10,REST,,,,,,
373,1,WORK,10,8,10:00,14:00,14:00,18:00
373,2,WORK,9,10,11:00,15:00,15:00,19:00
373,3,WORK,9,5,09:00,13:00,13:00,17:00
373,4,WORK,9,8,10:00,14:00,14:00,18:00
373,5,WORK,10,1,08:00,12:00,12:00,16:00
373,6,WORK,9,10,11:00,15:00,15:00,19:00
373,7,WORK,10,1,08:00,12:00,12:00,16:00
373,8,WORK,10,1,08:00,12:00,12:00,16:00
373,9,REST,,,,,,
373,10,REST,,,,,,
374,1,WORK,10,8,10:00,14:00,14:00,18:00
374,2,WORK,10,1,08:00,12:00,12:00,16:00
374,3,WORK,9,5,09:00,13:00,13:00,17:00
374,4,WORK,9,8,10:00,14:00,14:00,18:00
374,5,WORK,10,1,08:00,12:00,12:00,16:00
374,6,WORK,9,10,11:00,15:00,15:00,19:00
374,7,WORK,10,1,08:00,12:00,12:00,16:00
374,8,WORK,10,1,08:00,12:00,12:00,16:00
374,9,REST,,,,,,
374,10,REST,,,,,,
375,1,WORK,10,8,10:00,14:00,14:00,18:00
375,2,WORK,10,1,08:00,12:00,12:00,16:00
375,3,WORK,9,5,09:00,13:00,13:00,17:00
375,4,WORK,9,8,10:00,14:00,14:00,18:00
375,5,WORK,10,1,08:00,12:00,12:00,16:00
375,6,WORK,9,10,11:00,15:00,15:00,19:00
375,7,WORK,10,1,08:00,12:00,12:00,16:00
375,8,WORK,10,1,08:00,12:00,12:00,16:00
375,9,REST,,,,,,
375,10,REST,,,,,,
376,1,WORK,10,8,10:00,14:00,14:00,18:00
376,2,WORK,10,1,08:00,12:00,12:00,16:00
376,3,WORK,10,1,08:00,12:00,12:00,16:00
376,4,WORK,9,9,10:00,14:00,15:00,19:00
376,5,WORK,10,1,08:00,12:00,12:00,16:00
376,6,WORK,9,10,11:00,15:00,15:00,19:00
376,7,WORK,10,1,08:00,12:00,12:00,16:00
376,8,WORK,10,1,08:00,12:00,12:00,16:00
376,9,REST,,,,,,
376,10,REST,,,,,,
377,1,WORK,10,8,10:00,14:00,14:00,18:00
377,2,WORK,10,1,08:00,12:00,12:00,16:00
377,3,WORK,10,1,08:00,12:00,12:00,16:00
377,4,WORK,10,1,08:00,12:00,12:00,16:00
377,5,WORK,10,4,08:00,12:00,15:00,19:00
377,6,WORK,10,1,08:00,12:00,12:00,16:00
377,7,WORK,10,1,08:00,12:00,12:00,16:00
377,8,WORK,10,1,08:00,12:00,12:00,16:00
377,9,REST,,,,,,
377,10,REST,,,,,,
378,1,WORK,10,8,10:00,14:00,14:00,18:00
378,2,WORK,10,1,08:00,12:00,12:00,16:00
378,3,WORK,10,1,08:00,12:00,12:00,16:00
378,4,WORK,10,1,08:00,12:00,12:00,16:00
378,5,WORK,10,4,08:00,12:00,15:00,19:00
378,6,WORK,10,1,08:00,12:00,12:00,16:00
378,7,WORK,10,1,08:00,12:00,12:00,16:00
378,8,WORK,10,1,08:00,12:00,12:00,16:00
378,9,REST,,,,,,
378,10,REST,,,,,,
379,1,REST,,,,,,
379,2,WORK,10,1,08:00,12:00,12:00,16:00
379,3,WORK,10,1,08:00,12:00,12:00,16:00
379,4,WORK,10,1,08:00,12:00,12:00,16:00
379,5,WORK,10,4,08:00,12:00,15:00,19:00
379,6,WORK,10,1,08:00,12:00,12:00,16:00
379,7,WORK,10,4,08:00,12:00,15:00,19:00
379,8,WORK,10,1,08:00,12:00,12:00,16:00
379,9,WORK,10,4,08:00,12:00,15:00,19:00
379,10,REST,,,,,,
380,1,REST,,,,,,
380,2,WORK,10,1,08:00,12:00,12:00,16:00
380,3,WORK,10,2,08:00,12:00,13:00,17:00
380,4,WORK,10,1,08:00,12:00,12:00,16:00
380,5,WORK,10,4,08:00,12:00,15:00,19:00
380,6,WORK,10,2,08:00,12:00,13:00,17:00
380,7,WORK,10,4,08:00,12:00,15:00,19:00
380,8,WORK,10,1,08:00,12:00,12:00,16:00
380,9,WORK,10,4,08:00,12:00,15:00,19:00
380,10,REST,,,,,,
381,1,REST,,,,,,
381,2,WORK,10,1,08:00,12:00,12:00,16:00
381,3,WORK,10,2,08:00,12:00,13:00,17:00
381,4,WORK,10,1,08:00,12:00,12:00,16:00
381,5,WORK,10,4,08:00,12:00,15:00,19:00
381,6,WORK,10,2,08:00,12:00,13:00,17:00
381,7,WORK,10,4,08:00,12:00,15:00,19:00
381,8,WORK,10,4,08:00,12:00,15:00,19:00
381,9,WORK,10,4,08:00,12:00,15:00,19:00
381,10,REST,,,,,,
382,1,REST,,,,,,
382,2,WORK,10,1,08:00,12:00,12:00,16:00
382,3,WORK,10,2,08:00,12:00,13:00,17:00
382,4,WORK,10,1,08:00,12:00,12:00,16:00
382,5,WORK,10,4,08:00,12:00,15:00,19:00
382,6,WORK,10,2,08:00,12:00,13:00,17:00
382,7,WORK,10,4,08:00,12:00,15:00,19:00
382,8,WORK,10,4,08:00,12:00,15:00,19:00
382,9,WORK,10,4,08:00,12:00,15:00,19:00
382,10,REST,,,,,,
383,1,REST,,,,,,
383,2,WORK,10,1,08:00,12:00,12:00,16:00
383,3,WORK,10,2,08:00,12:00,13:00,17:00
383,4,WORK,10,1,08:00,12:00,12:00,16:00
383,5,WORK,10,4,08:00,12:00,15:00,19:00
383,6,WORK,10,2,08:00,12:00,13:00,17:00
383,7,WORK,10,4,08:00,12:00,15:00,19:00
383,8,WORK,10,4,08:00,12:00,15:00,19:00
383,9,WORK,10,4,08:00,12:00,15:00,19:00
383,10,REST,,,,,,
384,1,REST,,,,,,
384,2,WORK,10,1,08:00,12:00,12:00,16:00
384,3,WORK,10,2,08:00,12:00,13:00,17:00
384,4,WORK,10,1,08:00,12:00,12:00,16:00
384,5,WORK,10,4,08:00,12:00,15:00,19:00
384,6,WORK,10,2,08:00,12:00,13:00,17:00
384,7,WORK,10,4,08:00,12:00,15:00,19:00
384,8,WORK,10,4,08:00,12:00,15:00,19:00
384,9,WORK,10,4,08:00,12:00,15:00,19:00
384,10,REST,,,,,,
385,1,REST,,,,,,
385,2,WORK,10,1,08:00,12:00,12:00,16:00
385,3,WORK,10,2,08:00,12:00,13:00,17:00
385,4,WORK,10,7,09:00,13:00,15:00,19:00
385,5,WORK,10,4,08:00,12:00,15:00,19:00
385,6,WORK,10,2,08:00,12:00,13:00,17:00
385,7,WORK,10,4,08:00,12:00,15:00,19:00
385,8,WORK,10,4,08:00,12:00,15:00,19:00
385,9,WORK,10,4,08:00,12:00,15:00,19:00
385,10,REST,,,,,,
386,1,REST,,,,,,
386,2,WORK,10,2,08:00,12:00,13:00,17:00
386,3,WORK,10,2,08:00,12:00,13:00,17:00
386,4,WORK,10,7,09:00,13:00,15:00,19:00
386,5,WORK,10,4,08:00,12:00,15:00,19:00
386,6,WORK,10,2,08:00,12:00,13:00,17:00
386,7,WORK,10,4,08:00,12:00,15:00,19:00
386,8,WORK,10,4,08:00,12:00,15:00,19:00
386,9,WORK,10,4,08:00,12:00,15:00,19:00
386,10,REST,,,,,,
387,1,REST,,,,,,
387,2,WORK,10,2,08:00,12:00,13:00,17:00
387,3,WORK,10,2,08:00,12:00,13:00,17:00
387,4,WORK,10,7,09:00,13:00,15:00,19:00
387,5,WORK,10,4,08:00,12:00,15:00,19:00
387,6,WORK,10,2,08:00,12:00,13:00,17:00
387,7,WORK,10,4,08:00,12:00,15:00,19:00
387,8,WORK,10,4,08:00,12:00,15:00,19:00
387,9,WORK,10,4,08:00,12:00,15:00,19:00
387,10,REST,,,,,,
388,1,REST,,,,,,
388,2,WORK,10,2,08:00,12:00,13:00,17:00
388,3,WORK,10,2,08:00,12:00,13:00,17:00
388,4,WORK,10,10,11:00,15:00,15:00,19:00
388,5,WORK,10,4,08:00,12:00,15:00,19:00
388,6,WORK,10,2,08:00,12:00,13:00,17:00
388,7,WORK,10,4,08:00,12:00,15:00,19:00
388,8,WORK,10,4,08:00,12:00,15:00,19:00
388,9,WORK,10,4,08:00,12:00,15:00,19:00
388,10,REST,,,,,,
389,1,REST,,,,,,
389,2,WORK,10,2,08:00,12:00,13:00,17:00
389,3,WORK,10,2,08:00,12:00,13:00,17:00
389,4,WORK,10,10,11:00,15:00,15:00,19:00
389,5,WORK,10,4,08:00,12:00,15:00,19:00
389,6,WORK,10,2,08:00,12:00,13:00,17:00
389,7,WORK,10,4,08:00,12:00,15:00,19:00
389,8,WORK,10,4,08:00,12:00,15:00,19:00
389,9,WORK,10,4,08:00,12:00,15:00,19:00
389,10,REST,,,,,,
390,1,REST,,,,,,
390,2,WORK,10,2,08:00,12:00,13:00,17:00
390,3,WORK,10,2,08:00,12:00,13:00,17:00
390,4,WORK,10,10,11:00,15:00,15:00,19:00
390,5,WORK,10,4,08:00,12:00,15:00,19:00
390,6,WORK,10,2,08:00,12:00,13:00,17:00
390,7,WORK,10,4,08:00,12:00,15:00,19:00
390,8,WORK,10,4,08:00,12:00,15:00,19:00
390,9,WORK,10,4,08:00,12:00,15:00,19:00
390,10,REST,,,,,,
391,1,REST,,,,,,
391,2,WORK,10,2,08:00,12:00,13:00,17:00
391,3,WORK,10,2,08:00,12:00,13:00,17:00
391,4,WORK,10,10,11:00,15:00,15:00,19:00
391,5,WORK,10,4,08:00,12:00,15:00,19:00
391,6,WORK,10,2,08:00,12:00,13:00,17:00
391,7,WORK,10,4,08:00,12:00,15:00,19:00
391,8,WORK,10,4,08:00,12:00,15:00,19:00
391,9,WORK,10,4,08:00,12:00,15:00,19:00
391,10,REST,,,,,,
392,1,REST,,,,,,
392,2,WORK,10,2,08:00,12:00,13:00,17:00
392,3,WORK,10,2,08:00,12:00,13:00,17:00
392,4,WORK,10,10,11:00,15:00,15:00,19:00
392,5,WORK,10,4,08:00,12:00,15:00,19:00
392,6,WORK,10,2,08:00,12:00,13:00,17:00
392,7,WORK,10,8,10:00,14:00,14:00,18:00
392,8,WORK,10,4,08:00,12:00,15:00,19:00
392,9,WORK,10,4,08:00,12:00,15:00,19:00
392,10,REST,,,,,,
393,1,REST,,,,,,
393,2,WORK,10,2,08:00,12:00,13:00,17:00
393,3,WORK,10,4,08:00,12:00,15:00,19:00
393,4,WORK,10,10,11:00,15:00,15:00,19:00
393,5,WORK,10,10,11:00,15:00,15:00,19:00
393,6,WORK,10,4,08:00,12:00,15:00,19:00
393,7,WORK,10,8,10:00,14:00,14:00,18:00
393,8,WORK,10,4,08:00,12:00,15:00,19:00
393,9,WORK,10,4,08:00,12:00,15:00,19:00
393,10,REST,,,,,,
394,1,REST,,,,,,
394,2,WORK,10,3,08:00,12:00,14:00,18:00
394,3,WORK,10,4,08:00,12:00,15:00,19:00
394,4,WORK,10,10,11:00,15:00,15:00,19:00
394,5,WORK,10,10,11:00,15:00,15:00,19:00
394,6,WORK,10,4,08:00,12:00,15:00,19:00
394,7,WORK,10,8,10:00,14:00,14:00,18:00
394,8,WORK,10,7,09:00,13:00,15:00,19:00
394,9,WORK,10,4,08:00,12:00,15:00,19:00
394,10,REST,,,,,,
395,1,REST,,,,,,
395,2,WORK,10,3,08:00,12:00,14:00,18:00
395,3,WORK,10,4,08:00,12:00,15:00,19:00
395,4,WORK,10,10,11:00,15:00,15:00,19:00
395,5,WORK,10,10,11:00,15:00,15:00,19:00
395,6,WORK,10,4,08:00,12:00,15:00,19:00
395,7,WORK,10,8,10:00,14:00,14:00,18:00
395,8,WORK,10,7,09:00,13:00,15:00,19:00
395,9,WORK,10,4,08:00,12:00,15:00,19:00
395,10,REST,,,,,,
396,1,REST,,,,,,
396,2,WORK,10,3,08:00,12:00,14:00,18:00
396,3,WORK,10,4,08:00,12:00,15:00,19:00
396,4,WORK,10,10,11:00,15:00,15:00,19:00
396,5,WORK,10,10,11:00,15:00,15:00,19:00
396,6,WORK,10,4,08:00,12:00,15:00,19:00
396,7,WORK,10,8,10:00,14:00,14:00,18:00
396,8,WORK,10,7,09:00,13:00,15:00,19:00
396,9,WORK,10,4,08:00,12:00,15:00,19:00
396,10,REST,,,,,,
397,1,REST,,,,,,
397,2,WORK,10,4,08:00,12:00,15:00,19:00
397,3,WORK,10,4,08:00,12:00,15:00,19:00
397,4,WORK,10,10,11:00,15:00,15:00,19:00
397,5,WORK,10,10,11:00,15:00,15:00,19:00
397,6,WORK,10,4,08:00,12:00,15:00,19:00
397,7,WORK,10,8,10:00,14:00,14:00,18:00
397,8,WORK,10,8,10:00,14:00,14:00,18:00
397,9,WORK,10,4,08:00,12:00,15:00,19:00
397,10,REST,,,,,,
398,1,REST,,,,,,
398,2,WORK,10,4,08:00,12:00,15:00,19:00
398,3,WORK,10,5,09:00,13:00,13:00,17:00
398,4,WORK,10,10,11:00,15:00,15:00,19:00
398,5,WORK,10,10,11:00,15:00,15:00,19:00
398,6,WORK,10,4,08:00,12:00,15:00,19:00
398,7,WORK,10,8,10:00,14:00,14:00,18:00
398,8,WORK,10,8,10:00,14:00,14:00,18:00
398,9,WORK,10,4,08:00,12:00,15:00,19:00
398,10,REST,,,,,,
399,1,REST,,,,,,
399,2,WORK,10,4,08:00,12:00,15:00,19:00
399,3,WORK,10,5,09:00,13:00,13:00,17:00
399,4,WORK,10,10,11:00,15:00,15:00,19:00
399,5,WORK,10,10,11:00,15:00,15:00,19:00
399,6,WORK,10,4,08:00,12:00,15:00,19:00
399,7,WORK,10,8,10:00,14:00,14:00,18:00
399,8,WORK,10,9,10:00,14:00,15:00,19:00
399,9,WORK,10,4,08:00,12:00,15:00,19:00
399,10,REST,,,,,,
400,1,REST,,,,,,
400,2,WORK,10,4,08:00,12:00,15:00,19:00
400,3,WORK,10,5,09:00,13:00,13:00,17:00
400,4,WORK,10,10,11:00,15:00,15:00,19:00
400,5,WORK,10,10,11:00,15:00,15:00,19:00
400,6,WORK,10,5,09:00,13:00,13:00,17:00
400,7,WORK,10,8,10:00,14:00,14:00,18:00
400,8,WORK,10,9,10:00,14:00,15:00,19:00
400,9,WORK,10,6,09:00,13:00,14:00,18:00
400,10,REST,,,,,,
401,1,REST,,,,,,
401,2,WORK,10,4,08:00,12:00,15:00,19:00
401,3,WORK,10,9,10:00,14:00,15:00,19:00
401,4,WORK,10,10,11:00,15:00,15:00,19:00
401,5,WORK,10,10,11:00,15:00,15:00,19:00
401,6,WORK,10,10,11:00,15:00,15:00,19:00
401,7,WORK,10,8,10:00,14:00,14:00,18:00
401,8,WORK,10,9,10:00,14:00,15:00,19:00
401,9,WORK,10,6,09:00,13:00,14:00,18:00
401,10,REST,,,,,,
402,1,REST,,,,,,
402,2,WORK,10,4,08:00,12:00,15:00,19:00
402,3,WORK,10,9,10:00,14:00,15:00,19:00
402,4,WORK,10,10,11:00,15:00,15:00,19:00
402,5,WORK,10,10,11:00,15:00,15:00,19:00
402,6,WORK,10,10,11:00,15:00,15:00,19:00
402,7,WORK,10,8,10:00,14:00,14:00,18:00
402,8,WORK,10,10,11:00,15:00,15:00,19:00
402,9,WORK,10,6,09:00,13:00,14:00,18:00
402,10,REST,,,,,,
403,1,REST,,,,,,
403,2,WORK,10,10,11:00,15:00,15:00,19:00
403,3,WORK,10,9,10:00,14:00,15:00,19:00
403,4,WORK,10,10,11:00,15:00,15:00,19:00
403,5,WORK,10,10,11:00,15:00,15:00,19:00
403,6,WORK,10,10,11:00,15:00,15:00,19:00
403,7,WORK,10,9,10:00,14:00,15:00,19:00
403,8,WORK,10,10,11:00,15:00,15:00,19:00
403,9,WORK,10,6,09:00,13:00,14:00,18:00
403,10,REST,,,,,,
404,1,REST,,,,,,
404,2,WORK,10,10,11:00,15:00,15:00,19:00
404,3,WORK,10,9,10:00,14:00,15:00,19:00
404,4,WORK,10,10,11:00,15:00,15:00,19:00
404,5,WORK,10,10,11:00,15:00,15:00,19:00
404,6,WORK,10,10,11:00,15:00,15:00,19:00
404,7,WORK,10,9,10:00,14:00,15:00,19:00
404,8,WORK,10,10,11:00,15:00,15:00,19:00
404,9,WORK,10,8,10:00,14:00,14:00,18:00
404,10,REST,,,,,,
405,1,REST,,,,,,
405,2,WORK,10,10,11:00,15:00,15:00,19:00
405,3,WORK,10,9,10:00,14:00,15:00,19:00
405,4,WORK,10,10,11:00,15:00,15:00,19:00
405,5,WORK,10,10,11:00,15:00,15:00,19:00
405,6,WORK,10,10,11:00,15:00,15:00,19:00
405,7,WORK,10,9,10:00,14:00,15:00,19:00
405,8,WORK,10,10,11:00,15:00,15:00,19:00
405,9,WORK,10,8,10:00,14:00,14:00,18:00
405,10,REST,,,,,,
406,1,REST,,,,,,
406,2,WORK,10,10,11:00,15:00,15:00,19:00
406,3,WORK,10,9,10:00,14:00,15:00,19:00
406,4,WORK,10,10,11:00,15:00,15:00,19:00
406,5,WORK,10,10,11:00,15:00,15:00,19:00
406,6,WORK,10,10,11:00,15:00,15:00,19:00
406,7,WORK,10,9,10:00,14:00,15:00,19:00
406,8,WORK,10,10,11:00,15:00,15:00,19:00
406,9,WORK,10,8,10:00,14:00,14:00,18:00
406,10,REST,,,,,,
