employee_id,day,status,shift_id,first_start,first_end,first_group,second_start,second_end,second_group,cross_group
F0001,1,WORK,F1,08:00,12:00,1,14:00,18:00,1,False
F0001,2,REST,,,,,,,,False
F0001,3,WORK,F1,08:00,12:00,6,14:00,18:00,6,False
F0001,4,WORK,F1,08:00,12:00,1,14:00,18:00,1,False
F0001,5,WORK,F1,08:00,12:00,1,14:00,18:00,1,False
F0001,6,WORK,F1,08:00,12:00,1,14:00,18:00,1,False
F0001,7,WORK,F1,08:00,12:00,1,14:00,18:00,1,False
F0001,8,WORK,F1,08:00,12:00,4,14:00,18:00,3,True
F0001,9,WORK,F1,08:00,12:00,2,14:00,18:00,2,False
F0001,10,REST,,,,,,,,False
F0002,1,WORK,F1,08:00,12:00,1,14:00,18:00,1,False
F0002,2,REST,,,,,,,,False
F0002,3,WORK,F1,08:00,12:00,6,14:00,18:00,6,False
F0002,4,WORK,F1,08:00,12:00,1,14:00,18:00,1,False
F0002,5,WORK,F1,08:00,12:00,1,14:00,18:00,1,False
F0002,6,WORK,F1,08:00,12:00,1,14:00,18:00,1,False
F0002,7,WORK,F1,08:00,12:00,1,14:00,18:00,1,False
F0002,8,WORK,F1,08:00,12:00,4,14:00,18:00,3,True
F0002,9,WORK,F1,08:00,12:00,2,14:00,18:00,2,False
F0002,10,REST,,,,,,,,False
F0003,1,WORK,F1,08:00,12:00,1,14:00,18:00,1,False
F0003,2,REST,,,,,,,,False
F0003,3,WORK,F1,08:00,12:00,6,14:00,18:00,6,False
F0003,4,WORK,F1,08:00,12:00,1,14:00,18:00,1,False
F0003,5,WORK,F1,08:00,12:00,1,14:00,18:00,1,False
F0003,6,WORK,F1,08:00,12:00,1,14:00,18:00,1,False
F0003,7,WORK,F1,08:00,12:00,1,14:00,18:00,1,False
F0003,8,WORK,F1,08:00,12:00,4,14:00,18:00,3,True
F0003,9,WORK,F1,08:00,12:00,2,14:00,18:00,2,False
F0003,10,REST,,,,,,,,False
F0004,1,WORK,F1,08:00,12:00,1,14:00,18:00,1,False
F0004,2,REST,,,,,,,,False
F0004,3,WORK,F1,08:00,12:00,6,14:00,18:00,6,False
F0004,4,WORK,F1,08:00,12:00,1,14:00,18:00,1,False
F0004,5,WORK,F1,08:00,12:00,1,14:00,18:00,1,False
F0004,6,WORK,F1,08:00,12:00,1,14:00,18:00,1,False
F0004,7,WORK,F1,08:00,12:00,1,14:00,18:00,1,False
F0004,8,WORK,F1,08:00,12:00,4,14:00,18:00,4,False
F0004,9,WORK,F1,08:00,12:00,2,14:00,18:00,2,False
F0004,10,REST,,,,,,,,False
F0005,1,WORK,F1,08:00,12:00,2,14:00,18:00,2,False
F0005,2,REST,,,,,,,,False
F0005,3,WORK,F1,08:00,12:00,6,14:00,18:00,6,False
F0005,4,WORK,F1,08:00,12:00,1,14:00,18:00,1,False
F0005,5,WORK,F1,08:00,12:00,1,14:00,18:00,1,False
F0005,6,WORK,F1,08:00,12:00,1,14:00,18:00,1,False
F0005,7,WORK,F1,08:00,12:00,1,14:00,18:00,1,False
F0005,8,WORK,F1,08:00,12:00,4,14:00,18:00,4,False
F0005,9,WORK,F1,08:00,12:00,2,14:00,18:00,2,False
F0005,10,REST,,,,,,,,False
F0006,1,WORK,F1,08:00,12:00,3,14:00,18:00,3,False
F0006,2,REST,,,,,,,,False
F0006,3,WORK,F1,08:00,12:00,6,14:00,18:00,6,False
F0006,4,WORK,F1,08:00,12:00,3,14:00,18:00,3,False
F0006,5,WORK,F1,08:00,12:00,1,14:00,18:00,1,False
F0006,6,WORK,F1,08:00,12:00,1,14:00,18:00,1,False
F0006,7,WORK,F1,08:00,12:00,1,14:00,18:00,4,True
F0006,8,WORK,F1,08:00,12:00,4,14:00,18:00,4,False
F0006,9,WORK,F1,08:00,12:00,2,14:00,18:00,2,False
F0006,10,REST,,,,,,,,False
F0007,1,REST,,,,,,,,False
F0007,2,REST,,,,,,,,False
F0007,3,WORK,F1,08:00,12:00,6,14:00,18:00,6,False
F0007,4,WORK,F1,08:00,12:00,3,14:00,18:00,3,False
F0007,5,WORK,F1,08:00,12:00,1,14:00,18:00,1,False
F0007,6,WORK,F1,08:00,12:00,1,14:00,18:00,1,False
F0007,7,WORK,F1,08:00,12:00,1,14:00,18:00,4,True
F0007,8,WORK,F1,08:00,12:00,4,14:00,18:00,4,False
F0007,9,WORK,F1,08:00,12:00,2,14:00,18:00,2,False
F0007,10,WORK,F1,08:00,12:00,1,14:00,18:00,9,True
F0008,1,REST,,,,,,,,False
F0008,2,REST,,,,,,,,False
F0008,3,WORK,F1,08:00,12:00,6,14:00,18:00,6,False
F0008,4,WORK,F1,08:00,12:00,3,14:00,18:00,3,False
F0008,5,WORK,F1,08:00,12:00,1,14:00,18:00,1,False
F0008,6,WORK,F1,08:00,12:00,1,14:00,18:00,1,False
F0008,7,WORK,F1,08:00,12:00,2,14:00,18:00,2,False
F0008,8,WORK,F1,08:00,12:00,4,14:00,18:00,4,False
F0008,9,WORK,F1,08:00,12:00,2,14:00,18:00,2,False
F0008,10,WORK,F1,08:00,12:00,1,14:00,18:00,9,True
F0009,1,REST,,,,,,,,False
F0009,2,REST,,,,,,,,False
F0009,3,WORK,F1,08:00,12:00,8,14:00,18:00,8,False
F0009,4,WORK,F1,08:00,12:00,3,14:00,18:00,3,False
F0009,5,WORK,F1,08:00,12:00,1,14:00,18:00,1,False
F0009,6,WORK,F1,08:00,12:00,1,14:00,18:00,1,False
F0009,7,WORK,F1,08:00,12:00,2,14:00,18:00,2,False
F0009,8,WORK,F1,08:00,12:00,4,14:00,18:00,4,False
F0009,9,WORK,F1,08:00,12:00,2,14:00,18:00,2,False
F0009,10,WORK,F1,08:00,12:00,1,14:00,18:00,9,True
F0010,1,REST,,,,,,,,False
F0010,2,REST,,,,,,,,False
F0010,3,WORK,F1,08:00,12:00,8,14:00,18:00,8,False
F0010,4,WORK,F1,08:00,12:00,3,14:00,18:00,3,False
F0010,5,WORK,F1,08:00,12:00,1,14:00,18:00,1,False
F0010,6,WORK,F1,08:00,12:00,1,14:00,18:00,1,False
F0010,7,WORK,F1,08:00,12:00,2,14:00,18:00,2,False
F0010,8,WORK,F1,08:00,12:00,4,14:00,18:00,4,False
F0010,9,WORK,F1,08:00,12:00,2,14:00,18:00,2,False
F0010,10,WORK,F1,08:00,12:00,1,14:00,18:00,9,True
F0011,1,REST,,,,,,,,False
F0011,2,REST,,,,,,,,False
F0011,3,WORK,F1,08:00,12:00,8,14:00,18:00,8,False
F0011,4,WORK,F1,08:00,12:00,3,14:00,18:00,3,False
F0011,5,WORK,F1,08:00,12:00,1,14:00,18:00,1,False
F0011,6,WORK,F1,08:00,12:00,2,14:00,18:00,2,False
F0011,7,WORK,F1,08:00,12:00,2,14:00,18:00,2,False
F0011,8,WORK,F1,08:00,12:00,4,14:00,18:00,4,False
F0011,9,WORK,F1,08:00,12:00,3,14:00,18:00,7,True
F0011,10,WORK,F1,08:00,12:00,1,14:00,18:00,9,True
F0012,1,REST,,,,,,,,False
F0012,2,REST,,,,,,,,False
F0012,3,WORK,F1,08:00,12:00,8,14:00,18:00,8,False
F0012,4,WORK,F1,08:00,12:00,3,14:00,18:00,3,False
F0012,5,WORK,F1,08:00,12:00,1,14:00,18:00,1,False
F0012,6,WORK,F1,08:00,12:00,2,14:00,18:00,2,False
F0012,7,WORK,F1,08:00,12:00,2,14:00,18:00,2,False
F0012,8,WORK,F1,08:00,12:00,4,14:00,18:00,4,False
F0012,9,WORK,F1,08:00,12:00,3,14:00,18:00,7,True
F0012,10,WORK,F1,08:00,12:00,1,14:00,18:00,9,True
F0013,1,REST,,,,,,,,False
F0013,2,REST,,,,,,,,False
F0013,3,WORK,F1,08:00,12:00,8,14:00,18:00,8,False
F0013,4,WORK,F1,08:00,12:00,3,14:00,18:00,3,False
F0013,5,WORK,F1,08:00,12:00,1,14:00,18:00,1,False
F0013,6,WORK,F1,08:00,12:00,2,14:00,18:00,2,False
F0013,7,WORK,F1,08:00,12:00,4,14:00,18:00,4,False
F0013,8,WORK,F1,08:00,12:00,8,14:00,18:00,8,False
F0013,9,WORK,F1,08:00,12:00,3,14:00,18:00,7,True
F0013,10,WORK,F1,08:00,12:00,1,14:00,18:00,9,True
F0014,1,REST,,,,,,,,False
F0014,2,REST,,,,,,,,False
F0014,3,WORK,F1,08:00,12:00,8,14:00,18:00,8,False
F0014,4,WORK,F1,08:00,12:00,5,14:00,18:00,5,False
F0014,5,WORK,F1,08:00,12:00,1,14:00,18:00,1,False
F0014,6,WORK,F1,08:00,12:00,2,14:00,18:00,2,False
F0014,7,WORK,F1,08:00,12:00,4,14:00,18:00,4,False
F0014,8,WORK,F1,08:00,12:00,8,14:00,18:00,8,False
F0014,9,WORK,F1,08:00,12:00,3,14:00,18:00,7,True
F0014,10,WORK,F1,08:00,12:00,1,14:00,18:00,9,True
F0015,1,REST,,,,,,,,False
F0015,2,REST,,,,,,,,False
F0015,3,WORK,F1,08:00,12:00,8,14:00,18:00,8,False
F0015,4,WORK,F1,08:00,12:00,5,14:00,18:00,5,False
F0015,5,WORK,F1,08:00,12:00,1,14:00,18:00,1,False
F0015,6,WORK,F1,08:00,12:00,2,14:00,18:00,2,False
F0015,7,WORK,F1,08:00,12:00,4,14:00,18:00,4,False
F0015,8,WORK,F1,08:00,12:00,8,14:00,18:00,8,False
F0015,9,WORK,F1,08:00,12:00,3,14:00,18:00,7,True
F0015,10,WORK,F1,08:00,12:00,1,14:00,18:00,9,True
F0016,1,REST,,,,,,,,False
F0016,2,REST,,,,,,,,False
F0016,3,WORK,F1,08:00,12:00,8,14:00,18:00,8,False
F0016,4,WORK,F1,08:00,12:00,5,14:00,18:00,5,False
F0016,5,WORK,F1,08:00,12:00,1,14:00,18:00,1,False
F0016,6,WORK,F1,08:00,12:00,2,14:00,18:00,2,False
F0016,7,WORK,F1,08:00,12:00,4,14:00,18:00,4,False
F0016,8,WORK,F1,08:00,12:00,8,14:00,18:00,8,False
F0016,9,WORK,F1,08:00,12:00,4,14:00,18:00,10,True
F0016,10,WORK,F1,08:00,12:00,1,14:00,18:00,9,True
F0017,1,REST,,,,,,,,False
F0017,2,REST,,,,,,,,False
F0017,3,WORK,F1,08:00,12:00,8,14:00,18:00,8,False
F0017,4,WORK,F1,08:00,12:00,5,14:00,18:00,5,False
F0017,5,WORK,F1,08:00,12:00,1,14:00,18:00,1,False
F0017,6,WORK,F1,08:00,12:00,2,14:00,18:00,2,False
F0017,7,WORK,F1,08:00,12:00,4,14:00,18:00,4,False
F0017,8,WORK,F1,08:00,12:00,8,14:00,18:00,8,False
F0017,9,WORK,F1,08:00,12:00,4,14:00,18:00,10,True
F0017,10,WORK,F1,08:00,12:00,4,14:00,18:00,4,False
F0018,1,REST,,,,,,,,False
F0018,2,REST,,,,,,,,False
F0018,3,WORK,F1,08:00,12:00,9,14:00,18:00,9,False
F0018,4,WORK,F1,08:00,12:00,5,14:00,18:00,5,False
F0018,5,WORK,F1,08:00,12:00,1,14:00,18:00,1,False
F0018,6,WORK,F1,08:00,12:00,2,14:00,18:00,2,False
F0018,7,WORK,F1,08:00,12:00,4,14:00,18:00,4,False
F0018,8,WORK,F1,08:00,12:00,8,14:00,18:00,8,False
F0018,9,WORK,F1,08:00,12:00,4,14:00,18:00,10,True
F0018,10,WORK,F1,08:00,12:00,4,14:00,18:00,4,False
F0019,1,REST,,,,,,,,False
F0019,2,REST,,,,,,,,False
F0019,3,WORK,F1,08:00,12:00,9,14:00,18:00,9,False
F0019,4,WORK,F1,08:00,12:00,5,14:00,18:00,5,False
F0019,5,WORK,F1,08:00,12:00,1,14:00,18:00,1,False
F0019,6,WORK,F1,08:00,12:00,4,14:00,18:00,5,True
F0019,7,WORK,F1,08:00,12:00,4,14:00,18:00,4,False
F0019,8,WORK,F1,08:00,12:00,8,14:00,18:00,8,False
F0019,9,WORK,F1,08:00,12:00,4,14:00,18:00,10,True
F0019,10,WORK,F1,08:00,12:00,4,14:00,18:00,4,False
F0020,1,REST,,,,,,,,False
F0020,2,REST,,,,,,,,False
F0020,3,WORK,F1,08:00,12:00,9,14:00,18:00,9,False
F0020,4,WORK,F1,08:00,12:00,5,14:00,18:00,5,False
F0020,5,WORK,F1,08:00,12:00,1,14:00,18:00,1,False
F0020,6,WORK,F1,08:00,12:00,5,14:00,18:00,5,False
F0020,7,WORK,F1,08:00,12:00,4,14:00,18:00,4,False
F0020,8,WORK,F1,08:00,12:00,8,14:00,18:00,8,False
F0020,9,WORK,F1,08:00,12:00,5,14:00,18:00,5,False
F0020,10,WORK,F1,08:00,12:00,4,14:00,18:00,4,False
F0021,1,REST,,,,,,,,False
F0021,2,REST,,,,,,,,False
F0021,3,WORK,F1,08:00,12:00,9,14:00,18:00,9,False
F0021,4,WORK,F1,08:00,12:00,5,14:00,18:00,5,False
F0021,5,WORK,F1,08:00,12:00,1,14:00,18:00,1,False
F0021,6,WORK,F1,08:00,12:00,5,14:00,18:00,5,False
F0021,7,WORK,F1,08:00,12:00,4,14:00,18:00,4,False
F0021,8,WORK,F1,08:00,12:00,8,14:00,18:00,8,False
F0021,9,WORK,F1,08:00,12:00,5,14:00,18:00,5,False
F0021,10,WORK,F1,08:00,12:00,4,14:00,18:00,4,False
F0022,1,REST,,,,,,,,False
F0022,2,REST,,,,,,,,False
F0022,3,WORK,F1,08:00,12:00,9,14:00,18:00,9,False
F0022,4,WORK,F1,08:00,12:00,5,14:00,18:00,5,False
F0022,5,WORK,F1,08:00,12:00,1,14:00,18:00,1,False
F0022,6,WORK,F1,08:00,12:00,5,14:00,18:00,5,False
F0022,7,WORK,F1,08:00,12:00,4,14:00,18:00,4,False
F0022,8,WORK,F1,08:00,12:00,9,14:00,18:00,9,False
F0022,9,WORK,F1,08:00,12:00,5,14:00,18:00,5,False
F0022,10,WORK,F1,08:00,12:00,4,14:00,18:00,4,False
F0023,1,REST,,,,,,,,False
F0023,2,REST,,,,,,,,False
F0023,3,WORK,F1,08:00,12:00,9,14:00,18:00,9,False
F0023,4,WORK,F1,08:00,12:00,5,14:00,18:00,5,False
F0023,5,WORK,F1,08:00,12:00,1,14:00,18:00,1,False
F0023,6,WORK,F1,08:00,12:00,5,14:00,18:00,5,False
F0023,7,WORK,F1,08:00,12:00,8,14:00,18:00,8,False
F0023,8,WORK,F1,08:00,12:00,9,14:00,18:00,9,False
F0023,9,WORK,F1,08:00,12:00,5,14:00,18:00,10,True
F0023,10,WORK,F1,08:00,12:00,4,14:00,18:00,4,False
F0024,1,REST,,,,,,,,False
F0024,2,REST,,,,,,,,False
F0024,3,WORK,F1,08:00,12:00,9,14:00,18:00,9,False
F0024,4,WORK,F1,08:00,12:00,7,14:00,18:00,7,False
F0024,5,WORK,F1,08:00,12:00,1,14:00,18:00,1,False
F0024,6,WORK,F1,08:00,12:00,5,14:00,18:00,5,False
F0024,7,WORK,F1,08:00,12:00,8,14:00,18:00,8,False
F0024,8,WORK,F1,08:00,12:00,9,14:00,18:00,9,False
F0024,9,WORK,F1,08:00,12:00,5,14:00,18:00,10,True
F0024,10,WORK,F1,08:00,12:00,4,14:00,18:00,4,False
F0025,1,REST,,,,,,,,False
F0025,2,REST,,,,,,,,False
F0025,3,WORK,F1,08:00,12:00,9,14:00,18:00,9,False
F0025,4,WORK,F1,08:00,12:00,7,14:00,18:00,7,False
F0025,5,WORK,F1,08:00,12:00,1,14:00,18:00,1,False
F0025,6,WORK,F1,08:00,12:00,5,14:00,18:00,5,False
F0025,7,WORK,F1,08:00,12:00,8,14:00,18:00,8,False
F0025,8,WORK,F1,08:00,12:00,9,14:00,18:00,9,False
F0025,9,WORK,F1,08:00,12:00,5,14:00,18:00,10,True
F0025,10,WORK,F1,08:00,12:00,4,14:00,18:00,4,False
F0026,1,REST,,,,,,,,False
F0026,2,REST,,,,,,,,False
F0026,3,WORK,F1,08:00,12:00,9,14:00,18:00,9,False
F0026,4,WORK,F1,08:00,12:00,7,14:00,18:00,7,False
F0026,5,WORK,F1,08:00,12:00,4,14:00,18:00,4,False
F0026,6,WORK,F1,08:00,12:00,5,14:00,18:00,5,False
F0026,7,WORK,F1,08:00,12:00,8,14:00,18:00,8,False
F0026,8,WORK,F1,08:00,12:00,9,14:00,18:00,9,False
F0026,9,WORK,F1,08:00,12:00,6,14:00,18:00,6,False
F0026,10,WORK,F1,08:00,12:00,4,14:00,18:00,4,False
F0027,1,REST,,,,,,,,False
F0027,2,REST,,,,,,,,False
F0027,3,WORK,F1,08:00,12:00,9,14:00,18:00,9,False
F0027,4,WORK,F1,08:00,12:00,7,14:00,18:00,7,False
F0027,5,WORK,F1,08:00,12:00,4,14:00,18:00,4,False
F0027,6,WORK,F1,08:00,12:00,5,14:00,18:00,5,False
F0027,7,WORK,F1,08:00,12:00,8,14:00,18:00,8,False
F0027,8,WORK,F1,08:00,12:00,9,14:00,18:00,9,False
F0027,9,WORK,F1,08:00,12:00,6,14:00,18:00,6,False
F0027,10,WORK,F1,08:00,12:00,6,14:00,18:00,6,False
F0028,1,REST,,,,,,,,False
F0028,2,REST,,,,,,,,False
F0028,3,WORK,F1,08:00,12:00,9,14:00,18:00,9,False
F0028,4,WORK,F1,08:00,12:00,7,14:00,18:00,7,False
F0028,5,WORK,F1,08:00,12:00,5,14:00,18:00,1,True
F0028,6,WORK,F1,08:00,12:00,5,14:00,18:00,5,False
F0028,7,WORK,F1,08:00,12:00,8,14:00,18:00,8,False
F0028,8,WORK,F1,08:00,12:00,9,14:00,18:00,9,False
F0028,9,WORK,F1,08:00,12:00,6,14:00,18:00,6,False
F0028,10,WORK,F1,08:00,12:00,6,14:00,18:00,6,False
F0029,1,REST,,,,,,,,False
F0029,2,REST,,,,,,,,False
F0029,3,WORK,F1,08:00,12:00,9,14:00,18:00,9,False
F0029,4,WORK,F1,08:00,12:00,9,14:00,18:00,6,True
F0029,5,WORK,F1,08:00,12:00,5,14:00,18:00,2,True
F0029,6,WORK,F1,08:00,12:00,5,14:00,18:00,5,False
F0029,7,WORK,F1,08:00,12:00,8,14:00,18:00,8,False
F0029,8,WORK,F1,08:00,12:00,9,14:00,18:00,9,False
F0029,9,WORK,F1,08:00,12:00,6,14:00,18:00,6,False
F0029,10,WORK,F1,08:00,12:00,6,14:00,18:00,6,False
F0030,1,REST,,,,,,,,False
F0030,2,REST,,,,,,,,False
F0030,3,WORK,F1,08:00,12:00,9,14:00,18:00,9,False
F0030,4,WORK,F1,08:00,12:00,9,14:00,18:00,6,True
F0030,5,WORK,F1,08:00,12:00,5,14:00,18:00,2,True
F0030,6,WORK,F1,08:00,12:00,5,14:00,18:00,5,False
F0030,7,WORK,F1,08:00,12:00,8,14:00,18:00,8,False
F0030,8,WORK,F1,08:00,12:00,9,14:00,18:00,9,False
F0030,9,WORK,F1,08:00,12:00,6,14:00,18:00,6,False
F0030,10,WORK,F1,08:00,12:00,6,14:00,18:00,6,False
F0031,1,REST,,,,,,,,False
F0031,2,REST,,,,,,,,False
F0031,3,WORK,F1,08:00,12:00,9,14:00,18:00,9,False
F0031,4,WORK,F1,08:00,12:00,9,14:00,18:00,6,True
F0031,5,WORK,F1,08:00,12:00,5,14:00,18:00,2,True
F0031,6,WORK,F1,08:00,12:00,5,14:00,18:00,5,False
F0031,7,WORK,F1,08:00,12:00,8,14:00,18:00,8,False
F0031,8,WORK,F1,08:00,12:00,9,14:00,18:00,9,False
F0031,9,WORK,F1,08:00,12:00,6,14:00,18:00,6,False
F0031,10,WORK,F1,08:00,12:00,6,14:00,18:00,6,False
F0032,1,REST,,,,,,,,False
F0032,2,REST,,,,,,,,False
F0032,3,WORK,F1,08:00,12:00,9,14:00,18:00,9,False
F0032,4,WORK,F1,08:00,12:00,9,14:00,18:00,6,True
F0032,5,WORK,F1,08:00,12:00,5,14:00,18:00,2,True
F0032,6,WORK,F1,08:00,12:00,6,14:00,18:00,5,True
F0032,7,WORK,F1,08:00,12:00,8,14:00,18:00,8,False
F0032,8,WORK,F1,08:00,12:00,9,14:00,18:00,9,False
F0032,9,WORK,F1,08:00,12:00,6,14:00,18:00,6,False
F0032,10,WORK,F1,08:00,12:00,6,14:00,18:00,6,False
F0033,1,REST,,,,,,,,False
F0033,2,REST,,,,,,,,False
F0033,3,WORK,F1,08:00,12:00,9,14:00,18:00,9,False
F0033,4,WORK,F1,08:00,12:00,9,14:00,18:00,6,True
F0033,5,WORK,F1,08:00,12:00,6,14:00,18:00,6,False
F0033,6,WORK,F1,08:00,12:00,6,14:00,18:00,5,True
F0033,7,WORK,F1,08:00,12:00,8,14:00,18:00,8,False
F0033,8,WORK,F1,08:00,12:00,9,14:00,18:00,9,False
F0033,9,WORK,F1,08:00,12:00,6,14:00,18:00,6,False
F0033,10,WORK,F1,08:00,12:00,6,14:00,18:00,6,False
F0034,1,REST,,,,,,,,False
F0034,2,REST,,,,,,,,False
F0034,3,WORK,F1,08:00,12:00,9,14:00,18:00,9,False
F0034,4,WORK,F1,08:00,12:00,9,14:00,18:00,6,True
F0034,5,WORK,F1,08:00,12:00,7,14:00,18:00,2,True
F0034,6,WORK,F1,08:00,12:00,6,14:00,18:00,6,False
F0034,7,WORK,F2,08:00,12:00,1,15:00,19:00,1,False
F0034,8,WORK,F1,08:00,12:00,9,14:00,18:00,9,False
F0034,9,WORK,F1,08:00,12:00,6,14:00,18:00,6,False
F0034,10,WORK,F1,08:00,12:00,6,14:00,18:00,6,False
F0035,1,REST,,,,,,,,False
F0035,2,REST,,,,,,,,False
F0035,3,WORK,F1,08:00,12:00,9,14:00,18:00,9,False
F0035,4,WORK,F1,08:00,12:00,9,14:00,18:00,6,True
F0035,5,WORK,F1,08:00,12:00,7,14:00,18:00,2,True
F0035,6,WORK,F1,08:00,12:00,6,14:00,18:00,6,False
F0035,7,WORK,F2,08:00,12:00,1,15:00,19:00,1,False
F0035,8,WORK,F1,08:00,12:00,9,14:00,18:00,9,False
F0035,9,WORK,F1,08:00,12:00,6,14:00,18:00,6,False
F0035,10,WORK,F1,08:00,12:00,6,14:00,18:00,6,False
F0036,1,REST,,,,,,,,False
F0036,2,REST,,,,,,,,False
F0036,3,WORK,F1,08:00,12:00,9,14:00,18:00,9,False
F0036,4,WORK,F2,08:00,12:00,1,15:00,19:00,1,False
F0036,5,WORK,F1,08:00,12:00,7,14:00,18:00,2,True
F0036,6,WORK,F1,08:00,12:00,6,14:00,18:00,6,False
F0036,7,WORK,F2,08:00,12:00,1,15:00,19:00,1,False
F0036,8,WORK,F2,08:00,12:00,1,15:00,19:00,1,False
F0036,9,WORK,F1,08:00,12:00,6,14:00,18:00,6,False
F0036,10,WORK,F1,08:00,12:00,7,14:00,18:00,7,False
F0037,1,REST,,,,,,,,False
F0037,2,WORK,F1,08:00,12:00,1,14:00,18:00,1,False
F0037,3,REST,,,,,,,,False
F0037,4,WORK,F2,08:00,12:00,1,15:00,19:00,1,False
F0037,5,WORK,F1,08:00,12:00,7,14:00,18:00,2,True
F0037,6,WORK,F1,08:00,12:00,6,14:00,18:00,6,False
F0037,7,WORK,F2,08:00,12:00,1,15:00,19:00,1,False
F0037,8,WORK,F2,08:00,12:00,1,15:00,19:00,1,False
F0037,9,WORK,F1,08:00,12:00,6,14:00,18:00,6,False
F0037,10,WORK,F1,08:00,12:00,7,14:00,18:00,7,False
F0038,1,REST,,,,,,,,False
F0038,2,WORK,F1,08:00,12:00,1,14:00,18:00,1,False
F0038,3,REST,,,,,,,,False
F0038,4,WORK,F2,08:00,12:00,1,15:00,19:00,1,False
F0038,5,WORK,F1,08:00,12:00,7,14:00,18:00,2,True
F0038,6,WORK,F1,08:00,12:00,6,14:00,18:00,6,False
F0038,7,WORK,F2,08:00,12:00,1,15:00,19:00,1,False
F0038,8,WORK,F2,08:00,12:00,1,15:00,19:00,1,False
F0038,9,WORK,F1,08:00,12:00,7,14:00,18:00,7,False
F0038,10,WORK,F1,08:00,12:00,7,14:00,18:00,7,False
F0039,1,REST,,,,,,,,False
F0039,2,WORK,F1,08:00,12:00,1,14:00,18:00,1,False
F0039,3,REST,,,,,,,,False
F0039,4,WORK,F2,08:00,12:00,1,15:00,19:00,1,False
F0039,5,WORK,F1,08:00,12:00,7,14:00,18:00,2,True
F0039,6,WORK,F1,08:00,12:00,6,14:00,18:00,6,False
F0039,7,WORK,F2,08:00,12:00,1,15:00,19:00,1,False
F0039,8,WORK,F2,08:00,12:00,1,15:00,19:00,1,False
F0039,9,WORK,F1,08:00,12:00,7,14:00,18:00,7,False
F0039,10,WORK,F1,08:00,12:00,7,14:00,18:00,7,False
F0040,1,REST,,,,,,,,False
F0040,2,WORK,F1,08:00,12:00,1,14:00,18:00,1,False
F0040,3,REST,,,,,,,,False
F0040,4,WORK,F2,08:00,12:00,1,15:00,19:00,1,False
F0040,5,WORK,F1,08:00,12:00,7,14:00,18:00,2,True
F0040,6,WORK,F1,08:00,12:00,6,14:00,18:00,6,False
F0040,7,WORK,F2,08:00,12:00,1,15:00,19:00,1,False
F0040,8,WORK,F2,08:00,12:00,1,15:00,19:00,1,False
F0040,9,WORK,F1,08:00,12:00,7,14:00,18:00,7,False
F0040,10,WORK,F1,08:00,12:00,7,14:00,18:00,7,False
F0041,1,REST,,,,,,,,False
F0041,2,WORK,F1,08:00,12:00,1,14:00,18:00,1,False
F0041,3,REST,,,,,,,,False
F0041,4,WORK,F2,08:00,12:00,1,15:00,19:00,1,False
F0041,5,WORK,F1,08:00,12:00,7,14:00,18:00,2,True
F0041,6,WORK,F1,08:00,12:00,7,14:00,18:00,7,False
F0041,7,WORK,F2,08:00,12:00,1,15:00,19:00,1,False
F0041,8,WORK,F2,08:00,12:00,1,15:00,19:00,1,False
F0041,9,WORK,F1,08:00,12:00,7,14:00,18:00,7,False
F0041,10,WORK,F1,08:00,12:00,7,14:00,18:00,7,False
F0042,1,REST,,,,,,,,False
F0042,2,WORK,F1,08:00,12:00,1,14:00,18:00,1,False
F0042,3,REST,,,,,,,,False
F0042,4,WORK,F2,08:00,12:00,1,15:00,19:00,1,False
F0042,5,WORK,F1,08:00,12:00,7,14:00,18:00,2,True
F0042,6,WORK,F1,08:00,12:00,7,14:00,18:00,7,False
F0042,7,WORK,F2,08:00,12:00,1,15:00,19:00,1,False
F0042,8,WORK,F2,08:00,12:00,1,15:00,19:00,1,False
F0042,9,WORK,F1,08:00,12:00,7,14:00,18:00,7,False
F0042,10,WORK,F1,08:00,12:00,7,14:00,18:00,7,False
F0043,1,REST,,,,,,,,False
F0043,2,WORK,F1,08:00,12:00,1,14:00,18:00,1,False
F0043,3,REST,,,,,,,,False
F0043,4,WORK,F2,08:00,12:00,1,15:00,19:00,1,False
F0043,5,WORK,F1,08:00,12:00,7,14:00,18:00,2,True
F0043,6,WORK,F1,08:00,12:00,7,14:00,18:00,7,False
F0043,7,WORK,F2,08:00,12:00,1,15:00,19:00,1,False
F0043,8,WORK,F2,08:00,12:00,1,15:00,19:00,1,False
F0043,9,WORK,F1,08:00,12:00,8,14:00,18:00,7,True
F0043,10,WORK,F1,08:00,12:00,7,14:00,18:00,7,False
F0044,1,REST,,,,,,,,False
F0044,2,WORK,F1,08:00,12:00,1,14:00,18:00,1,False
F0044,3,REST,,,,,,,,False
F0044,4,WORK,F2,08:00,12:00,1,15:00,19:00,1,False
F0044,5,WORK,F1,08:00,12:00,9,14:00,18:00,10,True
F0044,6,WORK,F1,08:00,12:00,7,14:00,18:00,7,False
F0044,7,WORK,F2,08:00,12:00,1,15:00,19:00,1,False
F0044,8,WORK,F2,08:00,12:00,1,15:00,19:00,1,False
F0044,9,WORK,F1,08:00,12:00,8,14:00,18:00,7,True
F0044,10,WORK,F1,08:00,12:00,7,14:00,18:00,7,False
F0045,1,REST,,,,,,,,False
F0045,2,WORK,F1,08:00,12:00,10,14:00,18:00,10,False
F0045,3,REST,,,,,,,,False
F0045,4,WORK,F2,08:00,12:00,1,15:00,19:00,1,False
F0045,5,WORK,F1,08:00,12:00,9,14:00,18:00,10,True
F0045,6,WORK,F1,08:00,12:00,7,14:00,18:00,7,False
F0045,7,WORK,F2,08:00,12:00,1,15:00,19:00,1,False
F0045,8,WORK,F2,08:00,12:00,1,15:00,19:00,1,False
F0045,9,WORK,F1,08:00,12:00,8,14:00,18:00,7,True
F0045,10,WORK,F1,08:00,12:00,7,14:00,18:00,7,False
F0046,1,REST,,,,,,,,False
F0046,2,WORK,F1,08:00,12:00,10,14:00,18:00,10,False
F0046,3,REST,,,,,,,,False
F0046,4,WORK,F2,08:00,12:00,1,15:00,19:00,1,False
F0046,5,WORK,F2,08:00,12:00,2,15:00,19:00,2,False
F0046,6,WORK,F1,08:00,12:00,7,14:00,18:00,7,False
F0046,7,WORK,F2,08:00,12:00,1,15:00,19:00,1,False
F0046,8,WORK,F2,08:00,12:00,1,15:00,19:00,1,False
F0046,9,WORK,F1,08:00,12:00,8,14:00,18:00,7,True
F0046,10,WORK,F1,08:00,12:00,7,14:00,18:00,7,False
F0047,1,REST,,,,,,,,False
F0047,2,WORK,F1,08:00,12:00,10,14:00,18:00,10,False
F0047,3,REST,,,,,,,,False
F0047,4,WORK,F2,08:00,12:00,1,15:00,19:00,1,False
F0047,5,WORK,F2,08:00,12:00,2,15:00,19:00,2,False
F0047,6,WORK,F1,08:00,12:00,7,14:00,18:00,7,False
F0047,7,WORK,F2,08:00,12:00,1,15:00,19:00,1,False
F0047,8,WORK,F2,08:00,12:00,1,15:00,19:00,1,False
F0047,9,WORK,F1,08:00,12:00,8,14:00,18:00,7,True
F0047,10,WORK,F1,08:00,12:00,8,14:00,18:00,8,False
F0048,1,REST,,,,,,,,False
F0048,2,WORK,F1,08:00,12:00,10,14:00,18:00,10,False
F0048,3,REST,,,,,,,,False
F0048,4,WORK,F2,08:00,12:00,1,15:00,19:00,1,False
F0048,5,WORK,F2,08:00,12:00,2,15:00,19:00,2,False
F0048,6,WORK,F1,08:00,12:00,7,14:00,18:00,7,False
F0048,7,WORK,F2,08:00,12:00,1,15:00,19:00,1,False
F0048,8,WORK,F2,08:00,12:00,1,15:00,19:00,1,False
F0048,9,WORK,F1,08:00,12:00,8,14:00,18:00,7,True
F0048,10,WORK,F1,08:00,12:00,8,14:00,18:00,8,False
F0049,1,REST,,,,,,,,False
F0049,2,WORK,F1,08:00,12:00,10,14:00,18:00,10,False
F0049,3,REST,,,,,,,,False
F0049,4,WORK,F2,08:00,12:00,1,15:00,19:00,1,False
F0049,5,WORK,F2,08:00,12:00,3,15:00,19:00,3,False
F0049,6,WORK,F1,08:00,12:00,7,14:00,18:00,7,False
F0049,7,WORK,F2,08:00,12:00,1,15:00,19:00,1,False
F0049,8,WORK,F2,08:00,12:00,1,15:00,19:00,1,False
F0049,9,WORK,F1,08:00,12:00,8,14:00,18:00,10,True
F0049,10,WORK,F1,08:00,12:00,8,14:00,18:00,8,False
F0050,1,REST,,,,,,,,False
F0050,2,WORK,F1,08:00,12:00,10,14:00,18:00,10,False
F0050,3,REST,,,,,,,,False
F0050,4,WORK,F2,08:00,12:00,1,15:00,19:00,1,False
F0050,5,WORK,F2,08:00,12:00,3,15:00,19:00,3,False
F0050,6,WORK,F1,08:00,12:00,10,14:00,18:00,5,True
F0050,7,WORK,F2,08:00,12:00,1,15:00,19:00,1,False
F0050,8,WORK,F2,08:00,12:00,1,15:00,19:00,1,False
F0050,9,WORK,F2,08:00,12:00,1,15:00,19:00,1,False
F0050,10,WORK,F1,08:00,12:00,8,14:00,18:00,8,False
F0051,1,REST,,,,,,,,False
F0051,2,WORK,F1,08:00,12:00,10,14:00,18:00,10,False
F0051,3,REST,,,,,,,,False
F0051,4,WORK,F2,08:00,12:00,1,15:00,19:00,1,False
F0051,5,WORK,F2,08:00,12:00,3,15:00,19:00,3,False
F0051,6,WORK,F1,08:00,12:00,10,14:00,18:00,5,True
F0051,7,WORK,F2,08:00,12:00,1,15:00,19:00,1,False
F0051,8,WORK,F2,08:00,12:00,1,15:00,19:00,1,False
F0051,9,WORK,F2,08:00,12:00,1,15:00,19:00,1,False
F0051,10,WORK,F1,08:00,12:00,8,14:00,18:00,8,False
F0052,1,REST,,,,,,,,False
F0052,2,WORK,F1,08:00,12:00,10,14:00,18:00,10,False
F0052,3,REST,,,,,,,,False
F0052,4,WORK,F2,08:00,12:00,1,15:00,19:00,1,False
F0052,5,WORK,F2,08:00,12:00,3,15:00,19:00,3,False
F0052,6,WORK,F1,08:00,12:00,10,14:00,18:00,5,True
F0052,7,WORK,F2,08:00,12:00,1,15:00,19:00,1,False
F0052,8,WORK,F2,08:00,12:00,1,15:00,19:00,1,False
F0052,9,WORK,F2,08:00,12:00,1,15:00,19:00,1,False
F0052,10,WORK,F1,08:00,12:00,8,14:00,18:00,8,False
F0053,1,REST,,,,,,,,False
F0053,2,WORK,F1,08:00,12:00,10,14:00,18:00,10,False
F0053,3,REST,,,,,,,,False
F0053,4,WORK,F2,08:00,12:00,1,15:00,19:00,1,False
F0053,5,WORK,F2,08:00,12:00,3,15:00,19:00,3,False
F0053,6,WORK,F1,08:00,12:00,10,14:00,18:00,5,True
F0053,7,WORK,F2,08:00,12:00,2,15:00,19:00,2,False
F0053,8,WORK,F2,08:00,12:00,1,15:00,19:00,1,False
F0053,9,WORK,F2,08:00,12:00,1,15:00,19:00,1,False
F0053,10,WORK,F1,08:00,12:00,8,14:00,18:00,8,False
F0054,1,REST,,,,,,,,False
F0054,2,WORK,F2,08:00,12:00,1,15:00,19:00,6,True
F0054,3,REST,,,,,,,,False
F0054,4,WORK,F2,08:00,12:00,1,15:00,19:00,1,False
F0054,5,WORK,F2,08:00,12:00,3,15:00,19:00,3,False
F0054,6,WORK,F1,08:00,12:00,10,14:00,18:00,5,True
F0054,7,WORK,F2,08:00,12:00,2,15:00,19:00,2,False
F0054,8,WORK,F2,08:00,12:00,1,15:00,19:00,1,False
F0054,9,WORK,F2,08:00,12:00,1,15:00,19:00,1,False
F0054,10,WORK,F1,08:00,12:00,8,14:00,18:00,8,False
F0055,1,REST,,,,,,,,False
F0055,2,WORK,F2,08:00,12:00,1,15:00,19:00,8,True
F0055,3,REST,,,,,,,,False
F0055,4,WORK,F2,08:00,12:00,1,15:00,19:00,1,False
F0055,5,WORK,F2,08:00,12:00,3,15:00,19:00,3,False
F0055,6,WORK,F1,08:00,12:00,10,14:00,18:00,5,True
F0055,7,WORK,F2,08:00,12:00,2,15:00,19:00,2,False
F0055,8,WORK,F2,08:00,12:00,1,15:00,19:00,1,False
F0055,9,WORK,F2,08:00,12:00,1,15:00,19:00,1,False
F0055,10,WORK,F1,08:00,12:00,8,14:00,18:00,8,False
F0056,1,REST,,,,,,,,False
F0056,2,WORK,F2,08:00,12:00,1,15:00,19:00,8,True
F0056,3,REST,,,,,,,,False
F0056,4,WORK,F2,08:00,12:00,1,15:00,19:00,1,False
F0056,5,WORK,F2,08:00,12:00,3,15:00,19:00,3,False
F0056,6,WORK,F1,08:00,12:00,10,14:00,18:00,5,True
F0056,7,WORK,F2,08:00,12:00,2,15:00,19:00,2,False
F0056,8,WORK,F2,08:00,12:00,1,15:00,19:00,1,False
F0056,9,WORK,F2,08:00,12:00,1,15:00,19:00,1,False
F0056,10,WORK,F1,08:00,12:00,8,14:00,18:00,8,False
F0057,1,REST,,,,,,,,False
F0057,2,WORK,F2,08:00,12:00,1,15:00,19:00,8,True
F0057,3,REST,,,,,,,,False
F0057,4,WORK,F2,08:00,12:00,1,15:00,19:00,1,False
F0057,5,WORK,F2,08:00,12:00,3,15:00,19:00,3,False
F0057,6,WORK,F1,08:00,12:00,10,14:00,18:00,10,False
F0057,7,WORK,F2,08:00,12:00,2,15:00,19:00,2,False
F0057,8,WORK,F2,08:00,12:00,1,15:00,19:00,1,False
F0057,9,WORK,F2,08:00,12:00,1,15:00,19:00,1,False
F0057,10,WORK,F2,08:00,12:00,1,15:00,19:00,1,False
F0058,1,REST,,,,,,,,False
F0058,2,WORK,F2,08:00,12:00,1,15:00,19:00,8,True
F0058,3,REST,,,,,,,,False
F0058,4,WORK,F2,08:00,12:00,1,15:00,19:00,1,False
F0058,5,WORK,F2,08:00,12:00,3,15:00,19:00,3,False
F0058,6,WORK,F1,08:00,12:00,10,14:00,18:00,10,False
F0058,7,WORK,F2,08:00,12:00,2,15:00,19:00,2,False
F0058,8,WORK,F2,08:00,12:00,2,15:00,19:00,2,False
F0058,9,WORK,F2,08:00,12:00,1,15:00,19:00,1,False
F0058,10,WORK,F2,08:00,12:00,1,15:00,19:00,1,False
F0059,1,REST,,,,,,,,False
F0059,2,WORK,F2,08:00,12:00,1,15:00,19:00,8,True
F0059,3,REST,,,,,,,,False
F0059,4,WORK,F2,08:00,12:00,1,15:00,19:00,1,False
F0059,5,WORK,F2,08:00,12:00,3,15:00,19:00,3,False
F0059,6,WORK,F2,08:00,12:00,2,15:00,19:00,2,False
F0059,7,WORK,F2,08:00,12:00,2,15:00,19:00,2,False
F0059,8,WORK,F2,08:00,12:00,2,15:00,19:00,2,False
F0059,9,WORK,F2,08:00,12:00,1,15:00,19:00,1,False
F0059,10,WORK,F2,08:00,12:00,1,15:00,19:00,1,False
F0060,1,REST,,,,,,,,False
F0060,2,WORK,F2,08:00,12:00,1,15:00,19:00,8,True
F0060,3,REST,,,,,,,,False
F0060,4,WORK,F2,08:00,12:00,2,15:00,19:00,2,False
F0060,5,WORK,F2,08:00,12:00,3,15:00,19:00,3,False
F0060,6,WORK,F2,08:00,12:00,2,15:00,19:00,2,False
F0060,7,WORK,F2,08:00,12:00,2,15:00,19:00,2,False
F0060,8,WORK,F2,08:00,12:00,2,15:00,19:00,2,False
F0060,9,WORK,F2,08:00,12:00,1,15:00,19:00,1,False
F0060,10,WORK,F2,08:00,12:00,1,15:00,19:00,1,False
F0061,1,REST,,,,,,,,False
F0061,2,WORK,F2,08:00,12:00,2,15:00,19:00,2,False
F0061,3,REST,,,,,,,,False
F0061,4,WORK,F2,08:00,12:00,2,15:00,19:00,2,False
F0061,5,WORK,F2,08:00,12:00,3,15:00,19:00,3,False
F0061,6,WORK,F2,08:00,12:00,2,15:00,19:00,2,False
F0061,7,WORK,F2,08:00,12:00,2,15:00,19:00,2,False
F0061,8,WORK,F2,08:00,12:00,2,15:00,19:00,2,False
F0061,9,WORK,F2,08:00,12:00,1,15:00,19:00,1,False
F0061,10,WORK,F2,08:00,12:00,1,15:00,19:00,1,False
F0062,1,REST,,,,,,,,False
F0062,2,WORK,F2,08:00,12:00,2,15:00,19:00,2,False
F0062,3,REST,,,,,,,,False
F0062,4,WORK,F2,08:00,12:00,2,15:00,19:00,2,False
F0062,5,WORK,F2,08:00,12:00,3,15:00,19:00,3,False
F0062,6,WORK,F2,08:00,12:00,2,15:00,19:00,2,False
F0062,7,WORK,F2,08:00,12:00,2,15:00,19:00,2,False
F0062,8,WORK,F2,08:00,12:00,2,15:00,19:00,2,False
F0062,9,WORK,F2,08:00,12:00,1,15:00,19:00,1,False
F0062,10,WORK,F2,08:00,12:00,1,15:00,19:00,1,False
F0063,1,REST,,,,,,,,False
F0063,2,WORK,F2,08:00,12:00,2,15:00,19:00,2,False
F0063,3,REST,,,,,,,,False
F0063,4,WORK,F2,08:00,12:00,2,15:00,19:00,2,False
F0063,5,WORK,F2,08:00,12:00,3,15:00,19:00,3,False
F0063,6,WORK,F2,08:00,12:00,2,15:00,19:00,2,False
F0063,7,WORK,F2,08:00,12:00,2,15:00,19:00,2,False
F0063,8,WORK,F2,08:00,12:00,2,15:00,19:00,2,False
F0063,9,WORK,F2,08:00,12:00,1,15:00,19:00,1,False
F0063,10,WORK,F2,08:00,12:00,1,15:00,19:00,1,False
F0064,1,REST,,,,,,,,False
F0064,2,WORK,F2,08:00,12:00,2,15:00,19:00,2,False
F0064,3,REST,,,,,,,,False
F0064,4,WORK,F2,08:00,12:00,2,15:00,19:00,2,False
F0064,5,WORK,F2,08:00,12:00,3,15:00,19:00,3,False
F0064,6,WORK,F2,08:00,12:00,2,15:00,19:00,2,False
F0064,7,WORK,F2,08:00,12:00,2,15:00,19:00,2,False
F0064,8,WORK,F2,08:00,12:00,2,15:00,19:00,2,False
F0064,9,WORK,F2,08:00,12:00,1,15:00,19:00,1,False
F0064,10,WORK,F2,08:00,12:00,1,15:00,19:00,10,True
F0065,1,REST,,,,,,,,False
F0065,2,WORK,F2,08:00,12:00,2,15:00,19:00,2,False
F0065,3,REST,,,,,,,,False
F0065,4,WORK,F2,08:00,12:00,2,15:00,19:00,2,False
F0065,5,WORK,F2,08:00,12:00,3,15:00,19:00,3,False
F0065,6,WORK,F2,08:00,12:00,2,15:00,19:00,2,False
F0065,7,WORK,F2,08:00,12:00,2,15:00,19:00,2,False
F0065,8,WORK,F2,08:00,12:00,2,15:00,19:00,2,False
F0065,9,WORK,F2,08:00,12:00,1,15:00,19:00,1,False
F0065,10,WORK,F2,08:00,12:00,1,15:00,19:00,10,True
F0066,1,REST,,,,,,,,False
F0066,2,WORK,F2,08:00,12:00,2,15:00,19:00,2,False
F0066,3,REST,,,,,,,,False
F0066,4,WORK,F2,08:00,12:00,2,15:00,19:00,2,False
F0066,5,WORK,F2,08:00,12:00,3,15:00,19:00,3,False
F0066,6,WORK,F2,08:00,12:00,2,15:00,19:00,2,False
F0066,7,WORK,F2,08:00,12:00,2,15:00,19:00,2,False
F0066,8,WORK,F2,08:00,12:00,2,15:00,19:00,2,False
F0066,9,WORK,F2,08:00,12:00,1,15:00,19:00,2,True
F0066,10,WORK,F2,08:00,12:00,1,15:00,19:00,10,True
F0067,1,REST,,,,,,,,False
F0067,2,WORK,F2,08:00,12:00,2,15:00,19:00,2,False
F0067,3,REST,,,,,,,,False
F0067,4,WORK,F2,08:00,12:00,2,15:00,19:00,2,False
F0067,5,WORK,F2,08:00,12:00,3,15:00,19:00,3,False
F0067,6,WORK,F2,08:00,12:00,2,15:00,19:00,2,False
F0067,7,WORK,F2,08:00,12:00,2,15:00,19:00,2,False
F0067,8,WORK,F2,08:00,12:00,2,15:00,19:00,2,False
F0067,9,WORK,F2,08:00,12:00,1,15:00,19:00,2,True
F0067,10,WORK,F2,08:00,12:00,1,15:00,19:00,10,True
F0068,1,REST,,,,,,,,False
F0068,2,WORK,F2,08:00,12:00,2,15:00,19:00,2,False
F0068,3,REST,,,,,,,,False
F0068,4,WORK,F2,08:00,12:00,2,15:00,19:00,2,False
F0068,5,WORK,F2,08:00,12:00,3,15:00,19:00,3,False
F0068,6,WORK,F2,08:00,12:00,2,15:00,19:00,2,False
F0068,7,WORK,F2,08:00,12:00,2,15:00,19:00,2,False
F0068,8,WORK,F2,08:00,12:00,2,15:00,19:00,2,False
F0068,9,WORK,F2,08:00,12:00,1,15:00,19:00,2,True
F0068,10,WORK,F2,08:00,12:00,1,15:00,19:00,10,True
F0069,1,REST,,,,,,,,False
F0069,2,WORK,F2,08:00,12:00,2,15:00,19:00,2,False
F0069,3,REST,,,,,,,,False
F0069,4,WORK,F2,08:00,12:00,2,15:00,19:00,2,False
F0069,5,WORK,F2,08:00,12:00,3,15:00,19:00,3,False
F0069,6,WORK,F2,08:00,12:00,2,15:00,19:00,2,False
F0069,7,WORK,F2,08:00,12:00,2,15:00,19:00,2,False
F0069,8,WORK,F2,08:00,12:00,2,15:00,19:00,2,False
F0069,9,WORK,F2,08:00,12:00,2,15:00,19:00,2,False
F0069,10,WORK,F2,08:00,12:00,1,15:00,19:00,10,True
F0070,1,REST,,,,,,,,False
F0070,2,WORK,F2,08:00,12:00,2,15:00,19:00,2,False
F0070,3,REST,,,,,,,,False
F0070,4,WORK,F2,08:00,12:00,2,15:00,19:00,2,False
F0070,5,WORK,F2,08:00,12:00,3,15:00,19:00,3,False
F0070,6,WORK,F2,08:00,12:00,2,15:00,19:00,2,False
F0070,7,WORK,F2,08:00,12:00,2,15:00,19:00,2,False
F0070,8,WORK,F2,08:00,12:00,2,15:00,19:00,2,False
F0070,9,WORK,F2,08:00,12:00,2,15:00,19:00,2,False
F0070,10,WORK,F2,08:00,12:00,1,15:00,19:00,10,True
F0071,1,REST,,,,,,,,False
F0071,2,WORK,F2,08:00,12:00,2,15:00,19:00,2,False
F0071,3,REST,,,,,,,,False
F0071,4,WORK,F2,08:00,12:00,2,15:00,19:00,2,False
F0071,5,WORK,F2,08:00,12:00,3,15:00,19:00,3,False
F0071,6,WORK,F2,08:00,12:00,2,15:00,19:00,2,False
F0071,7,WORK,F2,08:00,12:00,3,15:00,19:00,3,False
F0071,8,WORK,F2,08:00,12:00,2,15:00,19:00,2,False
F0071,9,WORK,F2,08:00,12:00,2,15:00,19:00,2,False
F0071,10,WORK,F2,08:00,12:00,1,15:00,19:00,10,True
F0072,1,REST,,,,,,,,False
F0072,2,WORK,F2,08:00,12:00,2,15:00,19:00,2,False
F0072,3,REST,,,,,,,,False
F0072,4,WORK,F2,08:00,12:00,2,15:00,19:00,2,False
F0072,5,WORK,F2,08:00,12:00,3,15:00,19:00,3,False
F0072,6,WORK,F2,08:00,12:00,2,15:00,19:00,2,False
F0072,7,WORK,F2,08:00,12:00,3,15:00,19:00,3,False
F0072,8,WORK,F2,08:00,12:00,2,15:00,19:00,2,False
F0072,9,WORK,F2,08:00,12:00,2,15:00,19:00,2,False
F0072,10,WORK,F2,08:00,12:00,1,15:00,19:00,10,True
F0073,1,REST,,,,,,,,False
F0073,2,WORK,F2,08:00,12:00,2,15:00,19:00,2,False
F0073,3,REST,,,,,,,,False
F0073,4,WORK,F2,08:00,12:00,2,15:00,19:00,2,False
F0073,5,WORK,F2,08:00,12:00,3,15:00,19:00,3,False
F0073,6,WORK,F2,08:00,12:00,3,15:00,19:00,3,False
F0073,7,WORK,F2,08:00,12:00,3,15:00,19:00,3,False
F0073,8,WORK,F2,08:00,12:00,2,15:00,19:00,2,False
F0073,9,WORK,F2,08:00,12:00,2,15:00,19:00,2,False
F0073,10,WORK,F2,08:00,12:00,2,15:00,19:00,2,False
F0074,1,REST,,,,,,,,False
F0074,2,WORK,F2,08:00,12:00,2,15:00,19:00,2,False
F0074,3,REST,,,,,,,,False
F0074,4,WORK,F2,08:00,12:00,2,15:00,19:00,2,False
F0074,5,WORK,F2,08:00,12:00,3,15:00,19:00,3,False
F0074,6,WORK,F2,08:00,12:00,3,15:00,19:00,3,False
F0074,7,WORK,F2,08:00,12:00,3,15:00,19:00,3,False
F0074,8,WORK,F2,08:00,12:00,3,15:00,19:00,3,False
F0074,9,WORK,F2,08:00,12:00,2,15:00,19:00,2,False
F0074,10,WORK,F2,08:00,12:00,2,15:00,19:00,2,False
F0075,1,REST,,,,,,,,False
F0075,2,WORK,F2,08:00,12:00,2,15:00,19:00,2,False
F0075,3,REST,,,,,,,,False
F0075,4,WORK,F2,08:00,12:00,2,15:00,19:00,2,False
F0075,5,WORK,F2,08:00,12:00,3,15:00,19:00,3,False
F0075,6,WORK,F2,08:00,12:00,3,15:00,19:00,3,False
F0075,7,WORK,F2,08:00,12:00,3,15:00,19:00,3,False
F0075,8,WORK,F2,08:00,12:00,3,15:00,19:00,3,False
F0075,9,WORK,F2,08:00,12:00,3,15:00,19:00,3,False
F0075,10,WORK,F2,08:00,12:00,2,15:00,19:00,2,False
F0076,1,REST,,,,,,,,False
F0076,2,WORK,F2,08:00,12:00,2,15:00,19:00,2,False
F0076,3,REST,,,,,,,,False
F0076,4,WORK,F2,08:00,12:00,2,15:00,19:00,2,False
F0076,5,WORK,F2,08:00,12:00,4,15:00,19:00,4,False
F0076,6,WORK,F2,08:00,12:00,3,15:00,19:00,3,False
F0076,7,WORK,F2,08:00,12:00,3,15:00,19:00,3,False
F0076,8,WORK,F2,08:00,12:00,3,15:00,19:00,3,False
F0076,9,WORK,F2,08:00,12:00,3,15:00,19:00,3,False
F0076,10,WORK,F2,08:00,12:00,2,15:00,19:00,10,True
F0077,1,REST,,,,,,,,False
F0077,2,WORK,F2,08:00,12:00,2,15:00,19:00,2,False
F0077,3,REST,,,,,,,,False
F0077,4,WORK,F2,08:00,12:00,2,15:00,19:00,2,False
F0077,5,WORK,F2,08:00,12:00,4,15:00,19:00,4,False
F0077,6,WORK,F2,08:00,12:00,3,15:00,19:00,3,False
F0077,7,WORK,F2,08:00,12:00,3,15:00,19:00,3,False
F0077,8,WORK,F2,08:00,12:00,3,15:00,19:00,3,False
F0077,9,WORK,F2,08:00,12:00,3,15:00,19:00,3,False
F0077,10,WORK,F2,08:00,12:00,3,15:00,19:00,3,False
F0078,1,REST,,,,,,,,False
F0078,2,WORK,F2,08:00,12:00,2,15:00,19:00,2,False
F0078,3,REST,,,,,,,,False
F0078,4,WORK,F2,08:00,12:00,2,15:00,19:00,2,False
F0078,5,WORK,F2,08:00,12:00,4,15:00,19:00,4,False
F0078,6,WORK,F2,08:00,12:00,3,15:00,19:00,3,False
F0078,7,WORK,F2,08:00,12:00,3,15:00,19:00,3,False
F0078,8,WORK,F2,08:00,12:00,3,15:00,19:00,3,False
F0078,9,WORK,F2,08:00,12:00,3,15:00,19:00,3,False
F0078,10,WORK,F2,08:00,12:00,3,15:00,19:00,3,False
F0079,1,REST,,,,,,,,False
F0079,2,WORK,F2,08:00,12:00,2,15:00,19:00,2,False
F0079,3,REST,,,,,,,,False
F0079,4,WORK,F2,08:00,12:00,2,15:00,19:00,2,False
F0079,5,WORK,F2,08:00,12:00,4,15:00,19:00,4,False
F0079,6,WORK,F2,08:00,12:00,3,15:00,19:00,3,False
F0079,7,WORK,F2,08:00,12:00,3,15:00,19:00,3,False
F0079,8,WORK,F2,08:00,12:00,3,15:00,19:00,3,False
F0079,9,WORK,F2,08:00,12:00,3,15:00,19:00,3,False
F0079,10,WORK,F2,08:00,12:00,3,15:00,19:00,3,False
F0080,1,REST,,,,,,,,False
F0080,2,WORK,F2,08:00,12:00,2,15:00,19:00,2,False
F0080,3,REST,,,,,,,,False
F0080,4,WORK,F2,08:00,12:00,2,15:00,19:00,2,False
F0080,5,WORK,F2,08:00,12:00,4,15:00,19:00,4,False
F0080,6,WORK,F2,08:00,12:00,3,15:00,19:00,3,False
F0080,7,WORK,F2,08:00,12:00,3,15:00,19:00,3,False
F0080,8,WORK,F2,08:00,12:00,3,15:00,19:00,3,False
F0080,9,WORK,F2,08:00,12:00,3,15:00,19:00,3,False
F0080,10,WORK,F2,08:00,12:00,3,15:00,19:00,3,False
F0081,1,REST,,,,,,,,False
F0081,2,WORK,F2,08:00,12:00,2,15:00,19:00,2,False
F0081,3,REST,,,,,,,,False
F0081,4,WORK,F2,08:00,12:00,2,15:00,19:00,2,False
F0081,5,WORK,F2,08:00,12:00,4,15:00,19:00,4,False
F0081,6,WORK,F2,08:00,12:00,3,15:00,19:00,3,False
F0081,7,WORK,F2,08:00,12:00,3,15:00,19:00,3,False
F0081,8,WORK,F2,08:00,12:00,3,15:00,19:00,3,False
F0081,9,WORK,F2,08:00,12:00,3,15:00,19:00,3,False
F0081,10,WORK,F2,08:00,12:00,3,15:00,19:00,3,False
F0082,1,REST,,,,,,,,False
F0082,2,WORK,F2,08:00,12:00,2,15:00,19:00,2,False
F0082,3,REST,,,,,,,,False
F0082,4,WORK,F2,08:00,12:00,2,15:00,19:00,2,False
F0082,5,WORK,F2,08:00,12:00,4,15:00,19:00,4,False
F0082,6,WORK,F2,08:00,12:00,3,15:00,19:00,3,False
F0082,7,WORK,F2,08:00,12:00,3,15:00,19:00,3,False
F0082,8,WORK,F2,08:00,12:00,3,15:00,19:00,3,False
F0082,9,WORK,F2,08:00,12:00,3,15:00,19:00,3,False
F0082,10,WORK,F2,08:00,12:00,3,15:00,19:00,3,False
F0083,1,REST,,,,,,,,False
F0083,2,WORK,F2,08:00,12:00,2,15:00,19:00,6,True
F0083,3,REST,,,,,,,,False
F0083,4,WORK,F2,08:00,12:00,2,15:00,19:00,10,True
F0083,5,WORK,F2,08:00,12:00,4,15:00,19:00,4,False
F0083,6,WORK,F2,08:00,12:00,3,15:00,19:00,3,False
F0083,7,WORK,F2,08:00,12:00,3,15:00,19:00,3,False
F0083,8,WORK,F2,08:00,12:00,3,15:00,19:00,3,False
F0083,9,WORK,F2,08:00,12:00,3,15:00,19:00,3,False
F0083,10,WORK,F2,08:00,12:00,3,15:00,19:00,3,False
F0084,1,REST,,,,,,,,False
F0084,2,WORK,F2,08:00,12:00,2,15:00,19:00,9,True
F0084,3,REST,,,,,,,,False
F0084,4,WORK,F2,08:00,12:00,2,15:00,19:00,10,True
F0084,5,WORK,F2,08:00,12:00,4,15:00,19:00,4,False
F0084,6,WORK,F2,08:00,12:00,3,15:00,19:00,3,False
F0084,7,WORK,F2,08:00,12:00,3,15:00,19:00,3,False
F0084,8,WORK,F2,08:00,12:00,3,15:00,19:00,3,False
F0084,9,WORK,F2,08:00,12:00,3,15:00,19:00,3,False
F0084,10,WORK,F2,08:00,12:00,3,15:00,19:00,3,False
F0085,1,REST,,,,,,,,False
F0085,2,WORK,F2,08:00,12:00,2,15:00,19:00,9,True
F0085,3,REST,,,,,,,,False
F0085,4,WORK,F2,08:00,12:00,3,15:00,19:00,3,False
F0085,5,WORK,F2,08:00,12:00,4,15:00,19:00,4,False
F0085,6,WORK,F2,08:00,12:00,3,15:00,19:00,3,False
F0085,7,WORK,F2,08:00,12:00,3,15:00,19:00,3,False
F0085,8,WORK,F2,08:00,12:00,3,15:00,19:00,3,False
F0085,9,WORK,F2,08:00,12:00,3,15:00,19:00,3,False
F0085,10,WORK,F2,08:00,12:00,3,15:00,19:00,3,False
F0086,1,REST,,,,,,,,False
F0086,2,WORK,F2,08:00,12:00,2,15:00,19:00,9,True
F0086,3,REST,,,,,,,,False
F0086,4,WORK,F2,08:00,12:00,3,15:00,19:00,3,False
F0086,5,WORK,F2,08:00,12:00,4,15:00,19:00,4,False
F0086,6,WORK,F2,08:00,12:00,3,15:00,19:00,3,False
F0086,7,WORK,F2,08:00,12:00,3,15:00,19:00,3,False
F0086,8,WORK,F2,08:00,12:00,3,15:00,19:00,3,False
F0086,9,WORK,F2,08:00,12:00,3,15:00,19:00,3,False
F0086,10,WORK,F2,08:00,12:00,3,15:00,19:00,3,False
F0087,1,REST,,,,,,,,False
F0087,2,WORK,F2,08:00,12:00,2,15:00,19:00,9,True
F0087,3,REST,,,,,,,,False
F0087,4,WORK,F2,08:00,12:00,3,15:00,19:00,3,False
F0087,5,WORK,F2,08:00,12:00,4,15:00,19:00,4,False
F0087,6,WORK,F2,08:00,12:00,3,15:00,19:00,3,False
F0087,7,WORK,F2,08:00,12:00,3,15:00,19:00,3,False
F0087,8,WORK,F2,08:00,12:00,3,15:00,19:00,3,False
F0087,9,WORK,F2,08:00,12:00,3,15:00,19:00,3,False
F0087,10,WORK,F2,08:00,12:00,3,15:00,19:00,3,False
F0088,1,REST,,,,,,,,False
F0088,2,WORK,F2,08:00,12:00,2,15:00,19:00,9,True
F0088,3,REST,,,,,,,,False
F0088,4,WORK,F2,08:00,12:00,3,15:00,19:00,3,False
F0088,5,WORK,F2,08:00,12:00,4,15:00,19:00,4,False
F0088,6,WORK,F2,08:00,12:00,3,15:00,19:00,3,False
F0088,7,WORK,F2,08:00,12:00,3,15:00,19:00,3,False
F0088,8,WORK,F2,08:00,12:00,3,15:00,19:00,3,False
F0088,9,WORK,F2,08:00,12:00,3,15:00,19:00,3,False
F0088,10,WORK,F2,08:00,12:00,3,15:00,19:00,3,False
F0089,1,REST,,,,,,,,False
F0089,2,WORK,F2,08:00,12:00,3,15:00,19:00,3,False
F0089,3,REST,,,,,,,,False
F0089,4,WORK,F2,08:00,12:00,3,15:00,19:00,3,False
F0089,5,WORK,F2,08:00,12:00,4,15:00,19:00,4,False
F0089,6,WORK,F2,08:00,12:00,3,15:00,19:00,3,False
F0089,7,WORK,F2,08:00,12:00,3,15:00,19:00,3,False
F0089,8,WORK,F2,08:00,12:00,3,15:00,19:00,3,False
F0089,9,WORK,F2,08:00,12:00,3,15:00,19:00,3,False
F0089,10,WORK,F2,08:00,12:00,3,15:00,19:00,3,False
F0090,1,REST,,,,,,,,False
F0090,2,WORK,F2,08:00,12:00,3,15:00,19:00,3,False
F0090,3,REST,,,,,,,,False
F0090,4,WORK,F2,08:00,12:00,3,15:00,19:00,3,False
F0090,5,WORK,F2,08:00,12:00,4,15:00,19:00,4,False
F0090,6,WORK,F2,08:00,12:00,3,15:00,19:00,3,False
F0090,7,WORK,F2,08:00,12:00,3,15:00,19:00,3,False
F0090,8,WORK,F2,08:00,12:00,3,15:00,19:00,3,False
F0090,9,WORK,F2,08:00,12:00,3,15:00,19:00,3,False
F0090,10,WORK,F2,08:00,12:00,3,15:00,19:00,3,False
F0091,1,REST,,,,,,,,False
F0091,2,WORK,F2,08:00,12:00,3,15:00,19:00,3,False
F0091,3,REST,,,,,,,,False
F0091,4,WORK,F2,08:00,12:00,3,15:00,19:00,3,False
F0091,5,WORK,F2,08:00,12:00,4,15:00,19:00,4,False
F0091,6,WORK,F2,08:00,12:00,3,15:00,19:00,3,False
F0091,7,WORK,F2,08:00,12:00,3,15:00,19:00,3,False
F0091,8,WORK,F2,08:00,12:00,3,15:00,19:00,3,False
F0091,9,WORK,F2,08:00,12:00,3,15:00,19:00,3,False
F0091,10,WORK,F2,08:00,12:00,3,15:00,19:00,3,False
F0092,1,REST,,,,,,,,False
F0092,2,WORK,F2,08:00,12:00,3,15:00,19:00,3,False
F0092,3,REST,,,,,,,,False
F0092,4,WORK,F2,08:00,12:00,3,15:00,19:00,3,False
F0092,5,WORK,F2,08:00,12:00,4,15:00,19:00,4,False
F0092,6,WORK,F2,08:00,12:00,3,15:00,19:00,3,False
F0092,7,WORK,F2,08:00,12:00,3,15:00,19:00,3,False
F0092,8,WORK,F2,08:00,12:00,3,15:00,19:00,3,False
F0092,9,WORK,F2,08:00,12:00,4,15:00,19:00,4,False
F0092,10,WORK,F2,08:00,12:00,3,15:00,19:00,3,False
F0093,1,REST,,,,,,,,False
F0093,2,WORK,F2,08:00,12:00,3,15:00,19:00,3,False
F0093,3,REST,,,,,,,,False
F0093,4,WORK,F2,08:00,12:00,3,15:00,19:00,3,False
F0093,5,WORK,F2,08:00,12:00,4,15:00,19:00,4,False
F0093,6,WORK,F2,08:00,12:00,3,15:00,19:00,3,False
F0093,7,WORK,F2,08:00,12:00,3,15:00,19:00,3,False
F0093,8,WORK,F2,08:00,12:00,3,15:00,19:00,3,False
F0093,9,WORK,F2,08:00,12:00,4,15:00,19:00,4,False
F0093,10,WORK,F2,08:00,12:00,3,15:00,19:00,3,False
F0094,1,REST,,,,,,,,False
F0094,2,WORK,F2,08:00,12:00,3,15:00,19:00,3,False
F0094,3,REST,,,,,,,,False
F0094,4,WORK,F2,08:00,12:00,3,15:00,19:00,3,False
F0094,5,WORK,F2,08:00,12:00,4,15:00,19:00,4,False
F0094,6,WORK,F2,08:00,12:00,3,15:00,19:00,3,False
F0094,7,WORK,F2,08:00,12:00,3,15:00,19:00,3,False
F0094,8,WORK,F2,08:00,12:00,3,15:00,19:00,3,False
F0094,9,WORK,F2,08:00,12:00,4,15:00,19:00,4,False
F0094,10,WORK,F2,08:00,12:00,3,15:00,19:00,3,False
F0095,1,REST,,,,,,,,False
F0095,2,WORK,F2,08:00,12:00,3,15:00,19:00,3,False
F0095,3,REST,,,,,,,,False
F0095,4,WORK,F2,08:00,12:00,3,15:00,19:00,3,False
F0095,5,WORK,F2,08:00,12:00,4,15:00,19:00,4,False
F0095,6,WORK,F2,08:00,12:00,4,15:00,19:00,3,True
F0095,7,WORK,F2,08:00,12:00,4,15:00,19:00,4,False
F0095,8,WORK,F2,08:00,12:00,3,15:00,19:00,3,False
F0095,9,WORK,F2,08:00,12:00,4,15:00,19:00,4,False
F0095,10,WORK,F2,08:00,12:00,3,15:00,19:00,3,False
F0096,1,REST,,,,,,,,False
F0096,2,WORK,F2,08:00,12:00,3,15:00,19:00,3,False
F0096,3,REST,,,,,,,,False
F0096,4,WORK,F2,08:00,12:00,3,15:00,19:00,3,False
F0096,5,WORK,F2,08:00,12:00,5,15:00,19:00,3,True
F0096,6,WORK,F2,08:00,12:00,4,15:00,19:00,3,True
F0096,7,WORK,F2,08:00,12:00,4,15:00,19:00,4,False
F0096,8,WORK,F2,08:00,12:00,3,15:00,19:00,3,False
F0096,9,WORK,F2,08:00,12:00,4,15:00,19:00,4,False
F0096,10,WORK,F2,08:00,12:00,4,15:00,19:00,10,True
F0097,1,REST,,,,,,,,False
F0097,2,WORK,F2,08:00,12:00,3,15:00,19:00,3,False
F0097,3,REST,,,,,,,,False
F0097,4,WORK,F2,08:00,12:00,3,15:00,19:00,3,False
F0097,5,WORK,F2,08:00,12:00,5,15:00,19:00,5,False
F0097,6,WORK,F2,08:00,12:00,4,15:00,19:00,4,False
F0097,7,WORK,F2,08:00,12:00,4,15:00,19:00,4,False
F0097,8,WORK,F2,08:00,12:00,3,15:00,19:00,3,False
F0097,9,WORK,F2,08:00,12:00,4,15:00,19:00,4,False
F0097,10,WORK,F2,08:00,12:00,4,15:00,19:00,10,True
F0098,1,REST,,,,,,,,False
F0098,2,WORK,F2,08:00,12:00,3,15:00,19:00,3,False
F0098,3,REST,,,,,,,,False
F0098,4,WORK,F2,08:00,12:00,3,15:00,19:00,3,False
F0098,5,WORK,F2,08:00,12:00,5,15:00,19:00,5,False
F0098,6,WORK,F2,08:00,12:00,4,15:00,19:00,4,False
F0098,7,WORK,F2,08:00,12:00,4,15:00,19:00,4,False
F0098,8,WORK,F2,08:00,12:00,4,15:00,19:00,4,False
F0098,9,WORK,F2,08:00,12:00,4,15:00,19:00,4,False
F0098,10,WORK,F2,08:00,12:00,4,15:00,19:00,10,True
F0099,1,REST,,,,,,,,False
F0099,2,WORK,F2,08:00,12:00,3,15:00,19:00,3,False
F0099,3,REST,,,,,,,,False
F0099,4,WORK,F2,08:00,12:00,3,15:00,19:00,3,False
F0099,5,WORK,F2,08:00,12:00,5,15:00,19:00,5,False
F0099,6,WORK,F2,08:00,12:00,4,15:00,19:00,4,False
F0099,7,WORK,F2,08:00,12:00,4,15:00,19:00,4,False
F0099,8,WORK,F2,08:00,12:00,4,15:00,19:00,4,False
F0099,9,WORK,F2,08:00,12:00,4,15:00,19:00,4,False
F0099,10,WORK,F2,08:00,12:00,4,15:00,19:00,10,True
F0100,1,REST,,,,,,,,False
F0100,2,WORK,F2,08:00,12:00,3,15:00,19:00,3,False
F0100,3,REST,,,,,,,,False
F0100,4,WORK,F2,08:00,12:00,3,15:00,19:00,3,False
F0100,5,WORK,F2,08:00,12:00,5,15:00,19:00,5,False
F0100,6,WORK,F2,08:00,12:00,4,15:00,19:00,4,False
F0100,7,WORK,F2,08:00,12:00,4,15:00,19:00,4,False
F0100,8,WORK,F2,08:00,12:00,4,15:00,19:00,4,False
F0100,9,WORK,F2,08:00,12:00,4,15:00,19:00,4,False
F0100,10,WORK,F2,08:00,12:00,4,15:00,19:00,10,True
F0101,1,REST,,,,,,,,False
F0101,2,WORK,F2,08:00,12:00,3,15:00,19:00,3,False
F0101,3,REST,,,,,,,,False
F0101,4,WORK,F2,08:00,12:00,4,15:00,19:00,4,False
F0101,5,WORK,F2,08:00,12:00,5,15:00,19:00,5,False
F0101,6,WORK,F2,08:00,12:00,4,15:00,19:00,4,False
F0101,7,WORK,F2,08:00,12:00,4,15:00,19:00,4,False
F0101,8,WORK,F2,08:00,12:00,4,15:00,19:00,4,False
F0101,9,WORK,F2,08:00,12:00,4,15:00,19:00,4,False
F0101,10,WORK,F2,08:00,12:00,4,15:00,19:00,10,True
F0102,1,REST,,,,,,,,False
F0102,2,WORK,F2,08:00,12:00,3,15:00,19:00,3,False
F0102,3,REST,,,,,,,,False
F0102,4,WORK,F2,08:00,12:00,4,15:00,19:00,4,False
F0102,5,WORK,F2,08:00,12:00,5,15:00,19:00,5,False
F0102,6,WORK,F2,08:00,12:00,4,15:00,19:00,4,False
F0102,7,WORK,F2,08:00,12:00,4,15:00,19:00,4,False
F0102,8,WORK,F2,08:00,12:00,4,15:00,19:00,4,False
F0102,9,WORK,F2,08:00,12:00,4,15:00,19:00,4,False
F0102,10,WORK,F2,08:00,12:00,4,15:00,19:00,10,True
F0103,1,REST,,,,,,,,False
F0103,2,WORK,F2,08:00,12:00,3,15:00,19:00,3,False
F0103,3,REST,,,,,,,,False
F0103,4,WORK,F2,08:00,12:00,4,15:00,19:00,4,False
F0103,5,WORK,F2,08:00,12:00,5,15:00,19:00,5,False
F0103,6,WORK,F2,08:00,12:00,4,15:00,19:00,4,False
F0103,7,WORK,F2,08:00,12:00,4,15:00,19:00,4,False
F0103,8,WORK,F2,08:00,12:00,4,15:00,19:00,4,False
F0103,9,WORK,F2,08:00,12:00,4,15:00,19:00,4,False
F0103,10,WORK,F2,08:00,12:00,4,15:00,19:00,10,True
F0104,1,REST,,,,,,,,False
F0104,2,WORK,F2,08:00,12:00,3,15:00,19:00,3,False
F0104,3,REST,,,,,,,,False
F0104,4,WORK,F2,08:00,12:00,4,15:00,19:00,4,False
F0104,5,WORK,F2,08:00,12:00,5,15:00,19:00,5,False
F0104,6,WORK,F2,08:00,12:00,4,15:00,19:00,4,False
F0104,7,WORK,F2,08:00,12:00,4,15:00,19:00,4,False
F0104,8,WORK,F2,08:00,12:00,4,15:00,19:00,4,False
F0104,9,WORK,F2,08:00,12:00,4,15:00,19:00,4,False
F0104,10,WORK,F2,08:00,12:00,5,15:00,19:00,5,False
F0105,1,REST,,,,,,,,False
F0105,2,WORK,F2,08:00,12:00,3,15:00,19:00,3,False
F0105,3,REST,,,,,,,,False
F0105,4,WORK,F2,08:00,12:00,4,15:00,19:00,4,False
F0105,5,WORK,F2,08:00,12:00,5,15:00,19:00,5,False
F0105,6,WORK,F2,08:00,12:00,4,15:00,19:00,4,False
F0105,7,WORK,F2,08:00,12:00,4,15:00,19:00,4,False
F0105,8,WORK,F2,08:00,12:00,5,15:00,19:00,5,False
F0105,9,WORK,F2,08:00,12:00,4,15:00,19:00,4,False
F0105,10,WORK,F2,08:00,12:00,5,15:00,19:00,5,False
F0106,1,REST,,,,,,,,False
F0106,2,WORK,F2,08:00,12:00,3,15:00,19:00,3,False
F0106,3,REST,,,,,,,,False
F0106,4,WORK,F2,08:00,12:00,4,15:00,19:00,4,False
F0106,5,WORK,F2,08:00,12:00,5,15:00,19:00,5,False
F0106,6,WORK,F2,08:00,12:00,4,15:00,19:00,4,False
F0106,7,WORK,F2,08:00,12:00,5,15:00,19:00,5,False
F0106,8,WORK,F2,08:00,12:00,5,15:00,19:00,5,False
F0106,9,WORK,F2,08:00,12:00,4,15:00,19:00,4,False
F0106,10,WORK,F2,08:00,12:00,5,15:00,19:00,5,False
F0107,1,REST,,,,,,,,False
F0107,2,WORK,F2,08:00,12:00,3,15:00,19:00,3,False
F0107,3,REST,,,,,,,,False
F0107,4,WORK,F2,08:00,12:00,4,15:00,19:00,4,False
F0107,5,WORK,F2,08:00,12:00,5,15:00,19:00,5,False
F0107,6,WORK,F2,08:00,12:00,4,15:00,19:00,4,False
F0107,7,WORK,F2,08:00,12:00,5,15:00,19:00,5,False
F0107,8,WORK,F2,08:00,12:00,5,15:00,19:00,5,False
F0107,9,WORK,F2,08:00,12:00,4,15:00,19:00,4,False
F0107,10,WORK,F2,08:00,12:00,5,15:00,19:00,5,False
F0108,1,REST,,,,,,,,False
F0108,2,WORK,F2,08:00,12:00,3,15:00,19:00,3,False
F0108,3,REST,,,,,,,,False
F0108,4,WORK,F2,08:00,12:00,4,15:00,19:00,4,False
F0108,5,WORK,F2,08:00,12:00,5,15:00,19:00,5,False
F0108,6,WORK,F2,08:00,12:00,4,15:00,19:00,4,False
F0108,7,WORK,F2,08:00,12:00,5,15:00,19:00,5,False
F0108,8,WORK,F2,08:00,12:00,5,15:00,19:00,5,False
F0108,9,WORK,F2,08:00,12:00,4,15:00,19:00,4,False
F0108,10,WORK,F2,08:00,12:00,5,15:00,19:00,5,False
F0109,1,REST,,,,,,,,False
F0109,2,WORK,F2,08:00,12:00,3,15:00,19:00,3,False
F0109,3,REST,,,,,,,,False
F0109,4,WORK,F2,08:00,12:00,4,15:00,19:00,4,False
F0109,5,WORK,F2,08:00,12:00,5,15:00,19:00,5,False
F0109,6,WORK,F2,08:00,12:00,4,15:00,19:00,4,False
F0109,7,WORK,F2,08:00,12:00,5,15:00,19:00,5,False
F0109,8,WORK,F2,08:00,12:00,5,15:00,19:00,5,False
F0109,9,WORK,F2,08:00,12:00,4,15:00,19:00,4,False
F0109,10,WORK,F2,08:00,12:00,5,15:00,19:00,5,False
F0110,1,REST,,,,,,,,False
F0110,2,WORK,F2,08:00,12:00,3,15:00,19:00,3,False
F0110,3,REST,,,,,,,,False
F0110,4,WORK,F2,08:00,12:00,4,15:00,19:00,4,False
F0110,5,WORK,F2,08:00,12:00,5,15:00,19:00,5,False
F0110,6,WORK,F2,08:00,12:00,4,15:00,19:00,4,False
F0110,7,WORK,F2,08:00,12:00,5,15:00,19:00,5,False
F0110,8,WORK,F2,08:00,12:00,5,15:00,19:00,5,False
F0110,9,WORK,F2,08:00,12:00,4,15:00,19:00,4,False
F0110,10,WORK,F2,08:00,12:00,5,15:00,19:00,5,False
F0111,1,REST,,,,,,,,False
F0111,2,WORK,F2,08:00,12:00,3,15:00,19:00,3,False
F0111,3,REST,,,,,,,,False
F0111,4,WORK,F2,08:00,12:00,5,15:00,19:00,5,False
F0111,5,WORK,F2,08:00,12:00,5,15:00,19:00,5,False
F0111,6,WORK,F2,08:00,12:00,4,15:00,19:00,4,False
F0111,7,WORK,F2,08:00,12:00,5,15:00,19:00,5,False
F0111,8,WORK,F2,08:00,12:00,5,15:00,19:00,5,False
F0111,9,WORK,F2,08:00,12:00,4,15:00,19:00,4,False
F0111,10,WORK,F2,08:00,12:00,5,15:00,19:00,5,False
F0112,1,REST,,,,,,,,False
F0112,2,WORK,F2,08:00,12:00,3,15:00,19:00,3,False
F0112,3,WORK,F2,08:00,12:00,1,15:00,19:00,1,False
F0112,4,REST,,,,,,,,False
F0112,5,WORK,F2,08:00,12:00,5,15:00,19:00,5,False
F0112,6,WORK,F2,08:00,12:00,4,15:00,19:00,4,False
F0112,7,WORK,F2,08:00,12:00,5,15:00,19:00,5,False
F0112,8,WORK,F2,08:00,12:00,5,15:00,19:00,5,False
F0112,9,WORK,F2,08:00,12:00,4,15:00,19:00,4,False
F0112,10,WORK,F2,08:00,12:00,5,15:00,19:00,5,False
F0113,1,REST,,,,,,,,False
F0113,2,WORK,F2,08:00,12:00,3,15:00,19:00,6,True
F0113,3,WORK,F2,08:00,12:00,1,15:00,19:00,1,False
F0113,4,REST,,,,,,,,False
F0113,5,WORK,F2,08:00,12:00,5,15:00,19:00,5,False
F0113,6,WORK,F2,08:00,12:00,4,15:00,19:00,4,False
F0113,7,WORK,F2,08:00,12:00,5,15:00,19:00,5,False
F0113,8,WORK,F2,08:00,12:00,5,15:00,19:00,5,False
F0113,9,WORK,F2,08:00,12:00,4,15:00,19:00,4,False
F0113,10,WORK,F2,08:00,12:00,5,15:00,19:00,5,False
F0114,1,REST,,,,,,,,False
F0114,2,WORK,F2,08:00,12:00,3,15:00,19:00,6,True
F0114,3,WORK,F2,08:00,12:00,1,15:00,19:00,1,False
F0114,4,REST,,,,,,,,False
F0114,5,WORK,F2,08:00,12:00,5,15:00,19:00,5,False
F0114,6,WORK,F2,08:00,12:00,4,15:00,19:00,4,False
F0114,7,WORK,F2,08:00,12:00,5,15:00,19:00,5,False
F0114,8,WORK,F2,08:00,12:00,5,15:00,19:00,5,False
F0114,9,WORK,F2,08:00,12:00,4,15:00,19:00,4,False
F0114,10,WORK,F2,08:00,12:00,5,15:00,19:00,5,False
F0115,1,REST,,,,,,,,False
F0115,2,WORK,F2,08:00,12:00,3,15:00,19:00,6,True
F0115,3,WORK,F2,08:00,12:00,1,15:00,19:00,1,False
F0115,4,REST,,,,,,,,False
F0115,5,WORK,F2,08:00,12:00,5,15:00,19:00,5,False
F0115,6,WORK,F2,08:00,12:00,4,15:00,19:00,4,False
F0115,7,WORK,F2,08:00,12:00,5,15:00,19:00,5,False
F0115,8,WORK,F2,08:00,12:00,5,15:00,19:00,5,False
F0115,9,WORK,F2,08:00,12:00,4,15:00,19:00,10,True
F0115,10,WORK,F2,08:00,12:00,5,15:00,19:00,5,False
F0116,1,REST,,,,,,,,False
F0116,2,WORK,F2,08:00,12:00,4,15:00,19:00,4,False
F0116,3,WORK,F2,08:00,12:00,1,15:00,19:00,1,False
F0116,4,REST,,,,,,,,False
F0116,5,WORK,F2,08:00,12:00,5,15:00,19:00,5,False
F0116,6,WORK,F2,08:00,12:00,4,15:00,19:00,4,False
F0116,7,WORK,F2,08:00,12:00,5,15:00,19:00,5,False
F0116,8,WORK,F2,08:00,12:00,5,15:00,19:00,5,False
F0116,9,WORK,F2,08:00,12:00,4,15:00,19:00,10,True
F0116,10,WORK,F2,08:00,12:00,5,15:00,19:00,5,False
F0117,1,REST,,,,,,,,False
F0117,2,WORK,F2,08:00,12:00,4,15:00,19:00,4,False
F0117,3,WORK,F2,08:00,12:00,1,15:00,19:00,1,False
F0117,4,REST,,,,,,,,False
F0117,5,WORK,F2,08:00,12:00,5,15:00,19:00,5,False
F0117,6,WORK,F2,08:00,12:00,4,15:00,19:00,4,False
F0117,7,WORK,F2,08:00,12:00,5,15:00,19:00,5,False
F0117,8,WORK,F2,08:00,12:00,5,15:00,19:00,5,False
F0117,9,WORK,F2,08:00,12:00,5,15:00,19:00,5,False
F0117,10,WORK,F2,08:00,12:00,5,15:00,19:00,5,False
F0118,1,REST,,,,,,,,False
F0118,2,WORK,F2,08:00,12:00,4,15:00,19:00,4,False
F0118,3,WORK,F2,08:00,12:00,1,15:00,19:00,1,False
F0118,4,REST,,,,,,,,False
F0118,5,WORK,F2,08:00,12:00,5,15:00,19:00,5,False
F0118,6,WORK,F2,08:00,12:00,4,15:00,19:00,4,False
F0118,7,WORK,F2,08:00,12:00,5,15:00,19:00,5,False
F0118,8,WORK,F2,08:00,12:00,5,15:00,19:00,5,False
F0118,9,WORK,F2,08:00,12:00,5,15:00,19:00,5,False
F0118,10,WORK,F2,08:00,12:00,5,15:00,19:00,10,True
F0119,1,REST,,,,,,,,False
F0119,2,WORK,F2,08:00,12:00,4,15:00,19:00,4,False
F0119,3,WORK,F2,08:00,12:00,1,15:00,19:00,1,False
F0119,4,REST,,,,,,,,False
F0119,5,WORK,F2,08:00,12:00,5,15:00,19:00,6,True
F0119,6,WORK,F2,08:00,12:00,4,15:00,19:00,4,False
F0119,7,WORK,F2,08:00,12:00,5,15:00,19:00,5,False
F0119,8,WORK,F2,08:00,12:00,5,15:00,19:00,5,False
F0119,9,WORK,F2,08:00,12:00,5,15:00,19:00,5,False
F0119,10,WORK,F2,08:00,12:00,6,15:00,19:00,3,True
F0120,1,REST,,,,,,,,False
F0120,2,WORK,F2,08:00,12:00,4,15:00,19:00,4,False
F0120,3,WORK,F2,08:00,12:00,1,15:00,19:00,1,False
F0120,4,REST,,,,,,,,False
F0120,5,WORK,F2,08:00,12:00,6,15:00,19:00,6,False
F0120,6,WORK,F2,08:00,12:00,4,15:00,19:00,4,False
F0120,7,WORK,F2,08:00,12:00,5,15:00,19:00,5,False
F0120,8,WORK,F2,08:00,12:00,5,15:00,19:00,5,False
F0120,9,WORK,F2,08:00,12:00,5,15:00,19:00,5,False
F0120,10,WORK,F2,08:00,12:00,6,15:00,19:00,3,True
F0121,1,REST,,,,,,,,False
F0121,2,WORK,F2,08:00,12:00,4,15:00,19:00,4,False
F0121,3,WORK,F2,08:00,12:00,1,15:00,19:00,1,False
F0121,4,REST,,,,,,,,False
F0121,5,WORK,F2,08:00,12:00,6,15:00,19:00,6,False
F0121,6,WORK,F2,08:00,12:00,4,15:00,19:00,4,False
F0121,7,WORK,F2,08:00,12:00,5,15:00,19:00,5,False
F0121,8,WORK,F2,08:00,12:00,5,15:00,19:00,5,False
F0121,9,WORK,F2,08:00,12:00,5,15:00,19:00,5,False
F0121,10,WORK,F2,08:00,12:00,6,15:00,19:00,6,False
F0122,1,REST,,,,,,,,False
F0122,2,WORK,F2,08:00,12:00,4,15:00,19:00,4,False
F0122,3,WORK,F2,08:00,12:00,1,15:00,19:00,1,False
F0122,4,REST,,,,,,,,False
F0122,5,WORK,F2,08:00,12:00,6,15:00,19:00,6,False
F0122,6,WORK,F2,08:00,12:00,4,15:00,19:00,4,False
F0122,7,WORK,F2,08:00,12:00,5,15:00,19:00,5,False
F0122,8,WORK,F2,08:00,12:00,5,15:00,19:00,5,False
F0122,9,WORK,F2,08:00,12:00,5,15:00,19:00,5,False
F0122,10,WORK,F2,08:00,12:00,6,15:00,19:00,6,False
F0123,1,REST,,,,,,,,False
F0123,2,WORK,F2,08:00,12:00,4,15:00,19:00,4,False
F0123,3,WORK,F2,08:00,12:00,1,15:00,19:00,1,False
F0123,4,REST,,,,,,,,False
F0123,5,WORK,F2,08:00,12:00,6,15:00,19:00,6,False
F0123,6,WORK,F2,08:00,12:00,5,15:00,19:00,5,False
F0123,7,WORK,F2,08:00,12:00,5,15:00,19:00,5,False
F0123,8,WORK,F2,08:00,12:00,5,15:00,19:00,5,False
F0123,9,WORK,F2,08:00,12:00,5,15:00,19:00,5,False
F0123,10,WORK,F2,08:00,12:00,6,15:00,19:00,6,False
F0124,1,REST,,,,,,,,False
F0124,2,WORK,F2,08:00,12:00,4,15:00,19:00,4,False
F0124,3,WORK,F2,08:00,12:00,1,15:00,19:00,1,False
F0124,4,REST,,,,,,,,False
F0124,5,WORK,F2,08:00,12:00,6,15:00,19:00,6,False
F0124,6,WORK,F2,08:00,12:00,5,15:00,19:00,5,False
F0124,7,WORK,F2,08:00,12:00,5,15:00,19:00,5,False
F0124,8,WORK,F2,08:00,12:00,5,15:00,19:00,5,False
F0124,9,WORK,F2,08:00,12:00,5,15:00,19:00,5,False
F0124,10,WORK,F2,08:00,12:00,6,15:00,19:00,6,False
F0125,1,REST,,,,,,,,False
F0125,2,WORK,F2,08:00,12:00,4,15:00,19:00,4,False
F0125,3,WORK,F2,08:00,12:00,1,15:00,19:00,1,False
F0125,4,REST,,,,,,,,False
F0125,5,WORK,F2,08:00,12:00,6,15:00,19:00,6,False
F0125,6,WORK,F2,08:00,12:00,5,15:00,19:00,5,False
F0125,7,WORK,F2,08:00,12:00,5,15:00,19:00,5,False
F0125,8,WORK,F2,08:00,12:00,5,15:00,19:00,5,False
F0125,9,WORK,F2,08:00,12:00,5,15:00,19:00,5,False
F0125,10,WORK,F2,08:00,12:00,6,15:00,19:00,6,False
F0126,1,REST,,,,,,,,False
F0126,2,WORK,F2,08:00,12:00,4,15:00,19:00,4,False
F0126,3,WORK,F2,08:00,12:00,1,15:00,19:00,1,False
F0126,4,REST,,,,,,,,False
F0126,5,WORK,F2,08:00,12:00,7,15:00,19:00,7,False
F0126,6,WORK,F2,08:00,12:00,5,15:00,19:00,5,False
F0126,7,WORK,F2,08:00,12:00,5,15:00,19:00,5,False
F0126,8,WORK,F2,08:00,12:00,5,15:00,19:00,5,False
F0126,9,WORK,F2,08:00,12:00,5,15:00,19:00,5,False
F0126,10,WORK,F2,08:00,12:00,6,15:00,19:00,6,False
F0127,1,REST,,,,,,,,False
F0127,2,WORK,F2,08:00,12:00,4,15:00,19:00,4,False
F0127,3,WORK,F2,08:00,12:00,1,15:00,19:00,1,False
F0127,4,REST,,,,,,,,False
F0127,5,WORK,F2,08:00,12:00,7,15:00,19:00,7,False
F0127,6,WORK,F2,08:00,12:00,6,15:00,19:00,6,False
F0127,7,WORK,F2,08:00,12:00,5,15:00,19:00,5,False
F0127,8,WORK,F2,08:00,12:00,5,15:00,19:00,5,False
F0127,9,WORK,F2,08:00,12:00,5,15:00,19:00,5,False
F0127,10,WORK,F2,08:00,12:00,6,15:00,19:00,6,False
F0128,1,REST,,,,,,,,False
F0128,2,WORK,F2,08:00,12:00,4,15:00,19:00,4,False
F0128,3,WORK,F2,08:00,12:00,2,15:00,19:00,2,False
F0128,4,REST,,,,,,,,False
F0128,5,WORK,F2,08:00,12:00,7,15:00,19:00,7,False
F0128,6,WORK,F2,08:00,12:00,6,15:00,19:00,6,False
F0128,7,WORK,F2,08:00,12:00,5,15:00,19:00,5,False
F0128,8,WORK,F2,08:00,12:00,5,15:00,19:00,5,False
F0128,9,WORK,F2,08:00,12:00,5,15:00,19:00,5,False
F0128,10,WORK,F2,08:00,12:00,6,15:00,19:00,6,False
F0129,1,REST,,,,,,,,False
F0129,2,WORK,F2,08:00,12:00,4,15:00,19:00,4,False
F0129,3,WORK,F2,08:00,12:00,2,15:00,19:00,2,False
F0129,4,REST,,,,,,,,False
F0129,5,WORK,F2,08:00,12:00,7,15:00,19:00,7,False
F0129,6,WORK,F2,08:00,12:00,6,15:00,19:00,6,False
F0129,7,WORK,F2,08:00,12:00,5,15:00,19:00,5,False
F0129,8,WORK,F2,08:00,12:00,5,15:00,19:00,8,True
F0129,9,WORK,F2,08:00,12:00,5,15:00,19:00,5,False
F0129,10,WORK,F2,08:00,12:00,6,15:00,19:00,6,False
F0130,1,REST,,,,,,,,False
F0130,2,WORK,F2,08:00,12:00,4,15:00,19:00,4,False
F0130,3,WORK,F2,08:00,12:00,2,15:00,19:00,2,False
F0130,4,REST,,,,,,,,False
F0130,5,WORK,F2,08:00,12:00,7,15:00,19:00,7,False
F0130,6,WORK,F2,08:00,12:00,6,15:00,19:00,6,False
F0130,7,WORK,F2,08:00,12:00,5,15:00,19:00,5,False
F0130,8,WORK,F2,08:00,12:00,5,15:00,19:00,8,True
F0130,9,WORK,F2,08:00,12:00,5,15:00,19:00,5,False
F0130,10,WORK,F2,08:00,12:00,6,15:00,19:00,6,False
F0131,1,REST,,,,,,,,False
F0131,2,WORK,F2,08:00,12:00,4,15:00,19:00,4,False
F0131,3,WORK,F2,08:00,12:00,2,15:00,19:00,2,False
F0131,4,REST,,,,,,,,False
F0131,5,WORK,F2,08:00,12:00,7,15:00,19:00,7,False
F0131,6,WORK,F2,08:00,12:00,6,15:00,19:00,6,False
F0131,7,WORK,F2,08:00,12:00,5,15:00,19:00,5,False
F0131,8,WORK,F2,08:00,12:00,5,15:00,19:00,8,True
F0131,9,WORK,F2,08:00,12:00,5,15:00,19:00,5,False
F0131,10,WORK,F2,08:00,12:00,6,15:00,19:00,6,False
F0132,1,REST,,,,,,,,False
F0132,2,WORK,F2,08:00,12:00,4,15:00,19:00,4,False
F0132,3,WORK,F2,08:00,12:00,2,15:00,19:00,2,False
F0132,4,REST,,,,,,,,False
F0132,5,WORK,F2,08:00,12:00,7,15:00,19:00,7,False
F0132,6,WORK,F2,08:00,12:00,6,15:00,19:00,6,False
F0132,7,WORK,F2,08:00,12:00,5,15:00,19:00,5,False
F0132,8,WORK,F2,08:00,12:00,5,15:00,19:00,8,True
F0132,9,WORK,F2,08:00,12:00,5,15:00,19:00,5,False
F0132,10,WORK,F2,08:00,12:00,6,15:00,19:00,6,False
F0133,1,REST,,,,,,,,False
F0133,2,WORK,F2,08:00,12:00,4,15:00,19:00,4,False
F0133,3,WORK,F2,08:00,12:00,2,15:00,19:00,2,False
F0133,4,REST,,,,,,,,False
F0133,5,WORK,F2,08:00,12:00,8,15:00,19:00,8,False
F0133,6,WORK,F2,08:00,12:00,8,15:00,19:00,8,False
F0133,7,WORK,F2,08:00,12:00,5,15:00,19:00,5,False
F0133,8,WORK,F2,08:00,12:00,5,15:00,19:00,8,True
F0133,9,WORK,F2,08:00,12:00,5,15:00,19:00,5,False
F0133,10,WORK,F2,08:00,12:00,6,15:00,19:00,6,False
F0134,1,REST,,,,,,,,False
F0134,2,WORK,F2,08:00,12:00,4,15:00,19:00,4,False
F0134,3,WORK,F2,08:00,12:00,2,15:00,19:00,2,False
F0134,4,REST,,,,,,,,False
F0134,5,WORK,F2,08:00,12:00,8,15:00,19:00,8,False
F0134,6,WORK,F2,08:00,12:00,8,15:00,19:00,8,False
F0134,7,WORK,F2,08:00,12:00,6,15:00,19:00,6,False
F0134,8,WORK,F2,08:00,12:00,5,15:00,19:00,8,True
F0134,9,WORK,F2,08:00,12:00,5,15:00,19:00,5,False
F0134,10,WORK,F2,08:00,12:00,6,15:00,19:00,6,False
F0135,1,REST,,,,,,,,False
F0135,2,WORK,F2,08:00,12:00,5,15:00,19:00,4,True
F0135,3,WORK,F2,08:00,12:00,2,15:00,19:00,2,False
F0135,4,REST,,,,,,,,False
F0135,5,WORK,F2,08:00,12:00,8,15:00,19:00,8,False
F0135,6,WORK,F2,08:00,12:00,8,15:00,19:00,8,False
F0135,7,WORK,F2,08:00,12:00,6,15:00,19:00,6,False
F0135,8,WORK,F2,08:00,12:00,6,15:00,19:00,6,False
F0135,9,WORK,F2,08:00,12:00,5,15:00,19:00,5,False
F0135,10,WORK,F2,08:00,12:00,6,15:00,19:00,6,False
F0136,1,REST,,,,,,,,False
F0136,2,WORK,F2,08:00,12:00,5,15:00,19:00,4,True
F0136,3,WORK,F2,08:00,12:00,2,15:00,19:00,2,False
F0136,4,REST,,,,,,,,False
F0136,5,WORK,F2,08:00,12:00,8,15:00,19:00,8,False
F0136,6,WORK,F2,08:00,12:00,8,15:00,19:00,8,False
F0136,7,WORK,F2,08:00,12:00,6,15:00,19:00,6,False
F0136,8,WORK,F2,08:00,12:00,6,15:00,19:00,6,False
F0136,9,WORK,F2,08:00,12:00,5,15:00,19:00,5,False
F0136,10,WORK,F2,08:00,12:00,6,15:00,19:00,6,False
F0137,1,REST,,,,,,,,False
F0137,2,WORK,F2,08:00,12:00,5,15:00,19:00,4,True
F0137,3,WORK,F2,08:00,12:00,2,15:00,19:00,2,False
F0137,4,REST,,,,,,,,False
F0137,5,WORK,F2,08:00,12:00,8,15:00,19:00,8,False
F0137,6,WORK,F2,08:00,12:00,8,15:00,19:00,8,False
F0137,7,WORK,F2,08:00,12:00,6,15:00,19:00,6,False
F0137,8,WORK,F2,08:00,12:00,6,15:00,19:00,6,False
F0137,9,WORK,F2,08:00,12:00,5,15:00,19:00,5,False
F0137,10,WORK,F2,08:00,12:00,6,15:00,19:00,6,False
F0138,1,WORK,F1,08:00,12:00,3,14:00,18:00,3,False
F0138,2,WORK,F2,08:00,12:00,5,15:00,19:00,4,True
F0138,3,WORK,F2,08:00,12:00,2,15:00,19:00,2,False
F0138,4,REST,,,,,,,,False
F0138,5,REST,,,,,,,,False
F0138,6,WORK,F2,08:00,12:00,8,15:00,19:00,8,False
F0138,7,WORK,F2,08:00,12:00,6,15:00,19:00,6,False
F0138,8,WORK,F2,08:00,12:00,6,15:00,19:00,6,False
F0138,9,WORK,F2,08:00,12:00,5,15:00,19:00,5,False
F0138,10,WORK,F2,08:00,12:00,7,15:00,19:00,7,False
F0139,1,WORK,F1,08:00,12:00,4,14:00,18:00,4,False
F0139,2,WORK,F2,08:00,12:00,5,15:00,19:00,4,True
F0139,3,WORK,F2,08:00,12:00,2,15:00,19:00,2,False
F0139,4,REST,,,,,,,,False
F0139,5,REST,,,,,,,,False
F0139,6,WORK,F2,08:00,12:00,8,15:00,19:00,8,False
F0139,7,WORK,F2,08:00,12:00,6,15:00,19:00,6,False
F0139,8,WORK,F2,08:00,12:00,6,15:00,19:00,6,False
F0139,9,WORK,F2,08:00,12:00,6,15:00,19:00,6,False
F0139,10,WORK,F2,08:00,12:00,7,15:00,19:00,7,False
F0140,1,WORK,F1,08:00,12:00,4,14:00,18:00,4,False
F0140,2,WORK,F2,08:00,12:00,5,15:00,19:00,4,True
F0140,3,WORK,F2,08:00,12:00,2,15:00,19:00,2,False
F0140,4,REST,,,,,,,,False
F0140,5,REST,,,,,,,,False
F0140,6,WORK,F2,08:00,12:00,8,15:00,19:00,8,False
F0140,7,WORK,F2,08:00,12:00,6,15:00,19:00,6,False
F0140,8,WORK,F2,08:00,12:00,6,15:00,19:00,6,False
F0140,9,WORK,F2,08:00,12:00,6,15:00,19:00,6,False
F0140,10,WORK,F2,08:00,12:00,7,15:00,19:00,7,False
F0141,1,WORK,F1,08:00,12:00,4,14:00,18:00,4,False
F0141,2,WORK,F2,08:00,12:00,5,15:00,19:00,5,False
F0141,3,WORK,F2,08:00,12:00,2,15:00,19:00,2,False
F0141,4,REST,,,,,,,,False
F0141,5,REST,,,,,,,,False
F0141,6,WORK,F2,08:00,12:00,8,15:00,19:00,8,False
F0141,7,WORK,F2,08:00,12:00,6,15:00,19:00,6,False
F0141,8,WORK,F2,08:00,12:00,6,15:00,19:00,6,False
F0141,9,WORK,F2,08:00,12:00,6,15:00,19:00,6,False
F0141,10,WORK,F2,08:00,12:00,7,15:00,19:00,7,False
F0142,1,WORK,F1,08:00,12:00,4,14:00,18:00,4,False
F0142,2,WORK,F2,08:00,12:00,5,15:00,19:00,5,False
F0142,3,WORK,F2,08:00,12:00,2,15:00,19:00,2,False
F0142,4,REST,,,,,,,,False
F0142,5,REST,,,,,,,,False
F0142,6,WORK,F2,08:00,12:00,8,15:00,19:00,8,False
F0142,7,WORK,F2,08:00,12:00,6,15:00,19:00,6,False
F0142,8,WORK,F2,08:00,12:00,6,15:00,19:00,6,False
F0142,9,WORK,F2,08:00,12:00,6,15:00,19:00,6,False
F0142,10,WORK,F2,08:00,12:00,7,15:00,19:00,7,False
F0143,1,WORK,F1,08:00,12:00,4,14:00,18:00,4,False
F0143,2,WORK,F2,08:00,12:00,5,15:00,19:00,5,False
F0143,3,WORK,F2,08:00,12:00,2,15:00,19:00,2,False
F0143,4,REST,,,,,,,,False
F0143,5,REST,,,,,,,,False
F0143,6,WORK,F2,08:00,12:00,8,15:00,19:00,8,False
F0143,7,WORK,F2,08:00,12:00,6,15:00,19:00,6,False
F0143,8,WORK,F2,08:00,12:00,6,15:00,19:00,6,False
F0143,9,WORK,F2,08:00,12:00,6,15:00,19:00,6,False
F0143,10,WORK,F2,08:00,12:00,7,15:00,19:00,7,False
F0144,1,WORK,F1,08:00,12:00,5,14:00,18:00,5,False
F0144,2,WORK,F2,08:00,12:00,5,15:00,19:00,5,False
F0144,3,WORK,F2,08:00,12:00,2,15:00,19:00,2,False
F0144,4,REST,,,,,,,,False
F0144,5,REST,,,,,,,,False
F0144,6,WORK,F2,08:00,12:00,8,15:00,19:00,8,False
F0144,7,WORK,F2,08:00,12:00,6,15:00,19:00,6,False
F0144,8,WORK,F2,08:00,12:00,6,15:00,19:00,6,False
F0144,9,WORK,F2,08:00,12:00,6,15:00,19:00,6,False
F0144,10,WORK,F2,08:00,12:00,7,15:00,19:00,10,True
F0145,1,WORK,F1,08:00,12:00,5,14:00,18:00,5,False
F0145,2,WORK,F2,08:00,12:00,5,15:00,19:00,5,False
F0145,3,WORK,F2,08:00,12:00,3,15:00,19:00,1,True
F0145,4,REST,,,,,,,,False
F0145,5,REST,,,,,,,,False
F0145,6,WORK,F2,08:00,12:00,8,15:00,19:00,8,False
F0145,7,WORK,F2,08:00,12:00,6,15:00,19:00,6,False
F0145,8,WORK,F2,08:00,12:00,6,15:00,19:00,6,False
F0145,9,WORK,F2,08:00,12:00,6,15:00,19:00,6,False
F0145,10,WORK,F2,08:00,12:00,7,15:00,19:00,10,True
F0146,1,WORK,F1,08:00,12:00,5,14:00,18:00,5,False
F0146,2,WORK,F2,08:00,12:00,5,15:00,19:00,5,False
F0146,3,WORK,F2,08:00,12:00,3,15:00,19:00,1,True
F0146,4,REST,,,,,,,,False
F0146,5,REST,,,,,,,,False
F0146,6,WORK,F2,08:00,12:00,8,15:00,19:00,8,False
F0146,7,WORK,F2,08:00,12:00,6,15:00,19:00,6,False
F0146,8,WORK,F2,08:00,12:00,6,15:00,19:00,6,False
F0146,9,WORK,F2,08:00,12:00,6,15:00,19:00,6,False
F0146,10,WORK,F2,08:00,12:00,7,15:00,19:00,10,True
F0147,1,WORK,F1,08:00,12:00,6,14:00,18:00,3,True
F0147,2,WORK,F2,08:00,12:00,5,15:00,19:00,5,False
F0147,3,WORK,F2,08:00,12:00,3,15:00,19:00,1,True
F0147,4,REST,,,,,,,,False
F0147,5,REST,,,,,,,,False
F0147,6,WORK,F2,08:00,12:00,8,15:00,19:00,8,False
F0147,7,WORK,F2,08:00,12:00,6,15:00,19:00,6,False
F0147,8,WORK,F2,08:00,12:00,6,15:00,19:00,6,False
F0147,9,WORK,F2,08:00,12:00,7,15:00,19:00,7,False
F0147,10,WORK,F2,08:00,12:00,8,15:00,19:00,8,False
F0148,1,WORK,F1,08:00,12:00,7,14:00,18:00,3,True
F0148,2,WORK,F2,08:00,12:00,5,15:00,19:00,5,False
F0148,3,WORK,F2,08:00,12:00,3,15:00,19:00,2,True
F0148,4,REST,,,,,,,,False
F0148,5,REST,,,,,,,,False
F0148,6,WORK,F2,08:00,12:00,8,15:00,19:00,8,False
F0148,7,WORK,F2,08:00,12:00,6,15:00,19:00,6,False
F0148,8,WORK,F2,08:00,12:00,6,15:00,19:00,6,False
F0148,9,WORK,F2,08:00,12:00,7,15:00,19:00,7,False
F0148,10,WORK,F2,08:00,12:00,8,15:00,19:00,8,False
F0149,1,WORK,F1,08:00,12:00,7,14:00,18:00,3,True
F0149,2,WORK,F2,08:00,12:00,5,15:00,19:00,5,False
F0149,3,WORK,F2,08:00,12:00,3,15:00,19:00,3,False
F0149,4,REST,,,,,,,,False
F0149,5,REST,,,,,,,,False
F0149,6,WORK,F2,08:00,12:00,8,15:00,19:00,8,False
F0149,7,WORK,F2,08:00,12:00,6,15:00,19:00,6,False
F0149,8,WORK,F2,08:00,12:00,6,15:00,19:00,6,False
F0149,9,WORK,F2,08:00,12:00,7,15:00,19:00,7,False
F0149,10,WORK,F2,08:00,12:00,8,15:00,19:00,8,False
F0150,1,WORK,F1,08:00,12:00,8,14:00,18:00,8,False
F0150,2,WORK,F2,08:00,12:00,5,15:00,19:00,5,False
F0150,3,WORK,F2,08:00,12:00,3,15:00,19:00,3,False
F0150,4,REST,,,,,,,,False
F0150,5,REST,,,,,,,,False
F0150,6,WORK,F2,08:00,12:00,8,15:00,19:00,8,False
F0150,7,WORK,F2,08:00,12:00,6,15:00,19:00,6,False
F0150,8,WORK,F2,08:00,12:00,6,15:00,19:00,6,False
F0150,9,WORK,F2,08:00,12:00,7,15:00,19:00,7,False
F0150,10,WORK,F2,08:00,12:00,8,15:00,19:00,8,False
F0151,1,WORK,F1,08:00,12:00,8,14:00,18:00,8,False
F0151,2,WORK,F2,08:00,12:00,5,15:00,19:00,5,False
F0151,3,WORK,F2,08:00,12:00,3,15:00,19:00,3,False
F0151,4,REST,,,,,,,,False
F0151,5,REST,,,,,,,,False
F0151,6,WORK,F2,08:00,12:00,8,15:00,19:00,8,False
F0151,7,WORK,F2,08:00,12:00,6,15:00,19:00,6,False
F0151,8,WORK,F2,08:00,12:00,6,15:00,19:00,6,False
F0151,9,WORK,F2,08:00,12:00,7,15:00,19:00,7,False
F0151,10,WORK,F2,08:00,12:00,8,15:00,19:00,8,False
F0152,1,WORK,F1,08:00,12:00,8,14:00,18:00,8,False
F0152,2,WORK,F2,08:00,12:00,5,15:00,19:00,5,False
F0152,3,WORK,F2,08:00,12:00,3,15:00,19:00,3,False
F0152,4,REST,,,,,,,,False
F0152,5,REST,,,,,,,,False
F0152,6,WORK,F2,08:00,12:00,8,15:00,19:00,8,False
F0152,7,WORK,F2,08:00,12:00,6,15:00,19:00,6,False
F0152,8,WORK,F2,08:00,12:00,6,15:00,19:00,6,False
F0152,9,WORK,F2,08:00,12:00,7,15:00,19:00,7,False
F0152,10,WORK,F2,08:00,12:00,8,15:00,19:00,8,False
F0153,1,WORK,F1,08:00,12:00,8,14:00,18:00,8,False
F0153,2,WORK,F2,08:00,12:00,5,15:00,19:00,5,False
F0153,3,WORK,F2,08:00,12:00,3,15:00,19:00,3,False
F0153,4,REST,,,,,,,,False
F0153,5,REST,,,,,,,,False
F0153,6,WORK,F2,08:00,12:00,9,15:00,19:00,9,False
F0153,7,WORK,F2,08:00,12:00,6,15:00,19:00,6,False
F0153,8,WORK,F2,08:00,12:00,6,15:00,19:00,6,False
F0153,9,WORK,F2,08:00,12:00,7,15:00,19:00,7,False
F0153,10,WORK,F2,08:00,12:00,8,15:00,19:00,8,False
F0154,1,WORK,F1,08:00,12:00,8,14:00,18:00,8,False
F0154,2,WORK,F2,08:00,12:00,5,15:00,19:00,5,False
F0154,3,WORK,F2,08:00,12:00,3,15:00,19:00,3,False
F0154,4,REST,,,,,,,,False
F0154,5,REST,,,,,,,,False
F0154,6,WORK,F2,08:00,12:00,9,15:00,19:00,9,False
F0154,7,WORK,F2,08:00,12:00,6,15:00,19:00,6,False
F0154,8,WORK,F2,08:00,12:00,6,15:00,19:00,6,False
F0154,9,WORK,F2,08:00,12:00,7,15:00,19:00,7,False
F0154,10,WORK,F2,08:00,12:00,8,15:00,19:00,8,False
F0155,1,WORK,F1,08:00,12:00,8,14:00,18:00,8,False
F0155,2,WORK,F2,08:00,12:00,5,15:00,19:00,5,False
F0155,3,WORK,F2,08:00,12:00,3,15:00,19:00,4,True
F0155,4,REST,,,,,,,,False
F0155,5,REST,,,,,,,,False
F0155,6,WORK,F2,08:00,12:00,9,15:00,19:00,9,False
F0155,7,WORK,F2,08:00,12:00,6,15:00,19:00,6,False
F0155,8,WORK,F2,08:00,12:00,6,15:00,19:00,6,False
F0155,9,WORK,F2,08:00,12:00,7,15:00,19:00,7,False
F0155,10,WORK,F2,08:00,12:00,8,15:00,19:00,8,False
F0156,1,WORK,F1,08:00,12:00,9,14:00,18:00,3,True
F0156,2,WORK,F2,08:00,12:00,5,15:00,19:00,5,False
F0156,3,WORK,F2,08:00,12:00,3,15:00,19:00,4,True
F0156,4,REST,,,,,,,,False
F0156,5,REST,,,,,,,,False
F0156,6,WORK,F2,08:00,12:00,9,15:00,19:00,9,False
F0156,7,WORK,F2,08:00,12:00,6,15:00,19:00,6,False
F0156,8,WORK,F2,08:00,12:00,6,15:00,19:00,6,False
F0156,9,WORK,F2,08:00,12:00,8,15:00,19:00,8,False
F0156,10,WORK,F2,08:00,12:00,8,15:00,19:00,8,False
F0157,1,WORK,F1,08:00,12:00,9,14:00,18:00,3,True
F0157,2,WORK,F2,08:00,12:00,5,15:00,19:00,5,False
F0157,3,WORK,F2,08:00,12:00,3,15:00,19:00,4,True
F0157,4,REST,,,,,,,,False
F0157,5,REST,,,,,,,,False
F0157,6,WORK,F2,08:00,12:00,9,15:00,19:00,9,False
F0157,7,WORK,F2,08:00,12:00,6,15:00,19:00,6,False
F0157,8,WORK,F2,08:00,12:00,6,15:00,19:00,6,False
F0157,9,WORK,F2,08:00,12:00,8,15:00,19:00,8,False
F0157,10,WORK,F2,08:00,12:00,8,15:00,19:00,8,False
F0158,1,WORK,F1,08:00,12:00,9,14:00,18:00,3,True
F0158,2,WORK,F2,08:00,12:00,5,15:00,19:00,5,False
F0158,3,WORK,F2,08:00,12:00,3,15:00,19:00,4,True
F0158,4,REST,,,,,,,,False
F0158,5,REST,,,,,,,,False
F0158,6,WORK,F2,08:00,12:00,9,15:00,19:00,9,False
F0158,7,WORK,F2,08:00,12:00,6,15:00,19:00,6,False
F0158,8,WORK,F2,08:00,12:00,6,15:00,19:00,6,False
F0158,9,WORK,F2,08:00,12:00,8,15:00,19:00,8,False
F0158,10,WORK,F2,08:00,12:00,9,15:00,19:00,9,False
F0159,1,WORK,F1,08:00,12:00,9,14:00,18:00,3,True
F0159,2,WORK,F2,08:00,12:00,5,15:00,19:00,5,False
F0159,3,WORK,F2,08:00,12:00,3,15:00,19:00,4,True
F0159,4,REST,,,,,,,,False
F0159,5,REST,,,,,,,,False
F0159,6,WORK,F2,08:00,12:00,9,15:00,19:00,9,False
F0159,7,WORK,F2,08:00,12:00,6,15:00,19:00,6,False
F0159,8,WORK,F2,08:00,12:00,6,15:00,19:00,6,False
F0159,9,WORK,F2,08:00,12:00,8,15:00,19:00,8,False
F0159,10,WORK,F2,08:00,12:00,9,15:00,19:00,9,False
F0160,1,WORK,F1,08:00,12:00,9,14:00,18:00,3,True
F0160,2,WORK,F2,08:00,12:00,5,15:00,19:00,5,False
F0160,3,WORK,F2,08:00,12:00,3,15:00,19:00,4,True
F0160,4,REST,,,,,,,,False
F0160,5,REST,,,,,,,,False
F0160,6,WORK,F2,08:00,12:00,9,15:00,19:00,9,False
F0160,7,WORK,F2,08:00,12:00,6,15:00,19:00,6,False
F0160,8,WORK,F2,08:00,12:00,6,15:00,19:00,6,False
F0160,9,WORK,F2,08:00,12:00,8,15:00,19:00,8,False
F0160,10,WORK,F2,08:00,12:00,9,15:00,19:00,9,False
F0161,1,WORK,F1,08:00,12:00,9,14:00,18:00,3,True
F0161,2,WORK,F2,08:00,12:00,6,15:00,19:00,6,False
F0161,3,WORK,F2,08:00,12:00,3,15:00,19:00,4,True
F0161,4,REST,,,,,,,,False
F0161,5,REST,,,,,,,,False
F0161,6,WORK,F2,08:00,12:00,10,15:00,19:00,10,False
F0161,7,WORK,F2,08:00,12:00,6,15:00,19:00,6,False
F0161,8,WORK,F2,08:00,12:00,6,15:00,19:00,6,False
F0161,9,WORK,F2,08:00,12:00,8,15:00,19:00,8,False
F0161,10,WORK,F2,08:00,12:00,9,15:00,19:00,9,False
F0162,1,WORK,F1,08:00,12:00,9,14:00,18:00,3,True
F0162,2,WORK,F2,08:00,12:00,6,15:00,19:00,6,False
F0162,3,WORK,F2,08:00,12:00,3,15:00,19:00,4,True
F0162,4,REST,,,,,,,,False
F0162,5,REST,,,,,,,,False
F0162,6,WORK,F2,08:00,12:00,10,15:00,19:00,10,False
F0162,7,WORK,F2,08:00,12:00,6,15:00,19:00,9,True
F0162,8,WORK,F2,08:00,12:00,7,15:00,19:00,1,True
F0162,9,WORK,F2,08:00,12:00,8,15:00,19:00,8,False
F0162,10,WORK,F2,08:00,12:00,9,15:00,19:00,9,False
F0163,1,WORK,F1,08:00,12:00,9,14:00,18:00,3,True
F0163,2,WORK,F2,08:00,12:00,6,15:00,19:00,6,False
F0163,3,WORK,F2,08:00,12:00,3,15:00,19:00,4,True
F0163,4,REST,,,,,,,,False
F0163,5,REST,,,,,,,,False
F0163,6,WORK,F2,08:00,12:00,10,15:00,19:00,10,False
F0163,7,WORK,F2,08:00,12:00,6,15:00,19:00,9,True
F0163,8,WORK,F2,08:00,12:00,7,15:00,19:00,2,True
F0163,9,WORK,F2,08:00,12:00,8,15:00,19:00,8,False
F0163,10,WORK,F2,08:00,12:00,9,15:00,19:00,9,False
F0164,1,WORK,F1,08:00,12:00,9,14:00,18:00,3,True
F0164,2,WORK,F2,08:00,12:00,6,15:00,19:00,6,False
F0164,3,WORK,F2,08:00,12:00,3,15:00,19:00,4,True
F0164,4,REST,,,,,,,,False
F0164,5,REST,,,,,,,,False
F0164,6,WORK,F2,08:00,12:00,10,15:00,19:00,10,False
F0164,7,WORK,F2,08:00,12:00,7,15:00,19:00,3,True
F0164,8,WORK,F2,08:00,12:00,7,15:00,19:00,2,True
F0164,9,WORK,F2,08:00,12:00,8,15:00,19:00,8,False
F0164,10,WORK,F2,08:00,12:00,9,15:00,19:00,9,False
F0165,1,WORK,F1,08:00,12:00,9,14:00,18:00,9,False
F0165,2,WORK,F2,08:00,12:00,6,15:00,19:00,6,False
F0165,3,WORK,F2,08:00,12:00,3,15:00,19:00,4,True
F0165,4,WORK,F2,08:00,12:00,5,15:00,19:00,5,False
F0165,5,REST,,,,,,,,False
F0165,6,REST,,,,,,,,False
F0165,7,WORK,F2,08:00,12:00,7,15:00,19:00,3,True
F0165,8,WORK,F2,08:00,12:00,7,15:00,19:00,2,True
F0165,9,WORK,F2,08:00,12:00,8,15:00,19:00,8,False
F0165,10,WORK,F2,08:00,12:00,9,15:00,19:00,9,False
F0166,1,WORK,F1,08:00,12:00,10,14:00,18:00,3,True
F0166,2,WORK,F2,08:00,12:00,6,15:00,19:00,6,False
F0166,3,WORK,F2,08:00,12:00,3,15:00,19:00,4,True
F0166,4,WORK,F2,08:00,12:00,6,15:00,19:00,6,False
F0166,5,REST,,,,,,,,False
F0166,6,REST,,,,,,,,False
F0166,7,WORK,F2,08:00,12:00,7,15:00,19:00,3,True
F0166,8,WORK,F2,08:00,12:00,7,15:00,19:00,2,True
F0166,9,WORK,F2,08:00,12:00,8,15:00,19:00,8,False
F0166,10,WORK,F2,08:00,12:00,9,15:00,19:00,9,False
F0167,1,WORK,F2,08:00,12:00,1,15:00,19:00,1,False
F0167,2,WORK,F2,08:00,12:00,6,15:00,19:00,6,False
F0167,3,WORK,F2,08:00,12:00,3,15:00,19:00,4,True
F0167,4,WORK,F2,08:00,12:00,6,15:00,19:00,6,False
F0167,5,REST,,,,,,,,False
F0167,6,REST,,,,,,,,False
F0167,7,WORK,F2,08:00,12:00,7,15:00,19:00,7,False
F0167,8,WORK,F2,08:00,12:00,7,15:00,19:00,2,True
F0167,9,WORK,F2,08:00,12:00,8,15:00,19:00,8,False
F0167,10,WORK,F2,08:00,12:00,9,15:00,19:00,9,False
F0168,1,WORK,F2,08:00,12:00,1,15:00,19:00,1,False
F0168,2,WORK,F2,08:00,12:00,7,15:00,19:00,7,False
F0168,3,WORK,F2,08:00,12:00,3,15:00,19:00,4,True
F0168,4,WORK,F2,08:00,12:00,6,15:00,19:00,6,False
F0168,5,REST,,,,,,,,False
F0168,6,REST,,,,,,,,False
F0168,7,WORK,F2,08:00,12:00,7,15:00,19:00,7,False
F0168,8,WORK,F2,08:00,12:00,7,15:00,19:00,2,True
F0168,9,WORK,F2,08:00,12:00,8,15:00,19:00,8,False
F0168,10,WORK,F2,08:00,12:00,9,15:00,19:00,9,False
F0169,1,WORK,F2,08:00,12:00,1,15:00,19:00,1,False
F0169,2,WORK,F2,08:00,12:00,7,15:00,19:00,7,False
F0169,3,WORK,F2,08:00,12:00,3,15:00,19:00,4,True
F0169,4,WORK,F2,08:00,12:00,7,15:00,19:00,7,False
F0169,5,REST,,,,,,,,False
F0169,6,REST,,,,,,,,False
F0169,7,WORK,F2,08:00,12:00,7,15:00,19:00,7,False
F0169,8,WORK,F2,08:00,12:00,7,15:00,19:00,2,True
F0169,9,WORK,F2,08:00,12:00,8,15:00,19:00,8,False
F0169,10,WORK,F2,08:00,12:00,9,15:00,19:00,9,False
F0170,1,WORK,F2,08:00,12:00,1,15:00,19:00,1,False
F0170,2,WORK,F2,08:00,12:00,7,15:00,19:00,7,False
F0170,3,WORK,F2,08:00,12:00,3,15:00,19:00,4,True
F0170,4,WORK,F2,08:00,12:00,7,15:00,19:00,7,False
F0170,5,REST,,,,,,,,False
F0170,6,REST,,,,,,,,False
F0170,7,WORK,F2,08:00,12:00,7,15:00,19:00,7,False
F0170,8,WORK,F2,08:00,12:00,7,15:00,19:00,7,False
F0170,9,WORK,F2,08:00,12:00,8,15:00,19:00,8,False
F0170,10,WORK,F2,08:00,12:00,9,15:00,19:00,9,False
F0171,1,WORK,F2,08:00,12:00,2,15:00,19:00,2,False
F0171,2,WORK,F2,08:00,12:00,7,15:00,19:00,7,False
F0171,3,WORK,F2,08:00,12:00,3,15:00,19:00,4,True
F0171,4,WORK,F2,08:00,12:00,7,15:00,19:00,7,False
F0171,5,REST,,,,,,,,False
F0171,6,REST,,,,,,,,False
F0171,7,WORK,F2,08:00,12:00,7,15:00,19:00,7,False
F0171,8,WORK,F2,08:00,12:00,7,15:00,19:00,7,False
F0171,9,WORK,F2,08:00,12:00,8,15:00,19:00,8,False
F0171,10,WORK,F2,08:00,12:00,9,15:00,19:00,9,False
F0172,1,WORK,F2,08:00,12:00,2,15:00,19:00,2,False
F0172,2,WORK,F2,08:00,12:00,7,15:00,19:00,7,False
F0172,3,WORK,F2,08:00,12:00,3,15:00,19:00,4,True
F0172,4,WORK,F2,08:00,12:00,7,15:00,19:00,7,False
F0172,5,REST,,,,,,,,False
F0172,6,REST,,,,,,,,False
F0172,7,WORK,F2,08:00,12:00,7,15:00,19:00,7,False
F0172,8,WORK,F2,08:00,12:00,7,15:00,19:00,7,False
F0172,9,WORK,F2,08:00,12:00,8,15:00,19:00,8,False
F0172,10,WORK,F2,08:00,12:00,9,15:00,19:00,9,False
F0173,1,WORK,F2,08:00,12:00,2,15:00,19:00,2,False
F0173,2,WORK,F2,08:00,12:00,7,15:00,19:00,7,False
F0173,3,WORK,F2,08:00,12:00,3,15:00,19:00,5,True
F0173,4,WORK,F2,08:00,12:00,7,15:00,19:00,7,False
F0173,5,WORK,F2,08:00,12:00,8,15:00,19:00,8,False
F0173,6,REST,,,,,,,,False
F0173,7,REST,,,,,,,,False
F0173,8,WORK,F2,08:00,12:00,7,15:00,19:00,7,False
F0173,9,WORK,F2,08:00,12:00,8,15:00,19:00,8,False
F0173,10,WORK,F2,08:00,12:00,9,15:00,19:00,9,False
F0174,1,WORK,F2,08:00,12:00,2,15:00,19:00,2,False
F0174,2,WORK,F2,08:00,12:00,7,15:00,19:00,7,False
F0174,3,WORK,F2,08:00,12:00,3,15:00,19:00,5,True
F0174,4,WORK,F2,08:00,12:00,7,15:00,19:00,7,False
F0174,5,WORK,F2,08:00,12:00,8,15:00,19:00,8,False
F0174,6,REST,,,,,,,,False
F0174,7,REST,,,,,,,,False
F0174,8,WORK,F2,08:00,12:00,7,15:00,19:00,7,False
F0174,9,WORK,F2,08:00,12:00,9,15:00,19:00,9,False
F0174,10,WORK,F2,08:00,12:00,9,15:00,19:00,9,False
F0175,1,WORK,F2,08:00,12:00,2,15:00,19:00,2,False
F0175,2,WORK,F2,08:00,12:00,7,15:00,19:00,7,False
F0175,3,WORK,F2,08:00,12:00,4,15:00,19:00,4,False
F0175,4,WORK,F2,08:00,12:00,7,15:00,19:00,7,False
F0175,5,WORK,F2,08:00,12:00,8,15:00,19:00,8,False
F0175,6,REST,,,,,,,,False
F0175,7,REST,,,,,,,,False
F0175,8,WORK,F2,08:00,12:00,7,15:00,19:00,7,False
F0175,9,WORK,F2,08:00,12:00,9,15:00,19:00,9,False
F0175,10,WORK,F2,08:00,12:00,9,15:00,19:00,9,False
F0176,1,WORK,F2,08:00,12:00,2,15:00,19:00,2,False
F0176,2,WORK,F2,08:00,12:00,7,15:00,19:00,7,False
F0176,3,WORK,F2,08:00,12:00,4,15:00,19:00,4,False
F0176,4,WORK,F2,08:00,12:00,7,15:00,19:00,7,False
F0176,5,WORK,F2,08:00,12:00,8,15:00,19:00,8,False
F0176,6,REST,,,,,,,,False
F0176,7,REST,,,,,,,,False
F0176,8,WORK,F2,08:00,12:00,7,15:00,19:00,7,False
F0176,9,WORK,F2,08:00,12:00,9,15:00,19:00,9,False
F0176,10,WORK,F2,08:00,12:00,9,15:00,19:00,9,False
F0177,1,WORK,F2,08:00,12:00,2,15:00,19:00,2,False
F0177,2,WORK,F2,08:00,12:00,7,15:00,19:00,7,False
F0177,3,WORK,F2,08:00,12:00,4,15:00,19:00,4,False
F0177,4,WORK,F2,08:00,12:00,7,15:00,19:00,7,False
F0177,5,WORK,F2,08:00,12:00,8,15:00,19:00,8,False
F0177,6,REST,,,,,,,,False
F0177,7,REST,,,,,,,,False
F0177,8,WORK,F2,08:00,12:00,7,15:00,19:00,7,False
F0177,9,WORK,F2,08:00,12:00,9,15:00,19:00,9,False
F0177,10,WORK,F2,08:00,12:00,9,15:00,19:00,9,False
F0178,1,WORK,F2,08:00,12:00,2,15:00,19:00,2,False
F0178,2,WORK,F2,08:00,12:00,7,15:00,19:00,7,False
F0178,3,WORK,F2,08:00,12:00,4,15:00,19:00,4,False
F0178,4,WORK,F2,08:00,12:00,7,15:00,19:00,7,False
F0178,5,WORK,F2,08:00,12:00,8,15:00,19:00,8,False
F0178,6,REST,,,,,,,,False
F0178,7,REST,,,,,,,,False
F0178,8,WORK,F2,08:00,12:00,7,15:00,19:00,7,False
F0178,9,WORK,F2,08:00,12:00,9,15:00,19:00,9,False
F0178,10,WORK,F2,08:00,12:00,10,15:00,19:00,10,False
F0179,1,WORK,F2,08:00,12:00,2,15:00,19:00,2,False
F0179,2,WORK,F2,08:00,12:00,7,15:00,19:00,7,False
F0179,3,WORK,F2,08:00,12:00,4,15:00,19:00,4,False
F0179,4,WORK,F2,08:00,12:00,7,15:00,19:00,7,False
F0179,5,WORK,F2,08:00,12:00,8,15:00,19:00,8,False
F0179,6,REST,,,,,,,,False
F0179,7,REST,,,,,,,,False
F0179,8,WORK,F2,08:00,12:00,7,15:00,19:00,7,False
F0179,9,WORK,F2,08:00,12:00,9,15:00,19:00,9,False
F0179,10,WORK,F2,08:00,12:00,10,15:00,19:00,10,False
F0180,1,WORK,F2,08:00,12:00,2,15:00,19:00,2,False
F0180,2,WORK,F2,08:00,12:00,7,15:00,19:00,7,False
F0180,3,WORK,F2,08:00,12:00,4,15:00,19:00,4,False
F0180,4,WORK,F2,08:00,12:00,7,15:00,19:00,7,False
F0180,5,WORK,F2,08:00,12:00,8,15:00,19:00,8,False
F0180,6,REST,,,,,,,,False
F0180,7,REST,,,,,,,,False
F0180,8,WORK,F2,08:00,12:00,7,15:00,19:00,7,False
F0180,9,WORK,F2,08:00,12:00,9,15:00,19:00,9,False
F0180,10,WORK,F2,08:00,12:00,10,15:00,19:00,10,False
F0181,1,WORK,F2,08:00,12:00,2,15:00,19:00,2,False
F0181,2,WORK,F2,08:00,12:00,7,15:00,19:00,7,False
F0181,3,WORK,F2,08:00,12:00,4,15:00,19:00,4,False
F0181,4,WORK,F2,08:00,12:00,7,15:00,19:00,7,False
F0181,5,WORK,F2,08:00,12:00,8,15:00,19:00,8,False
F0181,6,REST,,,,,,,,False
F0181,7,REST,,,,,,,,False
F0181,8,WORK,F2,08:00,12:00,7,15:00,19:00,7,False
F0181,9,WORK,F2,08:00,12:00,9,15:00,19:00,9,False
F0181,10,WORK,F2,08:00,12:00,10,15:00,19:00,10,False
F0182,1,WORK,F2,08:00,12:00,2,15:00,19:00,2,False
F0182,2,WORK,F2,08:00,12:00,7,15:00,19:00,7,False
F0182,3,WORK,F2,08:00,12:00,4,15:00,19:00,4,False
F0182,4,WORK,F2,08:00,12:00,7,15:00,19:00,7,False
F0182,5,WORK,F2,08:00,12:00,8,15:00,19:00,8,False
F0182,6,REST,,,,,,,,False
F0182,7,REST,,,,,,,,False
F0182,8,WORK,F2,08:00,12:00,7,15:00,19:00,7,False
F0182,9,WORK,F2,08:00,12:00,9,15:00,19:00,9,False
F0182,10,WORK,F2,08:00,12:00,10,15:00,19:00,10,False
F0183,1,WORK,F2,08:00,12:00,2,15:00,19:00,2,False
F0183,2,WORK,F2,08:00,12:00,7,15:00,19:00,7,False
F0183,3,WORK,F2,08:00,12:00,4,15:00,19:00,4,False
F0183,4,WORK,F2,08:00,12:00,7,15:00,19:00,7,False
F0183,5,WORK,F2,08:00,12:00,8,15:00,19:00,8,False
F0183,6,REST,,,,,,,,False
F0183,7,REST,,,,,,,,False
F0183,8,WORK,F2,08:00,12:00,7,15:00,19:00,7,False
F0183,9,WORK,F2,08:00,12:00,9,15:00,19:00,9,False
F0183,10,WORK,F3,09:00,13:00,1,15:00,19:00,1,False
F0184,1,WORK,F2,08:00,12:00,3,15:00,19:00,3,False
F0184,2,WORK,F2,08:00,12:00,7,15:00,19:00,7,False
F0184,3,WORK,F2,08:00,12:00,5,15:00,19:00,5,False
F0184,4,WORK,F2,08:00,12:00,7,15:00,19:00,7,False
F0184,5,WORK,F2,08:00,12:00,8,15:00,19:00,8,False
F0184,6,REST,,,,,,,,False
F0184,7,REST,,,,,,,,False
F0184,8,WORK,F2,08:00,12:00,7,15:00,19:00,7,False
F0184,9,WORK,F2,08:00,12:00,9,15:00,19:00,9,False
F0184,10,WORK,F3,09:00,13:00,1,15:00,19:00,1,False
F0185,1,WORK,F2,08:00,12:00,3,15:00,19:00,3,False
F0185,2,WORK,F2,08:00,12:00,7,15:00,19:00,7,False
F0185,3,WORK,F2,08:00,12:00,5,15:00,19:00,5,False
F0185,4,WORK,F2,08:00,12:00,7,15:00,19:00,10,True
F0185,5,WORK,F2,08:00,12:00,8,15:00,19:00,8,False
F0185,6,REST,,,,,,,,False
F0185,7,REST,,,,,,,,False
F0185,8,WORK,F2,08:00,12:00,8,15:00,19:00,8,False
F0185,9,WORK,F2,08:00,12:00,10,15:00,19:00,10,False
F0185,10,WORK,F3,09:00,13:00,1,15:00,19:00,1,False
F0186,1,WORK,F2,08:00,12:00,3,15:00,19:00,3,False
F0186,2,WORK,F2,08:00,12:00,8,15:00,19:00,8,False
F0186,3,WORK,F2,08:00,12:00,5,15:00,19:00,5,False
F0186,4,WORK,F2,08:00,12:00,7,15:00,19:00,10,True
F0186,5,WORK,F2,08:00,12:00,8,15:00,19:00,8,False
F0186,6,REST,,,,,,,,False
F0186,7,REST,,,,,,,,False
F0186,8,WORK,F2,08:00,12:00,8,15:00,19:00,8,False
F0186,9,WORK,F2,08:00,12:00,10,15:00,19:00,10,False
F0186,10,WORK,F3,09:00,13:00,1,15:00,19:00,1,False
F0187,1,WORK,F2,08:00,12:00,4,15:00,19:00,4,False
F0187,2,WORK,F2,08:00,12:00,8,15:00,19:00,8,False
F0187,3,WORK,F2,08:00,12:00,5,15:00,19:00,5,False
F0187,4,WORK,F2,08:00,12:00,7,15:00,19:00,10,True
F0187,5,WORK,F2,08:00,12:00,8,15:00,19:00,8,False
F0187,6,REST,,,,,,,,False
F0187,7,REST,,,,,,,,False
F0187,8,WORK,F2,08:00,12:00,8,15:00,19:00,8,False
F0187,9,WORK,F2,08:00,12:00,10,15:00,19:00,10,False
F0187,10,WORK,F3,09:00,13:00,2,15:00,19:00,2,False
F0188,1,WORK,F2,08:00,12:00,4,15:00,19:00,4,False
F0188,2,WORK,F2,08:00,12:00,8,15:00,19:00,8,False
F0188,3,WORK,F2,08:00,12:00,5,15:00,19:00,5,False
F0188,4,WORK,F2,08:00,12:00,7,15:00,19:00,10,True
F0188,5,WORK,F2,08:00,12:00,8,15:00,19:00,8,False
F0188,6,REST,,,,,,,,False
F0188,7,REST,,,,,,,,False
F0188,8,WORK,F2,08:00,12:00,8,15:00,19:00,8,False
F0188,9,WORK,F2,08:00,12:00,10,15:00,19:00,10,False
F0188,10,WORK,F3,09:00,13:00,2,15:00,19:00,2,False
F0189,1,WORK,F2,08:00,12:00,4,15:00,19:00,4,False
F0189,2,WORK,F2,08:00,12:00,8,15:00,19:00,8,False
F0189,3,WORK,F2,08:00,12:00,5,15:00,19:00,5,False
F0189,4,WORK,F2,08:00,12:00,7,15:00,19:00,10,True
F0189,5,WORK,F2,08:00,12:00,8,15:00,19:00,8,False
F0189,6,REST,,,,,,,,False
F0189,7,WORK,F2,08:00,12:00,7,15:00,19:00,7,False
F0189,8,REST,,,,,,,,False
F0189,9,WORK,F2,08:00,12:00,10,15:00,19:00,10,False
F0189,10,WORK,F3,09:00,13:00,2,15:00,19:00,2,False
F0190,1,WORK,F2,08:00,12:00,4,15:00,19:00,4,False
F0190,2,WORK,F2,08:00,12:00,8,15:00,19:00,8,False
F0190,3,WORK,F2,08:00,12:00,5,15:00,19:00,5,False
F0190,4,WORK,F2,08:00,12:00,8,15:00,19:00,8,False
F0190,5,WORK,F2,08:00,12:00,8,15:00,19:00,8,False
F0190,6,REST,,,,,,,,False
F0190,7,WORK,F2,08:00,12:00,7,15:00,19:00,7,False
F0190,8,REST,,,,,,,,False
F0190,9,WORK,F2,08:00,12:00,10,15:00,19:00,10,False
F0190,10,WORK,F3,09:00,13:00,2,15:00,19:00,2,False
F0191,1,WORK,F2,08:00,12:00,4,15:00,19:00,4,False
F0191,2,WORK,F2,08:00,12:00,8,15:00,19:00,8,False
F0191,3,WORK,F2,08:00,12:00,5,15:00,19:00,5,False
F0191,4,WORK,F2,08:00,12:00,8,15:00,19:00,8,False
F0191,5,WORK,F2,08:00,12:00,8,15:00,19:00,8,False
F0191,6,REST,,,,,,,,False
F0191,7,WORK,F2,08:00,12:00,7,15:00,19:00,7,False
F0191,8,REST,,,,,,,,False
F0191,9,WORK,F2,08:00,12:00,10,15:00,19:00,10,False
F0191,10,WORK,F3,09:00,13:00,2,15:00,19:00,2,False
F0192,1,WORK,F2,08:00,12:00,4,15:00,19:00,4,False
F0192,2,WORK,F2,08:00,12:00,8,15:00,19:00,8,False
F0192,3,WORK,F2,08:00,12:00,5,15:00,19:00,5,False
F0192,4,WORK,F2,08:00,12:00,8,15:00,19:00,8,False
F0192,5,WORK,F2,08:00,12:00,8,15:00,19:00,8,False
F0192,6,REST,,,,,,,,False
F0192,7,WORK,F2,08:00,12:00,7,15:00,19:00,7,False
F0192,8,REST,,,,,,,,False
F0192,9,WORK,F2,08:00,12:00,10,15:00,19:00,10,False
F0192,10,WORK,F3,09:00,13:00,2,15:00,19:00,2,False
F0193,1,WORK,F2,08:00,12:00,4,15:00,19:00,4,False
F0193,2,WORK,F2,08:00,12:00,8,15:00,19:00,8,False
F0193,3,WORK,F2,08:00,12:00,5,15:00,19:00,5,False
F0193,4,WORK,F2,08:00,12:00,8,15:00,19:00,8,False
F0193,5,WORK,F2,08:00,12:00,8,15:00,19:00,8,False
F0193,6,REST,,,,,,,,False
F0193,7,WORK,F2,08:00,12:00,7,15:00,19:00,7,False
F0193,8,REST,,,,,,,,False
F0193,9,WORK,F2,08:00,12:00,10,15:00,19:00,10,False
F0193,10,WORK,F3,09:00,13:00,2,15:00,19:00,2,False
F0194,1,WORK,F2,08:00,12:00,5,15:00,19:00,5,False
F0194,2,WORK,F2,08:00,12:00,8,15:00,19:00,8,False
F0194,3,WORK,F2,08:00,12:00,5,15:00,19:00,5,False
F0194,4,WORK,F2,08:00,12:00,8,15:00,19:00,8,False
F0194,5,WORK,F2,08:00,12:00,8,15:00,19:00,8,False
F0194,6,REST,,,,,,,,False
F0194,7,WORK,F2,08:00,12:00,7,15:00,19:00,7,False
F0194,8,REST,,,,,,,,False
F0194,9,WORK,F2,08:00,12:00,10,15:00,19:00,10,False
F0194,10,WORK,F3,09:00,13:00,2,15:00,19:00,2,False
F0195,1,WORK,F2,08:00,12:00,5,15:00,19:00,5,False
F0195,2,WORK,F2,08:00,12:00,8,15:00,19:00,8,False
F0195,3,WORK,F2,08:00,12:00,5,15:00,19:00,5,False
F0195,4,WORK,F2,08:00,12:00,8,15:00,19:00,8,False
F0195,5,WORK,F2,08:00,12:00,8,15:00,19:00,8,False
F0195,6,REST,,,,,,,,False
F0195,7,WORK,F2,08:00,12:00,7,15:00,19:00,7,False
F0195,8,REST,,,,,,,,False
F0195,9,WORK,F2,08:00,12:00,10,15:00,19:00,10,False
F0195,10,WORK,F3,09:00,13:00,2,15:00,19:00,2,False
F0196,1,WORK,F2,08:00,12:00,5,15:00,19:00,5,False
F0196,2,WORK,F2,08:00,12:00,8,15:00,19:00,8,False
F0196,3,WORK,F2,08:00,12:00,5,15:00,19:00,5,False
F0196,4,WORK,F2,08:00,12:00,8,15:00,19:00,8,False
F0196,5,WORK,F2,08:00,12:00,8,15:00,19:00,8,False
F0196,6,REST,,,,,,,,False
F0196,7,WORK,F2,08:00,12:00,7,15:00,19:00,7,False
F0196,8,REST,,,,,,,,False
F0196,9,WORK,F2,08:00,12:00,10,15:00,19:00,10,False
F0196,10,WORK,F3,09:00,13:00,2,15:00,19:00,2,False
F0197,1,WORK,F2,08:00,12:00,5,15:00,19:00,5,False
F0197,2,WORK,F2,08:00,12:00,8,15:00,19:00,8,False
F0197,3,WORK,F2,08:00,12:00,5,15:00,19:00,5,False
F0197,4,WORK,F2,08:00,12:00,8,15:00,19:00,8,False
F0197,5,WORK,F2,08:00,12:00,9,15:00,19:00,6,True
F0197,6,REST,,,,,,,,False
F0197,7,WORK,F2,08:00,12:00,7,15:00,19:00,7,False
F0197,8,REST,,,,,,,,False
F0197,9,WORK,F2,08:00,12:00,10,15:00,19:00,10,False
F0197,10,WORK,F3,09:00,13:00,2,15:00,19:00,2,False
F0198,1,WORK,F2,08:00,12:00,5,15:00,19:00,5,False
F0198,2,WORK,F2,08:00,12:00,8,15:00,19:00,8,False
F0198,3,WORK,F2,08:00,12:00,5,15:00,19:00,5,False
F0198,4,WORK,F2,08:00,12:00,8,15:00,19:00,8,False
F0198,5,WORK,F2,08:00,12:00,9,15:00,19:00,6,True
F0198,6,REST,,,,,,,,False
F0198,7,WORK,F2,08:00,12:00,7,15:00,19:00,7,False
F0198,8,REST,,,,,,,,False
F0198,9,WORK,F2,08:00,12:00,10,15:00,19:00,10,False
F0198,10,WORK,F3,09:00,13:00,2,15:00,19:00,2,False
F0199,1,WORK,F2,08:00,12:00,5,15:00,19:00,5,False
F0199,2,WORK,F2,08:00,12:00,8,15:00,19:00,8,False
F0199,3,WORK,F2,08:00,12:00,5,15:00,19:00,5,False
F0199,4,WORK,F2,08:00,12:00,8,15:00,19:00,8,False
F0199,5,WORK,F2,08:00,12:00,9,15:00,19:00,6,True
F0199,6,REST,,,,,,,,False
F0199,7,WORK,F2,08:00,12:00,7,15:00,19:00,7,False
F0199,8,REST,,,,,,,,False
F0199,9,WORK,F2,08:00,12:00,10,15:00,19:00,10,False
F0199,10,WORK,F3,09:00,13:00,2,15:00,19:00,2,False
F0200,1,WORK,F2,08:00,12:00,5,15:00,19:00,5,False
F0200,2,WORK,F2,08:00,12:00,8,15:00,19:00,8,False
F0200,3,WORK,F2,08:00,12:00,5,15:00,19:00,5,False
F0200,4,WORK,F2,08:00,12:00,8,15:00,19:00,8,False
F0200,5,WORK,F2,08:00,12:00,9,15:00,19:00,6,True
F0200,6,REST,,,,,,,,False
F0200,7,WORK,F2,08:00,12:00,7,15:00,19:00,7,False
F0200,8,REST,,,,,,,,False
F0200,9,WORK,F2,08:00,12:00,10,15:00,19:00,10,False
F0200,10,WORK,F3,09:00,13:00,2,15:00,19:00,2,False
F0201,1,WORK,F2,08:00,12:00,5,15:00,19:00,5,False
F0201,2,WORK,F2,08:00,12:00,8,15:00,19:00,8,False
F0201,3,WORK,F2,08:00,12:00,5,15:00,19:00,5,False
F0201,4,WORK,F2,08:00,12:00,8,15:00,19:00,8,False
F0201,5,WORK,F2,08:00,12:00,9,15:00,19:00,8,True
F0201,6,REST,,,,,,,,False
F0201,7,WORK,F2,08:00,12:00,7,15:00,19:00,7,False
F0201,8,REST,,,,,,,,False
F0201,9,WORK,F3,09:00,13:00,6,15:00,19:00,6,False
F0201,10,WORK,F3,09:00,13:00,2,15:00,19:00,2,False
F0202,1,WORK,F2,08:00,12:00,5,15:00,19:00,5,False
F0202,2,WORK,F2,08:00,12:00,8,15:00,19:00,8,False
F0202,3,WORK,F2,08:00,12:00,5,15:00,19:00,5,False
F0202,4,WORK,F2,08:00,12:00,8,15:00,19:00,8,False
F0202,5,WORK,F2,08:00,12:00,9,15:00,19:00,9,False
F0202,6,REST,,,,,,,,False
F0202,7,WORK,F2,08:00,12:00,7,15:00,19:00,9,True
F0202,8,REST,,,,,,,,False
F0202,9,WORK,F3,09:00,13:00,6,15:00,19:00,6,False
F0202,10,WORK,F3,09:00,13:00,2,15:00,19:00,2,False
F0203,1,WORK,F2,08:00,12:00,5,15:00,19:00,5,False
F0203,2,WORK,F2,08:00,12:00,8,15:00,19:00,8,False
F0203,3,WORK,F2,08:00,12:00,6,15:00,19:00,2,True
F0203,4,WORK,F2,08:00,12:00,8,15:00,19:00,8,False
F0203,5,WORK,F2,08:00,12:00,9,15:00,19:00,9,False
F0203,6,REST,,,,,,,,False
F0203,7,WORK,F2,08:00,12:00,7,15:00,19:00,9,True
F0203,8,REST,,,,,,,,False
F0203,9,WORK,F3,09:00,13:00,9,15:00,19:00,9,False
F0203,10,WORK,F3,09:00,13:00,2,15:00,19:00,2,False
F0204,1,WORK,F2,08:00,12:00,5,15:00,19:00,5,False
F0204,2,WORK,F2,08:00,12:00,8,15:00,19:00,8,False
F0204,3,WORK,F2,08:00,12:00,6,15:00,19:00,2,True
F0204,4,WORK,F2,08:00,12:00,8,15:00,19:00,8,False
F0204,5,WORK,F2,08:00,12:00,9,15:00,19:00,9,False
F0204,6,REST,,,,,,,,False
F0204,7,WORK,F2,08:00,12:00,7,15:00,19:00,9,True
F0204,8,REST,,,,,,,,False
F0204,9,WORK,F3,09:00,13:00,9,15:00,19:00,9,False
F0204,10,WORK,F3,09:00,13:00,2,15:00,19:00,2,False
F0205,1,WORK,F2,08:00,12:00,5,15:00,19:00,5,False
F0205,2,WORK,F2,08:00,12:00,8,15:00,19:00,8,False
F0205,3,WORK,F2,08:00,12:00,6,15:00,19:00,2,True
F0205,4,WORK,F2,08:00,12:00,8,15:00,19:00,8,False
F0205,5,WORK,F2,08:00,12:00,9,15:00,19:00,9,False
F0205,6,REST,,,,,,,,False
F0205,7,WORK,F2,08:00,12:00,7,15:00,19:00,9,True
F0205,8,REST,,,,,,,,False
F0205,9,WORK,F3,09:00,13:00,9,15:00,19:00,9,False
F0205,10,WORK,F3,09:00,13:00,2,15:00,19:00,2,False
F0206,1,WORK,F2,08:00,12:00,5,15:00,19:00,5,False
F0206,2,WORK,F2,08:00,12:00,8,15:00,19:00,8,False
F0206,3,WORK,F2,08:00,12:00,6,15:00,19:00,6,False
F0206,4,WORK,F2,08:00,12:00,8,15:00,19:00,8,False
F0206,5,WORK,F2,08:00,12:00,9,15:00,19:00,9,False
F0206,6,REST,,,,,,,,False
F0206,7,WORK,F2,08:00,12:00,7,15:00,19:00,10,True
F0206,8,REST,,,,,,,,False
F0206,9,WORK,F3,09:00,13:00,9,15:00,19:00,9,False
F0206,10,WORK,F3,09:00,13:00,4,15:00,19:00,4,False
F0207,1,WORK,F2,08:00,12:00,5,15:00,19:00,5,False
F0207,2,WORK,F2,08:00,12:00,8,15:00,19:00,8,False
F0207,3,WORK,F2,08:00,12:00,6,15:00,19:00,6,False
F0207,4,WORK,F2,08:00,12:00,8,15:00,19:00,8,False
F0207,5,WORK,F2,08:00,12:00,9,15:00,19:00,9,False
F0207,6,REST,,,,,,,,False
F0207,7,WORK,F2,08:00,12:00,7,15:00,19:00,10,True
F0207,8,REST,,,,,,,,False
F0207,9,WORK,F3,09:00,13:00,9,15:00,19:00,9,False
F0207,10,WORK,F3,09:00,13:00,4,15:00,19:00,4,False
F0208,1,WORK,F2,08:00,12:00,5,15:00,19:00,5,False
F0208,2,WORK,F2,08:00,12:00,9,15:00,19:00,9,False
F0208,3,WORK,F2,08:00,12:00,6,15:00,19:00,6,False
F0208,4,WORK,F2,08:00,12:00,8,15:00,19:00,8,False
F0208,5,WORK,F2,08:00,12:00,9,15:00,19:00,9,False
F0208,6,REST,,,,,,,,False
F0208,7,WORK,F2,08:00,12:00,7,15:00,19:00,10,True
F0208,8,REST,,,,,,,,False
F0208,9,WORK,F3,09:00,13:00,9,15:00,19:00,9,False
F0208,10,WORK,F3,09:00,13:00,4,15:00,19:00,4,False
F0209,1,WORK,F2,08:00,12:00,5,15:00,19:00,5,False
F0209,2,WORK,F2,08:00,12:00,9,15:00,19:00,9,False
F0209,3,WORK,F2,08:00,12:00,6,15:00,19:00,6,False
F0209,4,WORK,F2,08:00,12:00,8,15:00,19:00,8,False
F0209,5,WORK,F2,08:00,12:00,9,15:00,19:00,9,False
F0209,6,REST,,,,,,,,False
F0209,7,WORK,F2,08:00,12:00,8,15:00,19:00,8,False
F0209,8,REST,,,,,,,,False
F0209,9,WORK,F3,09:00,13:00,9,15:00,19:00,9,False
F0209,10,WORK,F3,09:00,13:00,4,15:00,19:00,8,True
F0210,1,WORK,F2,08:00,12:00,6,15:00,19:00,6,False
F0210,2,WORK,F2,08:00,12:00,9,15:00,19:00,9,False
F0210,3,WORK,F2,08:00,12:00,6,15:00,19:00,6,False
F0210,4,WORK,F2,08:00,12:00,8,15:00,19:00,8,False
F0210,5,WORK,F2,08:00,12:00,9,15:00,19:00,9,False
F0210,6,REST,,,,,,,,False
F0210,7,WORK,F2,08:00,12:00,8,15:00,19:00,8,False
F0210,8,REST,,,,,,,,False
F0210,9,WORK,F3,09:00,13:00,9,15:00,19:00,9,False
F0210,10,WORK,F3,09:00,13:00,4,15:00,19:00,8,True
F0211,1,WORK,F2,08:00,12:00,6,15:00,19:00,6,False
F0211,2,WORK,F2,08:00,12:00,9,15:00,19:00,9,False
F0211,3,WORK,F2,08:00,12:00,6,15:00,19:00,6,False
F0211,4,WORK,F2,08:00,12:00,8,15:00,19:00,8,False
F0211,5,WORK,F2,08:00,12:00,9,15:00,19:00,9,False
F0211,6,REST,,,,,,,,False
F0211,7,WORK,F2,08:00,12:00,9,15:00,19:00,9,False
F0211,8,REST,,,,,,,,False
F0211,9,WORK,F3,09:00,13:00,9,15:00,19:00,9,False
F0211,10,WORK,F3,09:00,13:00,4,15:00,19:00,8,True
F0212,1,WORK,F2,08:00,12:00,6,15:00,19:00,6,False
F0212,2,WORK,F2,08:00,12:00,9,15:00,19:00,9,False
F0212,3,WORK,F2,08:00,12:00,6,15:00,19:00,6,False
F0212,4,WORK,F2,08:00,12:00,8,15:00,19:00,8,False
F0212,5,WORK,F2,08:00,12:00,9,15:00,19:00,9,False
F0212,6,REST,,,,,,,,False
F0212,7,WORK,F2,08:00,12:00,9,15:00,19:00,9,False
F0212,8,REST,,,,,,,,False
F0212,9,WORK,F3,09:00,13:00,9,15:00,19:00,9,False
F0212,10,WORK,F3,09:00,13:00,4,15:00,19:00,8,True
F0213,1,WORK,F2,08:00,12:00,6,15:00,19:00,6,False
F0213,2,WORK,F2,08:00,12:00,9,15:00,19:00,9,False
F0213,3,WORK,F2,08:00,12:00,7,15:00,19:00,2,True
F0213,4,WORK,F2,08:00,12:00,8,15:00,19:00,8,False
F0213,5,WORK,F2,08:00,12:00,9,15:00,19:00,9,False
F0213,6,REST,,,,,,,,False
F0213,7,WORK,F2,08:00,12:00,9,15:00,19:00,9,False
F0213,8,REST,,,,,,,,False
F0213,9,WORK,F3,09:00,13:00,9,15:00,19:00,9,False
F0213,10,WORK,F3,09:00,13:00,4,15:00,19:00,8,True
F0214,1,WORK,F2,08:00,12:00,6,15:00,19:00,6,False
F0214,2,WORK,F2,08:00,12:00,9,15:00,19:00,9,False
F0214,3,WORK,F2,08:00,12:00,7,15:00,19:00,2,True
F0214,4,WORK,F2,08:00,12:00,8,15:00,19:00,8,False
F0214,5,WORK,F2,08:00,12:00,9,15:00,19:00,9,False
F0214,6,REST,,,,,,,,False
F0214,7,WORK,F2,08:00,12:00,9,15:00,19:00,9,False
F0214,8,REST,,,,,,,,False
F0214,9,WORK,F3,09:00,13:00,9,15:00,19:00,9,False
F0214,10,WORK,F3,09:00,13:00,4,15:00,19:00,9,True
F0215,1,WORK,F2,08:00,12:00,6,15:00,19:00,6,False
F0215,2,WORK,F2,08:00,12:00,9,15:00,19:00,9,False
F0215,3,WORK,F2,08:00,12:00,7,15:00,19:00,2,True
F0215,4,WORK,F2,08:00,12:00,9,15:00,19:00,9,False
F0215,5,WORK,F2,08:00,12:00,9,15:00,19:00,9,False
F0215,6,REST,,,,,,,,False
F0215,7,WORK,F2,08:00,12:00,9,15:00,19:00,9,False
F0215,8,REST,,,,,,,,False
F0215,9,WORK,F3,09:00,13:00,9,15:00,19:00,9,False
F0215,10,WORK,F3,09:00,13:00,4,15:00,19:00,9,True
F0216,1,WORK,F2,08:00,12:00,6,15:00,19:00,6,False
F0216,2,WORK,F2,08:00,12:00,9,15:00,19:00,9,False
F0216,3,WORK,F2,08:00,12:00,7,15:00,19:00,7,False
F0216,4,WORK,F2,08:00,12:00,9,15:00,19:00,9,False
F0216,5,WORK,F2,08:00,12:00,9,15:00,19:00,9,False
F0216,6,REST,,,,,,,,False
F0216,7,WORK,F2,08:00,12:00,9,15:00,19:00,9,False
F0216,8,WORK,F2,08:00,12:00,8,15:00,19:00,8,False
F0216,9,REST,,,,,,,,False
F0216,10,WORK,F3,09:00,13:00,7,15:00,19:00,7,False
F0217,1,WORK,F2,08:00,12:00,6,15:00,19:00,6,False
F0217,2,WORK,F2,08:00,12:00,9,15:00,19:00,9,False
F0217,3,WORK,F2,08:00,12:00,7,15:00,19:00,7,False
F0217,4,WORK,F2,08:00,12:00,9,15:00,19:00,9,False
F0217,5,WORK,F2,08:00,12:00,9,15:00,19:00,9,False
F0217,6,REST,,,,,,,,False
F0217,7,WORK,F2,08:00,12:00,9,15:00,19:00,9,False
F0217,8,WORK,F2,08:00,12:00,8,15:00,19:00,8,False
F0217,9,REST,,,,,,,,False
F0217,10,WORK,F3,09:00,13:00,8,15:00,19:00,8,False
F0218,1,WORK,F2,08:00,12:00,6,15:00,19:00,6,False
F0218,2,WORK,F2,08:00,12:00,9,15:00,19:00,9,False
F0218,3,WORK,F2,08:00,12:00,7,15:00,19:00,7,False
F0218,4,WORK,F2,08:00,12:00,9,15:00,19:00,9,False
F0218,5,WORK,F2,08:00,12:00,9,15:00,19:00,9,False
F0218,6,REST,,,,,,,,False
F0218,7,WORK,F2,08:00,12:00,9,15:00,19:00,9,False
F0218,8,WORK,F2,08:00,12:00,8,15:00,19:00,8,False
F0218,9,REST,,,,,,,,False
F0218,10,WORK,F3,09:00,13:00,9,15:00,19:00,9,False
F0219,1,WORK,F2,08:00,12:00,6,15:00,19:00,6,False
F0219,2,WORK,F2,08:00,12:00,9,15:00,19:00,9,False
F0219,3,WORK,F2,08:00,12:00,7,15:00,19:00,7,False
F0219,4,WORK,F2,08:00,12:00,9,15:00,19:00,9,False
F0219,5,WORK,F2,08:00,12:00,9,15:00,19:00,9,False
F0219,6,REST,,,,,,,,False
F0219,7,WORK,F2,08:00,12:00,9,15:00,19:00,9,False
F0219,8,WORK,F2,08:00,12:00,8,15:00,19:00,8,False
F0219,9,REST,,,,,,,,False
F0219,10,WORK,F3,09:00,13:00,9,15:00,19:00,9,False
F0220,1,WORK,F2,08:00,12:00,6,15:00,19:00,6,False
F0220,2,WORK,F2,08:00,12:00,9,15:00,19:00,9,False
F0220,3,WORK,F2,08:00,12:00,7,15:00,19:00,7,False
F0220,4,WORK,F2,08:00,12:00,9,15:00,19:00,9,False
F0220,5,WORK,F2,08:00,12:00,9,15:00,19:00,9,False
F0220,6,REST,,,,,,,,False
F0220,7,WORK,F2,08:00,12:00,9,15:00,19:00,9,False
F0220,8,WORK,F2,08:00,12:00,8,15:00,19:00,8,False
F0220,9,REST,,,,,,,,False
F0220,10,WORK,F3,09:00,13:00,9,15:00,19:00,9,False
F0221,1,WORK,F2,08:00,12:00,6,15:00,19:00,6,False
F0221,2,WORK,F2,08:00,12:00,9,15:00,19:00,9,False
F0221,3,WORK,F2,08:00,12:00,7,15:00,19:00,7,False
F0221,4,WORK,F2,08:00,12:00,9,15:00,19:00,9,False
F0221,5,WORK,F2,08:00,12:00,9,15:00,19:00,9,False
F0221,6,WORK,F2,08:00,12:00,10,15:00,19:00,10,False
F0221,7,WORK,F2,08:00,12:00,9,15:00,19:00,9,False
F0221,8,WORK,F2,08:00,12:00,8,15:00,19:00,8,False
F0221,9,REST,,,,,,,,False
F0221,10,REST,,,,,,,,False
F0222,1,WORK,F2,08:00,12:00,6,15:00,19:00,6,False
F0222,2,WORK,F2,08:00,12:00,9,15:00,19:00,9,False
F0222,3,WORK,F2,08:00,12:00,7,15:00,19:00,7,False
F0222,4,WORK,F2,08:00,12:00,9,15:00,19:00,9,False
F0222,5,WORK,F2,08:00,12:00,9,15:00,19:00,9,False
F0222,6,WORK,F2,08:00,12:00,10,15:00,19:00,10,False
F0222,7,WORK,F2,08:00,12:00,9,15:00,19:00,9,False
F0222,8,WORK,F2,08:00,12:00,8,15:00,19:00,8,False
F0222,9,REST,,,,,,,,False
F0222,10,REST,,,,,,,,False
F0223,1,WORK,F2,08:00,12:00,6,15:00,19:00,6,False
F0223,2,WORK,F2,08:00,12:00,9,15:00,19:00,9,False
F0223,3,WORK,F2,08:00,12:00,7,15:00,19:00,7,False
F0223,4,WORK,F2,08:00,12:00,9,15:00,19:00,9,False
F0223,5,WORK,F2,08:00,12:00,9,15:00,19:00,9,False
F0223,6,WORK,F2,08:00,12:00,10,15:00,19:00,10,False
F0223,7,WORK,F2,08:00,12:00,9,15:00,19:00,9,False
F0223,8,WORK,F2,08:00,12:00,8,15:00,19:00,8,False
F0223,9,REST,,,,,,,,False
F0223,10,REST,,,,,,,,False
F0224,1,WORK,F2,08:00,12:00,6,15:00,19:00,6,False
F0224,2,WORK,F2,08:00,12:00,9,15:00,19:00,9,False
F0224,3,WORK,F2,08:00,12:00,7,15:00,19:00,7,False
F0224,4,WORK,F2,08:00,12:00,9,15:00,19:00,9,False
F0224,5,WORK,F2,08:00,12:00,9,15:00,19:00,9,False
F0224,6,WORK,F2,08:00,12:00,10,15:00,19:00,10,False
F0224,7,WORK,F2,08:00,12:00,9,15:00,19:00,9,False
F0224,8,WORK,F2,08:00,12:00,8,15:00,19:00,8,False
F0224,9,REST,,,,,,,,False
F0224,10,REST,,,,,,,,False
F0225,1,WORK,F2,08:00,12:00,7,15:00,19:00,7,False
F0225,2,WORK,F2,08:00,12:00,9,15:00,19:00,9,False
F0225,3,WORK,F2,08:00,12:00,7,15:00,19:00,7,False
F0225,4,WORK,F2,08:00,12:00,9,15:00,19:00,9,False
F0225,5,WORK,F2,08:00,12:00,10,15:00,19:00,10,False
F0225,6,WORK,F2,08:00,12:00,10,15:00,19:00,10,False
F0225,7,WORK,F2,08:00,12:00,9,15:00,19:00,9,False
F0225,8,WORK,F2,08:00,12:00,8,15:00,19:00,8,False
F0225,9,REST,,,,,,,,False
F0225,10,REST,,,,,,,,False
F0226,1,WORK,F2,08:00,12:00,7,15:00,19:00,7,False
F0226,2,WORK,F2,08:00,12:00,9,15:00,19:00,9,False
F0226,3,WORK,F2,08:00,12:00,7,15:00,19:00,7,False
F0226,4,WORK,F2,08:00,12:00,9,15:00,19:00,9,False
F0226,5,WORK,F2,08:00,12:00,10,15:00,19:00,10,False
F0226,6,WORK,F2,08:00,12:00,10,15:00,19:00,10,False
F0226,7,WORK,F2,08:00,12:00,9,15:00,19:00,9,False
F0226,8,WORK,F2,08:00,12:00,8,15:00,19:00,8,False
F0226,9,REST,,,,,,,,False
F0226,10,REST,,,,,,,,False
F0227,1,WORK,F2,08:00,12:00,7,15:00,19:00,7,False
F0227,2,WORK,F2,08:00,12:00,9,15:00,19:00,9,False
F0227,3,WORK,F2,08:00,12:00,7,15:00,19:00,7,False
F0227,4,WORK,F2,08:00,12:00,9,15:00,19:00,9,False
F0227,5,WORK,F2,08:00,12:00,10,15:00,19:00,10,False
F0227,6,WORK,F2,08:00,12:00,10,15:00,19:00,10,False
F0227,7,WORK,F2,08:00,12:00,9,15:00,19:00,9,False
F0227,8,WORK,F2,08:00,12:00,9,15:00,19:00,3,True
F0227,9,REST,,,,,,,,False
F0227,10,REST,,,,,,,,False
F0228,1,WORK,F2,08:00,12:00,7,15:00,19:00,7,False
F0228,2,WORK,F2,08:00,12:00,9,15:00,19:00,9,False
F0228,3,WORK,F2,08:00,12:00,7,15:00,19:00,7,False
F0228,4,WORK,F2,08:00,12:00,9,15:00,19:00,9,False
F0228,5,WORK,F2,08:00,12:00,10,15:00,19:00,10,False
F0228,6,WORK,F2,08:00,12:00,10,15:00,19:00,10,False
F0228,7,WORK,F2,08:00,12:00,10,15:00,19:00,10,False
F0228,8,WORK,F2,08:00,12:00,9,15:00,19:00,3,True
F0228,9,REST,,,,,,,,False
F0228,10,REST,,,,,,,,False
F0229,1,WORK,F2,08:00,12:00,7,15:00,19:00,7,False
F0229,2,WORK,F2,08:00,12:00,9,15:00,19:00,9,False
F0229,3,WORK,F2,08:00,12:00,7,15:00,19:00,7,False
F0229,4,WORK,F2,08:00,12:00,9,15:00,19:00,9,False
F0229,5,WORK,F2,08:00,12:00,10,15:00,19:00,10,False
F0229,6,WORK,F2,08:00,12:00,10,15:00,19:00,10,False
F0229,7,WORK,F2,08:00,12:00,10,15:00,19:00,10,False
F0229,8,WORK,F2,08:00,12:00,9,15:00,19:00,9,False
F0229,9,REST,,,,,,,,False
F0229,10,REST,,,,,,,,False
F0230,1,WORK,F2,08:00,12:00,7,15:00,19:00,7,False
F0230,2,WORK,F2,08:00,12:00,9,15:00,19:00,9,False
F0230,3,WORK,F2,08:00,12:00,7,15:00,19:00,7,False
F0230,4,WORK,F2,08:00,12:00,9,15:00,19:00,9,False
F0230,5,WORK,F2,08:00,12:00,10,15:00,19:00,10,False
F0230,6,WORK,F3,09:00,13:00,1,15:00,19:00,1,False
F0230,7,WORK,F2,08:00,12:00,10,15:00,19:00,10,False
F0230,8,WORK,F2,08:00,12:00,9,15:00,19:00,9,False
F0230,9,REST,,,,,,,,False
F0230,10,REST,,,,,,,,False
F0231,1,WORK,F2,08:00,12:00,7,15:00,19:00,7,False
F0231,2,WORK,F2,08:00,12:00,10,15:00,19:00,4,True
F0231,3,WORK,F2,08:00,12:00,7,15:00,19:00,7,False
F0231,4,WORK,F2,08:00,12:00,9,15:00,19:00,9,False
F0231,5,WORK,F2,08:00,12:00,10,15:00,19:00,10,False
F0231,6,WORK,F3,09:00,13:00,1,15:00,19:00,1,False
F0231,7,WORK,F2,08:00,12:00,10,15:00,19:00,10,False
F0231,8,WORK,F2,08:00,12:00,9,15:00,19:00,9,False
F0231,9,REST,,,,,,,,False
F0231,10,REST,,,,,,,,False
F0232,1,WORK,F2,08:00,12:00,7,15:00,19:00,7,False
F0232,2,WORK,F2,08:00,12:00,10,15:00,19:00,4,True
F0232,3,WORK,F2,08:00,12:00,7,15:00,19:00,7,False
F0232,4,WORK,F2,08:00,12:00,9,15:00,19:00,9,False
F0232,5,WORK,F2,08:00,12:00,10,15:00,19:00,10,False
F0232,6,WORK,F3,09:00,13:00,1,15:00,19:00,1,False
F0232,7,WORK,F2,08:00,12:00,10,15:00,19:00,10,False
F0232,8,WORK,F2,08:00,12:00,9,15:00,19:00,9,False
F0232,9,REST,,,,,,,,False
F0232,10,REST,,,,,,,,False
F0233,1,WORK,F2,08:00,12:00,7,15:00,19:00,7,False
F0233,2,WORK,F2,08:00,12:00,10,15:00,19:00,7,True
F0233,3,WORK,F2,08:00,12:00,7,15:00,19:00,7,False
F0233,4,WORK,F2,08:00,12:00,9,15:00,19:00,10,True
F0233,5,WORK,F2,08:00,12:00,10,15:00,19:00,10,False
F0233,6,WORK,F3,09:00,13:00,1,15:00,19:00,1,False
F0233,7,WORK,F2,08:00,12:00,10,15:00,19:00,10,False
F0233,8,WORK,F2,08:00,12:00,9,15:00,19:00,9,False
F0233,9,REST,,,,,,,,False
F0233,10,REST,,,,,,,,False
F0234,1,WORK,F2,08:00,12:00,7,15:00,19:00,7,False
F0234,2,WORK,F2,08:00,12:00,10,15:00,19:00,7,True
F0234,3,WORK,F2,08:00,12:00,7,15:00,19:00,7,False
F0234,4,WORK,F2,08:00,12:00,9,15:00,19:00,10,True
F0234,5,WORK,F2,08:00,12:00,10,15:00,19:00,10,False
F0234,6,WORK,F3,09:00,13:00,1,15:00,19:00,1,False
F0234,7,WORK,F2,08:00,12:00,10,15:00,19:00,10,False
F0234,8,WORK,F2,08:00,12:00,9,15:00,19:00,9,False
F0234,9,REST,,,,,,,,False
F0234,10,REST,,,,,,,,False
F0235,1,WORK,F2,08:00,12:00,7,15:00,19:00,7,False
F0235,2,WORK,F2,08:00,12:00,10,15:00,19:00,7,True
F0235,3,WORK,F2,08:00,12:00,7,15:00,19:00,7,False
F0235,4,WORK,F2,08:00,12:00,9,15:00,19:00,10,True
F0235,5,WORK,F2,08:00,12:00,10,15:00,19:00,10,False
F0235,6,WORK,F3,09:00,13:00,1,15:00,19:00,1,False
F0235,7,WORK,F2,08:00,12:00,10,15:00,19:00,10,False
F0235,8,WORK,F2,08:00,12:00,9,15:00,19:00,9,False
F0235,9,REST,,,,,,,,False
F0235,10,REST,,,,,,,,False
F0236,1,WORK,F2,08:00,12:00,7,15:00,19:00,7,False
F0236,2,WORK,F2,08:00,12:00,10,15:00,19:00,7,True
F0236,3,WORK,F2,08:00,12:00,7,15:00,19:00,7,False
F0236,4,WORK,F2,08:00,12:00,9,15:00,19:00,10,True
F0236,5,WORK,F2,08:00,12:00,10,15:00,19:00,10,False
F0236,6,WORK,F3,09:00,13:00,1,15:00,19:00,5,True
F0236,7,WORK,F2,08:00,12:00,10,15:00,19:00,10,False
F0236,8,WORK,F2,08:00,12:00,9,15:00,19:00,9,False
F0236,9,REST,,,,,,,,False
F0236,10,REST,,,,,,,,False
F0237,1,WORK,F2,08:00,12:00,7,15:00,19:00,7,False
F0237,2,WORK,F2,08:00,12:00,10,15:00,19:00,7,True
F0237,3,WORK,F2,08:00,12:00,7,15:00,19:00,7,False
F0237,4,WORK,F2,08:00,12:00,9,15:00,19:00,10,True
F0237,5,WORK,F2,08:00,12:00,10,15:00,19:00,10,False
F0237,6,WORK,F3,09:00,13:00,1,15:00,19:00,5,True
F0237,7,WORK,F2,08:00,12:00,10,15:00,19:00,10,False
F0237,8,WORK,F2,08:00,12:00,9,15:00,19:00,9,False
F0237,9,REST,,,,,,,,False
F0237,10,REST,,,,,,,,False
F0238,1,WORK,F2,08:00,12:00,7,15:00,19:00,7,False
F0238,2,WORK,F2,08:00,12:00,10,15:00,19:00,7,True
F0238,3,WORK,F2,08:00,12:00,7,15:00,19:00,7,False
F0238,4,WORK,F2,08:00,12:00,10,15:00,19:00,10,False
F0238,5,WORK,F2,08:00,12:00,10,15:00,19:00,10,False
F0238,6,WORK,F3,09:00,13:00,1,15:00,19:00,8,True
F0238,7,WORK,F2,08:00,12:00,10,15:00,19:00,10,False
F0238,8,WORK,F2,08:00,12:00,9,15:00,19:00,9,False
F0238,9,REST,,,,,,,,False
F0238,10,REST,,,,,,,,False
F0239,1,WORK,F2,08:00,12:00,7,15:00,19:00,7,False
F0239,2,WORK,F2,08:00,12:00,10,15:00,19:00,7,True
F0239,3,WORK,F2,08:00,12:00,7,15:00,19:00,7,False
F0239,4,WORK,F2,08:00,12:00,10,15:00,19:00,10,False
F0239,5,WORK,F2,08:00,12:00,10,15:00,19:00,10,False
F0239,6,WORK,F3,09:00,13:00,1,15:00,19:00,8,True
F0239,7,WORK,F2,08:00,12:00,10,15:00,19:00,10,False
F0239,8,WORK,F2,08:00,12:00,9,15:00,19:00,9,False
F0239,9,REST,,,,,,,,False
F0239,10,REST,,,,,,,,False
F0240,1,WORK,F2,08:00,12:00,7,15:00,19:00,7,False
F0240,2,WORK,F2,08:00,12:00,10,15:00,19:00,7,True
F0240,3,WORK,F2,08:00,12:00,7,15:00,19:00,7,False
F0240,4,WORK,F2,08:00,12:00,10,15:00,19:00,10,False
F0240,5,WORK,F2,08:00,12:00,10,15:00,19:00,10,False
F0240,6,WORK,F3,09:00,13:00,1,15:00,19:00,8,True
F0240,7,WORK,F2,08:00,12:00,10,15:00,19:00,10,False
F0240,8,WORK,F2,08:00,12:00,10,15:00,19:00,10,False
F0240,9,REST,,,,,,,,False
F0240,10,REST,,,,,,,,False
F0241,1,WORK,F2,08:00,12:00,7,15:00,19:00,7,False
F0241,2,WORK,F2,08:00,12:00,10,15:00,19:00,10,False
F0241,3,WORK,F2,08:00,12:00,7,15:00,19:00,7,False
F0241,4,WORK,F2,08:00,12:00,10,15:00,19:00,10,False
F0241,5,WORK,F2,08:00,12:00,10,15:00,19:00,10,False
F0241,6,WORK,F3,09:00,13:00,1,15:00,19:00,8,True
F0241,7,WORK,F2,08:00,12:00,10,15:00,19:00,10,False
F0241,8,WORK,F2,08:00,12:00,10,15:00,19:00,10,False
F0241,9,REST,,,,,,,,False
F0241,10,REST,,,,,,,,False
F0242,1,WORK,F2,08:00,12:00,8,15:00,19:00,8,False
F0242,2,WORK,F2,08:00,12:00,10,15:00,19:00,10,False
F0242,3,WORK,F2,08:00,12:00,9,15:00,19:00,9,False
F0242,4,WORK,F2,08:00,12:00,10,15:00,19:00,10,False
F0242,5,WORK,F2,08:00,12:00,10,15:00,19:00,10,False
F0242,6,WORK,F3,09:00,13:00,1,15:00,19:00,8,True
F0242,7,WORK,F2,08:00,12:00,10,15:00,19:00,10,False
F0242,8,WORK,F2,08:00,12:00,10,15:00,19:00,10,False
F0242,9,REST,,,,,,,,False
F0242,10,REST,,,,,,,,False
F0243,1,WORK,F2,08:00,12:00,8,15:00,19:00,8,False
F0243,2,WORK,F2,08:00,12:00,10,15:00,19:00,10,False
F0243,3,WORK,F2,08:00,12:00,9,15:00,19:00,9,False
F0243,4,WORK,F2,08:00,12:00,10,15:00,19:00,10,False
F0243,5,WORK,F2,08:00,12:00,10,15:00,19:00,10,False
F0243,6,WORK,F3,09:00,13:00,1,15:00,19:00,8,True
F0243,7,WORK,F2,08:00,12:00,10,15:00,19:00,10,False
F0243,8,WORK,F2,08:00,12:00,10,15:00,19:00,10,False
F0243,9,REST,,,,,,,,False
F0243,10,REST,,,,,,,,False
F0244,1,WORK,F2,08:00,12:00,8,15:00,19:00,8,False
F0244,2,WORK,F2,08:00,12:00,10,15:00,19:00,10,False
F0244,3,WORK,F2,08:00,12:00,9,15:00,19:00,9,False
F0244,4,WORK,F2,08:00,12:00,10,15:00,19:00,10,False
F0244,5,WORK,F2,08:00,12:00,10,15:00,19:00,10,False
F0244,6,WORK,F3,09:00,13:00,1,15:00,19:00,9,True
F0244,7,WORK,F2,08:00,12:00,10,15:00,19:00,10,False
F0244,8,WORK,F2,08:00,12:00,10,15:00,19:00,10,False
F0244,9,REST,,,,,,,,False
F0244,10,REST,,,,,,,,False
F0245,1,WORK,F2,08:00,12:00,8,15:00,19:00,8,False
F0245,2,WORK,F2,08:00,12:00,10,15:00,19:00,10,False
F0245,3,WORK,F2,08:00,12:00,10,15:00,19:00,5,True
F0245,4,WORK,F3,09:00,13:00,4,15:00,19:00,4,False
F0245,5,WORK,F2,08:00,12:00,10,15:00,19:00,10,False
F0245,6,WORK,F3,09:00,13:00,1,15:00,19:00,9,True
F0245,7,WORK,F2,08:00,12:00,10,15:00,19:00,10,False
F0245,8,WORK,F2,08:00,12:00,10,15:00,19:00,10,False
F0245,9,REST,,,,,,,,False
F0245,10,REST,,,,,,,,False
F0246,1,WORK,F2,08:00,12:00,8,15:00,19:00,8,False
F0246,2,WORK,F2,08:00,12:00,10,15:00,19:00,10,False
F0246,3,WORK,F2,08:00,12:00,10,15:00,19:00,5,True
F0246,4,WORK,F3,09:00,13:00,4,15:00,19:00,4,False
F0246,5,WORK,F2,08:00,12:00,10,15:00,19:00,10,False
F0246,6,WORK,F3,09:00,13:00,1,15:00,19:00,9,True
F0246,7,WORK,F2,08:00,12:00,10,15:00,19:00,10,False
F0246,8,WORK,F2,08:00,12:00,10,15:00,19:00,10,False
F0246,9,REST,,,,,,,,False
F0246,10,REST,,,,,,,,False
F0247,1,WORK,F2,08:00,12:00,8,15:00,19:00,8,False
F0247,2,WORK,F2,08:00,12:00,10,15:00,19:00,10,False
F0247,3,WORK,F2,08:00,12:00,10,15:00,19:00,5,True
F0247,4,WORK,F3,09:00,13:00,4,15:00,19:00,4,False
F0247,5,WORK,F2,08:00,12:00,10,15:00,19:00,10,False
F0247,6,WORK,F3,09:00,13:00,1,15:00,19:00,9,True
F0247,7,WORK,F2,08:00,12:00,10,15:00,19:00,10,False
F0247,8,WORK,F2,08:00,12:00,10,15:00,19:00,10,False
F0247,9,REST,,,,,,,,False
F0247,10,REST,,,,,,,,False
F0248,1,WORK,F2,08:00,12:00,10,15:00,19:00,10,False
F0248,2,WORK,F2,08:00,12:00,10,15:00,19:00,10,False
F0248,3,WORK,F2,08:00,12:00,10,15:00,19:00,5,True
F0248,4,WORK,F3,09:00,13:00,4,15:00,19:00,4,False
F0248,5,WORK,F2,08:00,12:00,10,15:00,19:00,10,False
F0248,6,WORK,F3,09:00,13:00,1,15:00,19:00,9,True
F0248,7,WORK,F2,08:00,12:00,10,15:00,19:00,10,False
F0248,8,WORK,F2,08:00,12:00,10,15:00,19:00,10,False
F0248,9,REST,,,,,,,,False
F0248,10,REST,,,,,,,,False
F0249,1,WORK,F2,08:00,12:00,10,15:00,19:00,10,False
F0249,2,WORK,F2,08:00,12:00,10,15:00,19:00,10,False
F0249,3,WORK,F2,08:00,12:00,10,15:00,19:00,5,True
F0249,4,WORK,F3,09:00,13:00,5,15:00,19:00,5,False
F0249,5,WORK,F2,08:00,12:00,10,15:00,19:00,10,False
F0249,6,WORK,F3,09:00,13:00,7,15:00,19:00,3,True
F0249,7,WORK,F2,08:00,12:00,10,15:00,19:00,10,False
F0249,8,WORK,F2,08:00,12:00,10,15:00,19:00,10,False
F0249,9,REST,,,,,,,,False
F0249,10,REST,,,,,,,,False
F0250,1,WORK,F2,08:00,12:00,10,15:00,19:00,10,False
F0250,2,WORK,F2,08:00,12:00,10,15:00,19:00,10,False
F0250,3,WORK,F2,08:00,12:00,10,15:00,19:00,5,True
F0250,4,WORK,F3,09:00,13:00,5,15:00,19:00,5,False
F0250,5,WORK,F2,08:00,12:00,10,15:00,19:00,10,False
F0250,6,WORK,F3,09:00,13:00,7,15:00,19:00,3,True
F0250,7,WORK,F2,08:00,12:00,10,15:00,19:00,10,False
F0250,8,WORK,F2,08:00,12:00,10,15:00,19:00,10,False
F0250,9,REST,,,,,,,,False
F0250,10,REST,,,,,,,,False
F0251,1,WORK,F2,08:00,12:00,10,15:00,19:00,10,False
F0251,2,WORK,F3,09:00,13:00,1,15:00,19:00,1,False
F0251,3,WORK,F2,08:00,12:00,10,15:00,19:00,5,True
F0251,4,WORK,F3,09:00,13:00,5,15:00,19:00,5,False
F0251,5,WORK,F2,08:00,12:00,10,15:00,19:00,10,False
F0251,6,WORK,F3,09:00,13:00,7,15:00,19:00,3,True
F0251,7,WORK,F2,08:00,12:00,10,15:00,19:00,10,False
F0251,8,WORK,F2,08:00,12:00,10,15:00,19:00,10,False
F0251,9,REST,,,,,,,,False
F0251,10,REST,,,,,,,,False
F0252,1,WORK,F2,08:00,12:00,10,15:00,19:00,10,False
F0252,2,WORK,F3,09:00,13:00,1,15:00,19:00,1,False
F0252,3,WORK,F2,08:00,12:00,10,15:00,19:00,5,True
F0252,4,WORK,F3,09:00,13:00,5,15:00,19:00,5,False
F0252,5,WORK,F2,08:00,12:00,10,15:00,19:00,10,False
F0252,6,WORK,F3,09:00,13:00,7,15:00,19:00,7,False
F0252,7,WORK,F2,08:00,12:00,10,15:00,19:00,10,False
F0252,8,WORK,F2,08:00,12:00,10,15:00,19:00,10,False
F0252,9,REST,,,,,,,,False
F0252,10,REST,,,,,,,,False
F0253,1,WORK,F2,08:00,12:00,10,15:00,19:00,10,False
F0253,2,WORK,F3,09:00,13:00,1,15:00,19:00,1,False
F0253,3,WORK,F2,08:00,12:00,10,15:00,19:00,10,False
F0253,4,WORK,F3,09:00,13:00,5,15:00,19:00,5,False
F0253,5,WORK,F2,08:00,12:00,10,15:00,19:00,10,False
F0253,6,WORK,F3,09:00,13:00,7,15:00,19:00,7,False
F0253,7,WORK,F3,09:00,13:00,6,15:00,19:00,4,True
F0253,8,WORK,F2,08:00,12:00,10,15:00,19:00,10,False
F0253,9,REST,,,,,,,,False
F0253,10,REST,,,,,,,,False
F0254,1,WORK,F2,08:00,12:00,10,15:00,19:00,10,False
F0254,2,WORK,F3,09:00,13:00,1,15:00,19:00,1,False
F0254,3,WORK,F2,08:00,12:00,10,15:00,19:00,10,False
F0254,4,WORK,F3,09:00,13:00,5,15:00,19:00,5,False
F0254,5,WORK,F2,08:00,12:00,10,15:00,19:00,10,False
F0254,6,WORK,F3,09:00,13:00,7,15:00,19:00,7,False
F0254,7,WORK,F3,09:00,13:00,6,15:00,19:00,4,True
F0254,8,WORK,F2,08:00,12:00,10,15:00,19:00,10,False
F0254,9,REST,,,,,,,,False
F0254,10,REST,,,,,,,,False
F0255,1,WORK,F2,08:00,12:00,10,15:00,19:00,10,False
F0255,2,WORK,F3,09:00,13:00,1,15:00,19:00,1,False
F0255,3,WORK,F2,08:00,12:00,10,15:00,19:00,10,False
F0255,4,WORK,F3,09:00,13:00,5,15:00,19:00,5,False
F0255,5,WORK,F3,09:00,13:00,1,15:00,19:00,1,False
F0255,6,WORK,F3,09:00,13:00,7,15:00,19:00,7,False
F0255,7,WORK,F3,09:00,13:00,6,15:00,19:00,4,True
F0255,8,WORK,F2,08:00,12:00,10,15:00,19:00,10,False
F0255,9,REST,,,,,,,,False
F0255,10,REST,,,,,,,,False
F0256,1,WORK,F2,08:00,12:00,10,15:00,19:00,10,False
F0256,2,WORK,F3,09:00,13:00,1,15:00,19:00,1,False
F0256,3,WORK,F2,08:00,12:00,10,15:00,19:00,10,False
F0256,4,WORK,F3,09:00,13:00,5,15:00,19:00,5,False
F0256,5,WORK,F3,09:00,13:00,2,15:00,19:00,2,False
F0256,6,WORK,F3,09:00,13:00,7,15:00,19:00,7,False
F0256,7,WORK,F3,09:00,13:00,6,15:00,19:00,4,True
F0256,8,WORK,F2,08:00,12:00,10,15:00,19:00,10,False
F0256,9,REST,,,,,,,,False
F0256,10,REST,,,,,,,,False
F0257,1,WORK,F2,08:00,12:00,10,15:00,19:00,10,False
F0257,2,WORK,F3,09:00,13:00,1,15:00,19:00,1,False
F0257,3,WORK,F2,08:00,12:00,10,15:00,19:00,10,False
F0257,4,WORK,F3,09:00,13:00,5,15:00,19:00,5,False
F0257,5,WORK,F3,09:00,13:00,2,15:00,19:00,2,False
F0257,6,WORK,F3,09:00,13:00,7,15:00,19:00,7,False
F0257,7,WORK,F3,09:00,13:00,6,15:00,19:00,4,True
F0257,8,WORK,F2,08:00,12:00,10,15:00,19:00,10,False
F0257,9,REST,,,,,,,,False
F0257,10,REST,,,,,,,,False
F0258,1,WORK,F2,08:00,12:00,10,15:00,19:00,10,False
F0258,2,WORK,F3,09:00,13:00,1,15:00,19:00,1,False
F0258,3,WORK,F2,08:00,12:00,10,15:00,19:00,10,False
F0258,4,WORK,F3,09:00,13:00,5,15:00,19:00,5,False
F0258,5,WORK,F3,09:00,13:00,6,15:00,19:00,6,False
F0258,6,WORK,F3,09:00,13:00,7,15:00,19:00,7,False
F0258,7,WORK,F3,09:00,13:00,6,15:00,19:00,4,True
F0258,8,WORK,F2,08:00,12:00,10,15:00,19:00,10,False
F0258,9,REST,,,,,,,,False
F0258,10,REST,,,,,,,,False
F0259,1,WORK,F2,08:00,12:00,10,15:00,19:00,10,False
F0259,2,WORK,F3,09:00,13:00,1,15:00,19:00,1,False
F0259,3,WORK,F2,08:00,12:00,10,15:00,19:00,10,False
F0259,4,WORK,F3,09:00,13:00,5,15:00,19:00,5,False
F0259,5,WORK,F3,09:00,13:00,6,15:00,19:00,6,False
F0259,6,WORK,F3,09:00,13:00,7,15:00,19:00,7,False
F0259,7,WORK,F3,09:00,13:00,6,15:00,19:00,4,True
F0259,8,WORK,F2,08:00,12:00,10,15:00,19:00,10,False
F0259,9,REST,,,,,,,,False
F0259,10,REST,,,,,,,,False
F0260,1,WORK,F2,08:00,12:00,10,15:00,19:00,10,False
F0260,2,WORK,F3,09:00,13:00,1,15:00,19:00,1,False
F0260,3,WORK,F2,08:00,12:00,10,15:00,19:00,10,False
F0260,4,WORK,F3,09:00,13:00,5,15:00,19:00,5,False
F0260,5,WORK,F3,09:00,13:00,6,15:00,19:00,6,False
F0260,6,WORK,F3,09:00,13:00,7,15:00,19:00,7,False
F0260,7,WORK,F3,09:00,13:00,7,15:00,19:00,7,False
F0260,8,WORK,F2,08:00,12:00,10,15:00,19:00,10,False
F0260,9,REST,,,,,,,,False
F0260,10,REST,,,,,,,,False
F0261,1,WORK,F2,08:00,12:00,10,15:00,19:00,10,False
F0261,2,WORK,F3,09:00,13:00,1,15:00,19:00,1,False
F0261,3,WORK,F2,08:00,12:00,10,15:00,19:00,10,False
F0261,4,WORK,F3,09:00,13:00,5,15:00,19:00,5,False
F0261,5,WORK,F3,09:00,13:00,6,15:00,19:00,6,False
F0261,6,WORK,F3,09:00,13:00,7,15:00,19:00,7,False
F0261,7,WORK,F3,09:00,13:00,8,15:00,19:00,8,False
F0261,8,WORK,F2,08:00,12:00,10,15:00,19:00,10,False
F0261,9,REST,,,,,,,,False
F0261,10,REST,,,,,,,,False
F0262,1,WORK,F2,08:00,12:00,10,15:00,19:00,10,False
F0262,2,WORK,F3,09:00,13:00,1,15:00,19:00,1,False
F0262,3,WORK,F2,08:00,12:00,10,15:00,19:00,10,False
F0262,4,WORK,F3,09:00,13:00,6,15:00,19:00,6,False
F0262,5,WORK,F3,09:00,13:00,6,15:00,19:00,6,False
F0262,6,WORK,F3,09:00,13:00,7,15:00,19:00,7,False
F0262,7,WORK,F3,09:00,13:00,8,15:00,19:00,8,False
F0262,8,WORK,F2,08:00,12:00,10,15:00,19:00,10,False
F0262,9,REST,,,,,,,,False
F0262,10,REST,,,,,,,,False
F0263,1,WORK,F2,08:00,12:00,10,15:00,19:00,10,False
F0263,2,WORK,F3,09:00,13:00,1,15:00,19:00,1,False
F0263,3,WORK,F2,08:00,12:00,10,15:00,19:00,10,False
F0263,4,WORK,F3,09:00,13:00,6,15:00,19:00,6,False
F0263,5,WORK,F3,09:00,13:00,6,15:00,19:00,6,False
F0263,6,WORK,F3,09:00,13:00,8,15:00,19:00,8,False
F0263,7,WORK,F3,09:00,13:00,8,15:00,19:00,8,False
F0263,8,WORK,F2,08:00,12:00,10,15:00,19:00,10,False
F0263,9,REST,,,,,,,,False
F0263,10,REST,,,,,,,,False
F0264,1,WORK,F2,08:00,12:00,10,15:00,19:00,10,False
F0264,2,WORK,F3,09:00,13:00,1,15:00,19:00,1,False
F0264,3,WORK,F2,08:00,12:00,10,15:00,19:00,10,False
F0264,4,WORK,F3,09:00,13:00,6,15:00,19:00,6,False
F0264,5,WORK,F3,09:00,13:00,6,15:00,19:00,6,False
F0264,6,WORK,F3,09:00,13:00,9,15:00,19:00,9,False
F0264,7,WORK,F3,09:00,13:00,8,15:00,19:00,8,False
F0264,8,WORK,F2,08:00,12:00,10,15:00,19:00,10,False
F0264,9,REST,,,,,,,,False
F0264,10,REST,,,,,,,,False
F0265,1,WORK,F2,08:00,12:00,10,15:00,19:00,10,False
F0265,2,WORK,F3,09:00,13:00,4,15:00,19:00,4,False
F0265,3,WORK,F2,08:00,12:00,10,15:00,19:00,10,False
F0265,4,WORK,F3,09:00,13:00,6,15:00,19:00,6,False
F0265,5,WORK,F3,09:00,13:00,6,15:00,19:00,6,False
F0265,6,WORK,F3,09:00,13:00,9,15:00,19:00,9,False
F0265,7,WORK,F3,09:00,13:00,8,15:00,19:00,8,False
F0265,8,WORK,F2,08:00,12:00,10,15:00,19:00,10,False
F0265,9,REST,,,,,,,,False
F0265,10,REST,,,,,,,,False
F0266,1,WORK,F3,09:00,13:00,8,15:00,19:00,8,False
F0266,2,WORK,F3,09:00,13:00,4,15:00,19:00,4,False
F0266,3,WORK,F2,08:00,12:00,10,15:00,19:00,10,False
F0266,4,WORK,F3,09:00,13:00,6,15:00,19:00,6,False
F0266,5,WORK,F3,09:00,13:00,6,15:00,19:00,6,False
F0266,6,WORK,F3,09:00,13:00,9,15:00,19:00,9,False
F0266,7,WORK,F3,09:00,13:00,8,15:00,19:00,8,False
F0266,8,WORK,F3,09:00,13:00,4,15:00,19:00,4,False
F0266,9,REST,,,,,,,,False
F0266,10,REST,,,,,,,,False
F0267,1,WORK,F3,09:00,13:00,8,15:00,19:00,8,False
F0267,2,WORK,F3,09:00,13:00,4,15:00,19:00,4,False
F0267,3,WORK,F3,09:00,13:00,4,15:00,19:00,4,False
F0267,4,WORK,F3,09:00,13:00,6,15:00,19:00,6,False
F0267,5,WORK,F3,09:00,13:00,6,15:00,19:00,6,False
F0267,6,WORK,F3,09:00,13:00,9,15:00,19:00,9,False
F0267,7,WORK,F3,09:00,13:00,8,15:00,19:00,8,False
F0267,8,WORK,F3,09:00,13:00,4,15:00,19:00,4,False
F0267,9,REST,,,,,,,,False
F0267,10,REST,,,,,,,,False
F0268,1,WORK,F3,09:00,13:00,8,15:00,19:00,8,False
F0268,2,WORK,F3,09:00,13:00,6,15:00,19:00,6,False
F0268,3,WORK,F3,09:00,13:00,8,15:00,19:00,8,False
F0268,4,WORK,F3,09:00,13:00,6,15:00,19:00,6,False
F0268,5,WORK,F3,09:00,13:00,6,15:00,19:00,6,False
F0268,6,WORK,F3,09:00,13:00,9,15:00,19:00,9,False
F0268,7,WORK,F3,09:00,13:00,8,15:00,19:00,8,False
F0268,8,WORK,F3,09:00,13:00,4,15:00,19:00,4,False
F0268,9,REST,,,,,,,,False
F0268,10,REST,,,,,,,,False
F0269,1,WORK,F3,09:00,13:00,8,15:00,19:00,8,False
F0269,2,WORK,F3,09:00,13:00,6,15:00,19:00,6,False
F0269,3,WORK,F3,09:00,13:00,8,15:00,19:00,8,False
F0269,4,WORK,F3,09:00,13:00,6,15:00,19:00,6,False
F0269,5,WORK,F3,09:00,13:00,6,15:00,19:00,6,False
F0269,6,WORK,F3,09:00,13:00,9,15:00,19:00,9,False
F0269,7,WORK,F3,09:00,13:00,8,15:00,19:00,8,False
F0269,8,WORK,F3,09:00,13:00,4,15:00,19:00,4,False
F0269,9,REST,,,,,,,,False
F0269,10,REST,,,,,,,,False
F0270,1,WORK,F3,09:00,13:00,8,15:00,19:00,8,False
F0270,2,WORK,F3,09:00,13:00,6,15:00,19:00,6,False
F0270,3,WORK,F3,09:00,13:00,8,15:00,19:00,8,False
F0270,4,WORK,F3,09:00,13:00,6,15:00,19:00,6,False
F0270,5,WORK,F3,09:00,13:00,6,15:00,19:00,6,False
F0270,6,WORK,F3,09:00,13:00,9,15:00,19:00,9,False
F0270,7,WORK,F3,09:00,13:00,8,15:00,19:00,8,False
F0270,8,WORK,F3,09:00,13:00,4,15:00,19:00,4,False
F0270,9,REST,,,,,,,,False
F0270,10,REST,,,,,,,,False
F0271,1,WORK,F3,09:00,13:00,9,15:00,19:00,9,False
F0271,2,WORK,F3,09:00,13:00,6,15:00,19:00,6,False
F0271,3,WORK,F3,09:00,13:00,8,15:00,19:00,8,False
F0271,4,WORK,F3,09:00,13:00,6,15:00,19:00,6,False
F0271,5,WORK,F3,09:00,13:00,6,15:00,19:00,6,False
F0271,6,WORK,F3,09:00,13:00,9,15:00,19:00,9,False
F0271,7,WORK,F3,09:00,13:00,8,15:00,19:00,8,False
F0271,8,WORK,F3,09:00,13:00,6,15:00,19:00,6,False
F0271,9,REST,,,,,,,,False
F0271,10,REST,,,,,,,,False
F0272,1,WORK,F3,09:00,13:00,9,15:00,19:00,9,False
F0272,2,WORK,F3,09:00,13:00,6,15:00,19:00,6,False
F0272,3,WORK,F3,09:00,13:00,8,15:00,19:00,8,False
F0272,4,WORK,F3,09:00,13:00,6,15:00,19:00,6,False
F0272,5,WORK,F3,09:00,13:00,6,15:00,19:00,6,False
F0272,6,WORK,F3,09:00,13:00,9,15:00,19:00,9,False
F0272,7,WORK,F3,09:00,13:00,8,15:00,19:00,8,False
F0272,8,WORK,F3,09:00,13:00,7,15:00,19:00,7,False
F0272,9,REST,,,,,,,,False
F0272,10,REST,,,,,,,,False
F0273,1,WORK,F3,09:00,13:00,9,15:00,19:00,9,False
F0273,2,WORK,F3,09:00,13:00,6,15:00,19:00,6,False
F0273,3,WORK,F3,09:00,13:00,8,15:00,19:00,8,False
F0273,4,WORK,F3,09:00,13:00,6,15:00,19:00,6,False
F0273,5,WORK,F3,09:00,13:00,6,15:00,19:00,6,False
F0273,6,WORK,F3,09:00,13:00,9,15:00,19:00,9,False
F0273,7,WORK,F3,09:00,13:00,8,15:00,19:00,8,False
F0273,8,WORK,F3,09:00,13:00,8,15:00,19:00,8,False
F0273,9,REST,,,,,,,,False
F0273,10,REST,,,,,,,,False
F0274,1,REST,,,,,,,,False
F0274,2,WORK,F3,09:00,13:00,6,15:00,19:00,6,False
F0274,3,WORK,F3,09:00,13:00,8,15:00,19:00,8,False
F0274,4,WORK,F3,09:00,13:00,6,15:00,19:00,6,False
F0274,5,WORK,F3,09:00,13:00,6,15:00,19:00,6,False
F0274,6,WORK,F3,09:00,13:00,9,15:00,19:00,9,False
F0274,7,WORK,F3,09:00,13:00,8,15:00,19:00,8,False
F0274,8,WORK,F3,09:00,13:00,9,15:00,19:00,9,False
F0274,9,WORK,F3,09:00,13:00,9,15:00,19:00,9,False
F0274,10,REST,,,,,,,,False
F0275,1,REST,,,,,,,,False
F0275,2,WORK,F3,09:00,13:00,6,15:00,19:00,6,False
F0275,3,WORK,F3,09:00,13:00,8,15:00,19:00,8,False
F0275,4,WORK,F3,09:00,13:00,6,15:00,19:00,6,False
F0275,5,WORK,F3,09:00,13:00,6,15:00,19:00,6,False
F0275,6,WORK,F3,09:00,13:00,9,15:00,19:00,9,False
F0275,7,WORK,F3,09:00,13:00,8,15:00,19:00,8,False
F0275,8,WORK,F3,09:00,13:00,9,15:00,19:00,9,False
F0275,9,WORK,F3,09:00,13:00,9,15:00,19:00,9,False
F0275,10,REST,,,,,,,,False
F0276,1,REST,,,,,,,,False
F0276,2,WORK,F3,09:00,13:00,6,15:00,19:00,6,False
F0276,3,WORK,F3,09:00,13:00,8,15:00,19:00,8,False
F0276,4,WORK,F3,09:00,13:00,6,15:00,19:00,6,False
F0276,5,WORK,F3,09:00,13:00,6,15:00,19:00,6,False
F0276,6,WORK,F3,09:00,13:00,9,15:00,19:00,9,False
F0276,7,WORK,F3,09:00,13:00,9,15:00,19:00,9,False
F0276,8,WORK,F3,09:00,13:00,9,15:00,19:00,9,False
F0276,9,WORK,F3,09:00,13:00,10,15:00,19:00,10,False
F0276,10,REST,,,,,,,,False
F0277,1,REST,,,,,,,,False
F0277,2,WORK,F3,09:00,13:00,6,15:00,19:00,6,False
F0277,3,WORK,F3,09:00,13:00,8,15:00,19:00,8,False
F0277,4,WORK,F3,09:00,13:00,10,15:00,19:00,10,False
F0277,5,WORK,F3,09:00,13:00,7,15:00,19:00,7,False
F0277,6,WORK,F3,09:00,13:00,9,15:00,19:00,9,False
F0277,7,WORK,F3,09:00,13:00,9,15:00,19:00,9,False
F0277,8,WORK,F3,09:00,13:00,10,15:00,19:00,8,True
F0277,9,WORK,F3,09:00,13:00,10,15:00,19:00,10,False
F0277,10,REST,,,,,,,,False
F0278,1,REST,,,,,,,,False
F0278,2,WORK,F3,09:00,13:00,6,15:00,19:00,6,False
F0278,3,WORK,F3,09:00,13:00,8,15:00,19:00,8,False
F0278,4,WORK,F3,09:00,13:00,10,15:00,19:00,10,False
F0278,5,WORK,F3,09:00,13:00,7,15:00,19:00,7,False
F0278,6,WORK,F3,09:00,13:00,9,15:00,19:00,9,False
F0278,7,WORK,F3,09:00,13:00,9,15:00,19:00,9,False
F0278,8,WORK,F3,09:00,13:00,10,15:00,19:00,8,True
F0278,9,WORK,F3,09:00,13:00,10,15:00,19:00,10,False
F0278,10,REST,,,,,,,,False
F0279,1,REST,,,,,,,,False
F0279,2,WORK,F3,09:00,13:00,6,15:00,19:00,6,False
F0279,3,WORK,F3,09:00,13:00,8,15:00,19:00,8,False
F0279,4,WORK,F3,09:00,13:00,10,15:00,19:00,10,False
F0279,5,WORK,F3,09:00,13:00,7,15:00,19:00,7,False
F0279,6,WORK,F3,09:00,13:00,9,15:00,19:00,9,False
F0279,7,WORK,F3,09:00,13:00,9,15:00,19:00,9,False
F0279,8,WORK,F3,09:00,13:00,10,15:00,19:00,8,True
F0279,9,WORK,F3,09:00,13:00,10,15:00,19:00,10,False
F0279,10,REST,,,,,,,,False
